province,sector_dir,subsector,hazard,file,sheet,label,description,weight_pct,relationship,domain
Central,Coconut,,Drought,Coconut_Drought.xlsx,Variables,H1,"No. of drought events - 1974 to 2022 (1974-2004, 25%, 2005 -2022, 75%)",50,+,hazard
Central,Coconut,,Drought,Coconut_Drought.xlsx,Variables,H2,Occurrence of warm days (TX90p),10,+,hazard
Central,Coconut,,Drought,Coconut_Drought.xlsx,Variables,H3,SPI (Intensity),40,+,hazard
Central,Coconut,,Drought,Coconut_Drought.xlsx,Variables,E1,Coconut  extent,25,+,exposure
Central,Coconut,,Drought,Coconut_Drought.xlsx,Variables,E2,No. of Coconut  farmers,30,+,exposure
Central,Coconut,,Drought,Coconut_Drought.xlsx,Variables,E3,Estate Sector population,20,+,exposure
Central,Coconut,,Drought,Coconut_Drought.xlsx,Variables,E4,% Coconut  extent from total agricultural lands,25,+,exposure
Central,Human Settlement,,Drought,Hu_Se_Drought.xlsx,Variables,H1,"No. of drought events - 1974 to 2022 (1974-2004, 25%, 2005 -2022, 75%)",40,+,hazard
Central,Human Settlement,,Drought,Hu_Se_Drought.xlsx,Variables,H2,Occurrence of warm days (TX90p),30,+,hazard
Central,Human Settlement,,Drought,Hu_Se_Drought.xlsx,Variables,H3,SPI (Intensity),30,+,hazard
Central,Human Settlement,,Drought,Hu_Se_Drought.xlsx,Variables,E1,Total Population,12,+,exposure
Central,Human Settlement,,Drought,Hu_Se_Drought.xlsx,Variables,E2,Population density,10,+,exposure
Central,Human Settlement,,Drought,Hu_Se_Drought.xlsx,Variables,E3,No. of housing units,10,+,exposure
Central,Human Settlement,,Drought,Hu_Se_Drought.xlsx,Variables,E4,Max # of drought affected People during 1974 to 2022,18,+,exposure
Central,Human Settlement,,Drought,Hu_Se_Drought.xlsx,Variables,E5,% area under urban classification,7,+,exposure
Central,Human Settlement,,Drought,Hu_Se_Drought.xlsx,Variables,E6,% area under human settlements (Urban and rural),2,+,exposure
Central,Human Settlement,,Drought,Hu_Se_Drought.xlsx,Variables,E7,% HH with pipe borne water,6,-,exposure
Central,Human Settlement,,Drought,Hu_Se_Drought.xlsx,Variables,E8,No. of no proper sanitation facilities,5,+,exposure
Central,Human Settlement,,Drought,Hu_Se_Drought.xlsx,Variables,E9,% Roofs consist of Galvanize Sheets,5,+,exposure
Central,Human Settlement,,Drought,Hu_Se_Drought.xlsx,Variables,E10,% surface area of water bodies within DS area,3,-,exposure
Central,Human Settlement,,Drought,Hu_Se_Drought.xlsx,Variables,E11,% of temporary houses,7,+,exposure
Central,Human Settlement,,Drought,Hu_Se_Drought.xlsx,Variables,E12,Human Animal Attacks,15,+,exposure
Central,Human Settlement,,Flood,Hu_Se_Flood.xlsx,Variabls,H1,"No. of Flood events - 1974 to 2023 (1974-2004, 25%, 2005 -2023, 75%)",40,+,hazard
Central,Human Settlement,,Flood,Hu_Se_Flood.xlsx,Variabls,H2,Very wet days (95th percentile) and 3 day cumulative rain fall (out of 35 - 40% for very wet days and 60% for 3 day cumulative respectively),30,+,hazard
Central,Human Settlement,,Flood,Hu_Se_Flood.xlsx,Variabls,H3,Strong wind events - 1978 to 2023,20,+,hazard
Central,Human Settlement,,Flood,Hu_Se_Flood.xlsx,Variabls,H4,No. of lightning incidents  - 1974 to 2023,10,+,hazard
Central,Human Settlement,,Flood,Hu_Se_Flood.xlsx,Variabls,E1,Population density,25,+,exposure
Central,Human Settlement,,Flood,Hu_Se_Flood.xlsx,Variabls,E2,"Max # of flood affected People during  1974 to 2023 (1974-2004, 25%, 2005 -2023, 75%)",50,+,exposure
Central,Human Settlement,,Flood,Hu_Se_Flood.xlsx,Variabls,E3,Total area classified as urban,25,+,exposure
Central,Human Settlement,,Landslide,Hu_Se_Landslide.xlsx,Varibles,H1,Landslide  events (1974 - 2023),50,+,hazard
Central,Human Settlement,,Landslide,Hu_Se_Landslide.xlsx,Varibles,H2,Very wet days (95th percentile) and 3 day cumulative rain fall (out of 35 - 40% for very wet days and 60% for 3 day cumulative respectively),40,+,hazard
Central,Human Settlement,,Landslide,Hu_Se_Landslide.xlsx,Varibles,H3,Cutting failures (2000 - 2023),10,+,hazard
Central,Human Settlement,,Landslide,Hu_Se_Landslide.xlsx,Varibles,E1,No. of buildings in landslide prone area (high and moderate),50,+,exposure
Central,Human Settlement,,Landslide,Hu_Se_Landslide.xlsx,Varibles,E2,Landslide prone Human Settlements,10,+,exposure
Central,Human Settlement,,Landslide,Hu_Se_Landslide.xlsx,Varibles,E3,Total of  Landslide  affected area (High and Moderate),5,+,exposure
Central,Human Settlement,,Landslide,Hu_Se_Landslide.xlsx,Varibles,E4,Max # of landslide affected People during 1974 to 2023,10,+,exposure
Central,Human Settlement,,Landslide,Hu_Se_Landslide.xlsx,Varibles,E5,landslide affected  road length,10,+,exposure
Central,Human Settlement,,Landslide,Hu_Se_Landslide.xlsx,Varibles,E6,Road Density,5,-,exposure
Central,Human Settlement,,Landslide,Hu_Se_Landslide.xlsx,Varibles,E7,Schools  in landslide prone area (high and moderate),5,+,exposure
Central,Human Settlement,,Landslide,Hu_Se_Landslide.xlsx,Varibles,E8,No. of Public hospitals,5,-,exposure
Central,Industry,,Drought,Industry_Drought.xlsx,Variables,H1,"No. of drought events - 1974 to 2022 (1974 -2004, 25%, 2005 -2022, 75%)",50,+,hazard
Central,Industry,,Drought,Industry_Drought.xlsx,Variables,H2,Occurrence of warm days (TX90p),10,+,hazard
Central,Industry,,Drought,Industry_Drought.xlsx,Variables,H3,SPI (Intensity),40,+,hazard
Central,Industry,,Drought,Industry_Drought.xlsx,Variables,E1,Total establishments in  manufacturing Industries,10,+,exposure
Central,Industry,,Drought,Industry_Drought.xlsx,Variables,E2,Total No. of Industrial establishments (small and informal industries),5,+,exposure
Central,Industry,,Drought,Industry_Drought.xlsx,Variables,E3,Max # of drought affected People during1974 to 2022,10,+,exposure
Central,Industry,,Drought,Industry_Drought.xlsx,Variables,E4,Persons engaged in manufacture of food products industries,10,+,exposure
Central,Industry,,Drought,Industry_Drought.xlsx,Variables,E5,Persons engaged in manufacture of beverages industries,10,+,exposure
Central,Industry,,Drought,Industry_Drought.xlsx,Variables,E6,Total Persons engaged (small and informal industries),5,+,exposure
Central,Industry,,Drought,Industry_Drought.xlsx,Variables,E7,"No. of industries in Food, Beverages & tobacco",10,+,exposure
Central,Industry,,Drought,Industry_Drought.xlsx,Variables,E8,Persons engaged in manufacture of dairy product industries,15,+,exposure
Central,Industry,,Drought,Industry_Drought.xlsx,Variables,E9,Accommodation and food service activities- No. Establishments,15,+,exposure
Central,Industry,,Drought,Industry_Drought.xlsx,Variables,E10,Accommodation and food service activities- No. Persons Engaged,10,+,exposure
Central,Industry,,Flood,Industry_Flood.xlsx,Variables,H1,"No. of Flood events - 1974 to 2023 (1974-2004, 25%, 2005 -2023, 75%)",40,+,hazard
Central,Industry,,Flood,Industry_Flood.xlsx,Variables,H2,Very wet days (95th percentile) and 3 day cumulative rain fall (out of 35 - 40% for very wet days and 60% for 3 day cumulative respectively),30,+,hazard
Central,Industry,,Flood,Industry_Flood.xlsx,Variables,H3,Strong wind events - 1978 to 2023,20,+,hazard
Central,Industry,,Flood,Industry_Flood.xlsx,Variables,H4,No. of lightning incidents  - 1974 to 2023,10,+,hazard
Central,Industry,,Flood,Industry_Flood.xlsx,Variables,E1,Total establishments in  manufacturing Industries,10,+,exposure
Central,Industry,,Flood,Industry_Flood.xlsx,Variables,E2,Total No. of Mining & Quarrying industries,10,+,exposure
Central,Industry,,Flood,Industry_Flood.xlsx,Variables,E3,Total No. of Industrial establishments (small and informal industries),10,+,exposure
Central,Industry,,Flood,Industry_Flood.xlsx,Variables,E4,"Max # of flood affected People during  1974 to 2023 (1974-2004, 25%, 2005 -2023, 75%)",10,+,exposure
Central,Industry,,Flood,Industry_Flood.xlsx,Variables,E6,Total Persons engaged (small and informal industries),10,+,exposure
Central,Industry,,Flood,Industry_Flood.xlsx,Variables,E7,"Persons engaged in processing and preserving of fish, crustaceans and mollusks industries",20,+,exposure
Central,Industry,,Flood,Industry_Flood.xlsx,Variables,E8,Persons engaged in manufacture of dairy product industries,10,+,exposure
Central,Industry,,Flood,Industry_Flood.xlsx,Variables,E9,Accommodation and food service activities- No. Establishments,10,+,exposure
Central,Industry,,Flood,Industry_Flood.xlsx,Variables,E10,Accommodation and food service activities- No. Persons Engaged,10,+,exposure
Central,Inland Fishery,,Drought,Inland_Fishery_Drought.xlsx,Variables,H1,"No. of drought events - 1974 to 2022 (1974-2004, 25%, 2005 -2022, 75%)",60,+,hazard
Central,Inland Fishery,,Drought,Inland_Fishery_Drought.xlsx,Variables,H2,Occurrence of warm days (TX90p),10,+,hazard
Central,Inland Fishery,,Drought,Inland_Fishery_Drought.xlsx,Variables,H3,SPI (Intensity),30,+,hazard
Central,Inland Fishery,,Drought,Inland_Fishery_Drought.xlsx,Variables,E1,Fish Production (Kg),30,+,exposure
Central,Inland Fishery,,Drought,Inland_Fishery_Drought.xlsx,Variables,E2,No. of Fishermen,30,+,exposure
Central,Inland Fishery,,Drought,Inland_Fishery_Drought.xlsx,Variables,E3,Annual Fish Stocking (Kg),25,+,exposure
Central,Inland Fishery,,Drought,Inland_Fishery_Drought.xlsx,Variables,E4,Total_No.of Tanks active for Inland Fishery,15,+,exposure
Central,Inland Fishery,,Flood,Inland_Fishery_Flood.xlsx,Variables,H1,"No. of Flood events - 1974 to 2023 (1974-2004, 25%, 2005 -2023, 75%)",50,+,hazard
Central,Inland Fishery,,Flood,Inland_Fishery_Flood.xlsx,Variables,H2,Very wet days (95th percentile) and 3 day cumulative rain fall (out of 35 - 40% for very wet days and 60% for 3 day cumulative respectively),35,+,hazard
Central,Inland Fishery,,Flood,Inland_Fishery_Flood.xlsx,Variables,H3,Strong wind events - 1978 to 2023,10,+,hazard
Central,Inland Fishery,,Flood,Inland_Fishery_Flood.xlsx,Variables,H4,No. of lightning incidents  - 1974 to 2023,5,+,hazard
Central,Inland Fishery,,Flood,Inland_Fishery_Flood.xlsx,Variables,E1,Fish Production (Kg),30,+,exposure
Central,Inland Fishery,,Flood,Inland_Fishery_Flood.xlsx,Variables,E2,No. of Fishermen,30,+,exposure
Central,Inland Fishery,,Flood,Inland_Fishery_Flood.xlsx,Variables,E3,Annual Fish Stocking (Kg),25,+,exposure
Central,Inland Fishery,,Flood,Inland_Fishery_Flood.xlsx,Variables,E4,Total_No.of Tanks active for Inland Fishery,15,+,exposure
Central,Irrigation Water,,Drought,Irrigation_Water_Drought.xlsx,Var,H1,"No. of drought events - 1974 to 2022 (1974-2004, 25%, 2005 -2022, 75%)",60,+,hazard
Central,Irrigation Water,,Drought,Irrigation_Water_Drought.xlsx,Var,H2,Occurrence of warm days (TX90p),10,+,hazard
Central,Irrigation Water,,Drought,Irrigation_Water_Drought.xlsx,Var,H3,SPI (Intensity),30,+,hazard
Central,Irrigation Water,,Drought,Irrigation_Water_Drought.xlsx,Var,E1,% of total irrigated paddy area from total paddy extent,60,+,exposure
Central,Irrigation Water,,Drought,Irrigation_Water_Drought.xlsx,Var,E2,Farm households population,5,+,exposure
Central,Irrigation Water,,Drought,Irrigation_Water_Drought.xlsx,Var,E3,"Max # of drought affected People during 1974 to 2022 (1974 -2004, 25%, 2005 -2022, 75%)",20,+,exposure
Central,Irrigation Water,,Drought,Irrigation_Water_Drought.xlsx,Var,E4,No. of Existing Minor Irri. Schemes,15,+,exposure
Central,Irrigation Water,,Flood,Irrigation_Water_Flood.xlsx,Variables,H1,"No. of Flood events - 1974 to 2023 (1974-2004, 25%, 2005 -2023, 75%)",40,+,hazard
Central,Irrigation Water,,Flood,Irrigation_Water_Flood.xlsx,Variables,H2,Very wet days (95th percentile) and 3 day cumulative rain fall (out of 35 - 40% for very wet days and 60% for 3 day cumulative respectively),50,+,hazard
Central,Irrigation Water,,Flood,Irrigation_Water_Flood.xlsx,Variables,H3,Strong wind events - 1978 to 2023,5,+,hazard
Central,Irrigation Water,,Flood,Irrigation_Water_Flood.xlsx,Variables,H4,No. of lightning incidents  - 1974 to 2023,5,+,hazard
Central,Irrigation Water,,Flood,Irrigation_Water_Flood.xlsx,Variables,E1,% of total irrigated paddy area from total paddy extent,60,+,exposure
Central,Irrigation Water,,Flood,Irrigation_Water_Flood.xlsx,Variables,E2,Farm household's population,5,+,exposure
Central,Irrigation Water,,Flood,Irrigation_Water_Flood.xlsx,Variables,E3,"Max # of flood affected People during 1974 to 2023 (1974 -2004, 25%, 2005 -2023, 75%)",5,+,exposure
Central,Irrigation Water,,Flood,Irrigation_Water_Flood.xlsx,Variables,E4,No. of Existing Minor  Irri. Schemes,30,+,exposure
Central,Livestock,Buffalo,Drought,Buffalo_Drought.xlsx,Variables,H1,"No. of drought events - 1974 to 2022 (1974-2004, 25%, 2005 -2022, 75%)",40,+,hazard
Central,Livestock,Buffalo,Drought,Buffalo_Drought.xlsx,Variables,H2,Occurrence of warm days (TX90p),15,+,hazard
Central,Livestock,Buffalo,Drought,Buffalo_Drought.xlsx,Variables,H3,SPI (Intensity),45,+,hazard
Central,Livestock,Buffalo,Drought,Buffalo_Drought.xlsx,Variables,E1,Buffalo Population,20,+,exposure
Central,Livestock,Buffalo,Drought,Buffalo_Drought.xlsx,Variables,E2,# of Buffalo Farmers,20,+,exposure
Central,Livestock,Buffalo,Drought,Buffalo_Drought.xlsx,Variables,E3,Annual Mitch Buffalo Milk Production (l),40,+,exposure
Central,Livestock,Buffalo,Drought,Buffalo_Drought.xlsx,Variables,E4,% of Buffalo Farmers from total livestock operators,10,+,exposure
Central,Livestock,Buffalo,Drought,Buffalo_Drought.xlsx,Variables,E5,Pasture & Fodder Extent (Acre),10,+,exposure
Central,Livestock,Buffalo,Flood,Buffalo_Flood.xlsx,Variables,H1,"No. of Flood events - 1974 to 2023 (1974-2004, 25%, 2005 -2023, 75%)",45,+,hazard
Central,Livestock,Buffalo,Flood,Buffalo_Flood.xlsx,Variables,H2,Very wet days (95th percentile) and 3 day cumulative rain fall (out of 35 - 40% for very wet days and 60% for 3 day cumulative respectively),30,+,hazard
Central,Livestock,Buffalo,Flood,Buffalo_Flood.xlsx,Variables,H3,Strong wind events - 1978 to 2023,20,+,hazard
Central,Livestock,Buffalo,Flood,Buffalo_Flood.xlsx,Variables,H4,No. of lightning incidents  - 1974 to 2023,5,+,hazard
Central,Livestock,Buffalo,Flood,Buffalo_Flood.xlsx,Variables,E1,Buffalo Population,20,+,exposure
Central,Livestock,Buffalo,Flood,Buffalo_Flood.xlsx,Variables,E2,# of Buffalo Farmers,20,+,exposure
Central,Livestock,Buffalo,Flood,Buffalo_Flood.xlsx,Variables,E3,Annual Mitch Buffalo Milk Production (l),40,+,exposure
Central,Livestock,Buffalo,Flood,Buffalo_Flood.xlsx,Variables,E4,% of Buffalo Farmers from total livestock operators,5,+,exposure
Central,Livestock,Buffalo,Flood,Buffalo_Flood.xlsx,Variables,E5,Pasture & Fodder Extent (Acre),15,+,exposure
Central,Livestock,Cattle,Drought,Cattle_Drought.xlsx,Variables,H1,"No. of drought events - 1974 to 2022 (1974-2004, 25%, 2005 -2022, 75%)",40,+,hazard
Central,Livestock,Cattle,Drought,Cattle_Drought.xlsx,Variables,H2,Occurrence of warm days (TX90p),15,+,hazard
Central,Livestock,Cattle,Drought,Cattle_Drought.xlsx,Variables,H3,SPI (Intensity),45,+,hazard
Central,Livestock,Cattle,Drought,Cattle_Drought.xlsx,Variables,E1,Cattle Population,20,+,exposure
Central,Livestock,Cattle,Drought,Cattle_Drought.xlsx,Variables,E2,# of Cattle Farmers,20,+,exposure
Central,Livestock,Cattle,Drought,Cattle_Drought.xlsx,Variables,E3,Annual Milk Production (l),40,+,exposure
Central,Livestock,Cattle,Drought,Cattle_Drought.xlsx,Variables,E4,% Cattle Farmers from total livestock Operators,10,+,exposure
Central,Livestock,Cattle,Drought,Cattle_Drought.xlsx,Variables,E5,Pasture & Fodder Extent (Acre),10,+,exposure
Central,Livestock,Cattle,Flood,Cattle_Flood.xlsx,Variables,H1,"No. of Flood events - 1974 to 2023 (1974-2004, 25%, 2005 -2023, 75%)",45,+,hazard
Central,Livestock,Cattle,Flood,Cattle_Flood.xlsx,Variables,H2,Very wet days (95th percentile) and 3 day cumulative rain fall (out of 35 - 40% for very wet days and 60% for 3 day cumulative respectively),30,+,hazard
Central,Livestock,Cattle,Flood,Cattle_Flood.xlsx,Variables,H3,Strong wind events - 1978 to 2023,20,+,hazard
Central,Livestock,Cattle,Flood,Cattle_Flood.xlsx,Variables,H4,No. of lightning incidents  - 1974 to 2023,5,+,hazard
Central,Livestock,Cattle,Flood,Cattle_Flood.xlsx,Variables,E1,Cattle Population,20,+,exposure
Central,Livestock,Cattle,Flood,Cattle_Flood.xlsx,Variables,E2,# of Cattle Farmers,20,+,exposure
Central,Livestock,Cattle,Flood,Cattle_Flood.xlsx,Variables,E3,Annual Milk Production (l),40,+,exposure
Central,Livestock,Cattle,Flood,Cattle_Flood.xlsx,Variables,E4,% Cattle Farmers from total livestock Operators,5,+,exposure
Central,Livestock,Cattle,Flood,Cattle_Flood.xlsx,Variables,E5,Pasture & Fodder Extent (Acre),15,+,exposure
Central,Livestock,Goat,Drought,Goat_Drought.xlsx,Variables,H1,"No. of drought events - 1974 to 2022 (1974-2004, 25%, 2005 -2022, 75%)",40,+,hazard
Central,Livestock,Goat,Drought,Goat_Drought.xlsx,Variables,H2,Occurrence of warm days (TX90p),20,+,hazard
Central,Livestock,Goat,Drought,Goat_Drought.xlsx,Variables,H3,SPI (Intensity),40,+,hazard
Central,Livestock,Goat,Drought,Goat_Drought.xlsx,Variables,E1,Goat Population,25,+,exposure
Central,Livestock,Goat,Drought,Goat_Drought.xlsx,Variables,E2,# of Goat Farmers,10,+,exposure
Central,Livestock,Goat,Drought,Goat_Drought.xlsx,Variables,E3,Annual Milk Production (l),40,+,exposure
Central,Livestock,Goat,Drought,Goat_Drought.xlsx,Variables,E4,Annual Mutton Production (Kg),15,+,exposure
Central,Livestock,Goat,Drought,Goat_Drought.xlsx,Variables,E5,Pasture & Fodder Extent (Acre),10,+,exposure
Central,Livestock,Goat,Flood,Goat_Flood.xlsx,Variables,H1,"No. of Flood events - 1974 to 2023 (1974-2004, 25%, 2005 -2023, 75%)",40,+,hazard
Central,Livestock,Goat,Flood,Goat_Flood.xlsx,Variables,H2,Very wet days (95th percentile) and 3 day cumulative rain fall (out of 35 - 40% for very wet days and 60% for 3 day cumulative respectively),40,+,hazard
Central,Livestock,Goat,Flood,Goat_Flood.xlsx,Variables,H3,Strong wind events - 1978 to 2023,10,+,hazard
Central,Livestock,Goat,Flood,Goat_Flood.xlsx,Variables,H4,No. of lightning incidents  - 1974 to 2023,10,+,hazard
Central,Livestock,Goat,Flood,Goat_Flood.xlsx,Variables,E1,Goat Population,25,+,exposure
Central,Livestock,Goat,Flood,Goat_Flood.xlsx,Variables,E2,# of Goat Farmers,10,+,exposure
Central,Livestock,Goat,Flood,Goat_Flood.xlsx,Variables,E3,Annual Milk Production (l),40,+,exposure
Central,Livestock,Goat,Flood,Goat_Flood.xlsx,Variables,E4,Annual Mutton Production (Kg),15,+,exposure
Central,Livestock,Goat,Flood,Goat_Flood.xlsx,Variables,E5,Pasture & Fodder Extent (Acre),10,+,exposure
Central,Livestock,Pig Sheep,Drought,Pig_Sheep_Drought.xlsx,Variables,H1,"No. of drought events - 1974 to 2022 (1974-2004, 25%, 2005 -2022, 75%)",40,+,hazard
Central,Livestock,Pig Sheep,Drought,Pig_Sheep_Drought.xlsx,Variables,H2,Occurrence of warm days (TX90p),10,+,hazard
Central,Livestock,Pig Sheep,Drought,Pig_Sheep_Drought.xlsx,Variables,H3,SPI (Intensity),50,+,hazard
Central,Livestock,Pig Sheep,Drought,Pig_Sheep_Drought.xlsx,Variables,E1,Pig Population,20,+,exposure
Central,Livestock,Pig Sheep,Drought,Pig_Sheep_Drought.xlsx,Variables,E2,Sheep Population,20,+,exposure
Central,Livestock,Pig Sheep,Drought,Pig_Sheep_Drought.xlsx,Variables,E3,# of Pig Farmers,10,+,exposure
Central,Livestock,Pig Sheep,Drought,Pig_Sheep_Drought.xlsx,Variables,E4,# of Sheep Farmers,10,+,exposure
Central,Livestock,Pig Sheep,Drought,Pig_Sheep_Drought.xlsx,Variables,E5,Annual Pork Production (Kg),40,+,exposure
Central,Livestock,Pig Sheep,Flood,Pig_Sheep_Flood.xlsx,Variables,H1,"No. of Flood events - 1974 to 2023 (1974-2004, 25%, 2005 -2023, 75%)",50,+,hazard
Central,Livestock,Pig Sheep,Flood,Pig_Sheep_Flood.xlsx,Variables,H2,Very wet days (95th percentile) and 3 day cumulative rain fall (out of 35 - 40% for very wet days and 60% for 3 day cumulative respectively),35,+,hazard
Central,Livestock,Pig Sheep,Flood,Pig_Sheep_Flood.xlsx,Variables,H3,Strong wind events - 1978 to 2023,10,+,hazard
Central,Livestock,Pig Sheep,Flood,Pig_Sheep_Flood.xlsx,Variables,H4,No. of lightening incidents  - 1974 to 2023,5,+,hazard
Central,Livestock,Pig Sheep,Flood,Pig_Sheep_Flood.xlsx,Variables,E1,Pig Population,20,+,exposure
Central,Livestock,Pig Sheep,Flood,Pig_Sheep_Flood.xlsx,Variables,E2,Sheep Population,20,+,exposure
Central,Livestock,Pig Sheep,Flood,Pig_Sheep_Flood.xlsx,Variables,E3,# of Pig Farmers,10,+,exposure
Central,Livestock,Pig Sheep,Flood,Pig_Sheep_Flood.xlsx,Variables,E4,# of Sheep Farmers,10,+,exposure
Central,Livestock,Pig Sheep,Flood,Pig_Sheep_Flood.xlsx,Variables,E5,Annual Pork Production (Kg),40,+,exposure
Central,Livestock,Poultry,Drought,Poultry_Drought.xlsx,Variables,H1,"No. of drought events - 1974 to 2022 (1974-2004, 25%, 2005 -2022, 75%)",30,+,hazard
Central,Livestock,Poultry,Drought,Poultry_Drought.xlsx,Variables,H2,Occurrence of warm days (TX90p),50,+,hazard
Central,Livestock,Poultry,Drought,Poultry_Drought.xlsx,Variables,H3,SPI (Intensity),20,+,hazard
Central,Livestock,Poultry,Drought,Poultry_Drought.xlsx,Variables,E1,Poultry Population,40,+,exposure
Central,Livestock,Poultry,Drought,Poultry_Drought.xlsx,Variables,E2,# Poultry Farmers,20,+,exposure
Central,Livestock,Poultry,Drought,Poultry_Drought.xlsx,Variables,E3,Egg Production (Annual),30,+,exposure
Central,Livestock,Poultry,Drought,Poultry_Drought.xlsx,Variables,E4,% Poultry Farmers from total livestock farmers,10,+,exposure
Central,Livestock,Poultry,Flood,Poultry_Flood.xlsx,Variables,H1,"No. of Flood events - 1974 to 2023 (1974-2004, 25%, 2005 -2023, 75%)",50,+,hazard
Central,Livestock,Poultry,Flood,Poultry_Flood.xlsx,Variables,H2,Very wet days (95th percentile) and 3 day cumulative rain fall (out of 35 - 40% for very wet days and 60% for 3 day cumulative respectively),35,+,hazard
Central,Livestock,Poultry,Flood,Poultry_Flood.xlsx,Variables,H3,Strong wind events - 1978 to 2023,10,+,hazard
Central,Livestock,Poultry,Flood,Poultry_Flood.xlsx,Variables,H4,No. of lightning incidents  - 1974 to 2023,5,+,hazard
Central,Livestock,Poultry,Flood,Poultry_Flood.xlsx,Variables,E1,Poultry Population,40,+,exposure
Central,Livestock,Poultry,Flood,Poultry_Flood.xlsx,Variables,E2,# Poultry Farmers,20,+,exposure
Central,Livestock,Poultry,Flood,Poultry_Flood.xlsx,Variables,E3,Egg Production (Annual),30,+,exposure
Central,Livestock,Poultry,Flood,Poultry_Flood.xlsx,Variables,E4,% Poultry Farmers from total livestock farmers,10,+,exposure
Central,Paddy,,Drought,Paddy_Drought.xlsx,Var,H1,"No. of drought events - 1974 to 2022 (1974-2004, 25%, 2005 -2022, 75%)",50,+,hazard
Central,Paddy,,Drought,Paddy_Drought.xlsx,Var,H2,Occurrence of warm days (TX90p),10,+,hazard
Central,Paddy,,Drought,Paddy_Drought.xlsx,Var,H3,SPI (Intensity),40,+,hazard
Central,Paddy,,Drought,Paddy_Drought.xlsx,Var,E1,Total Aswedumized paddy  extent,45,+,exposure
Central,Paddy,,Drought,Paddy_Drought.xlsx,Var,E2,% paddy land area (from total land area),15,+,exposure
Central,Paddy,,Drought,Paddy_Drought.xlsx,Var,E3,"Max # of drought affected People during 1974 to 2022 (1974 -2004, 25%, 2005 -2022, 75%)",10,+,exposure
Central,Paddy,,Drought,Paddy_Drought.xlsx,Var,E4,No. of paddy farmers,10,+,exposure
Central,Paddy,,Drought,Paddy_Drought.xlsx,Var,E5,% of Paddy farmers from total  Agricultural Operators,5,+,exposure
Central,Paddy,,Drought,Paddy_Drought.xlsx,Var,E6,% rain-fed paddy lands,15,+,exposure
Central,Paddy,,Flood,Paddy_Flood.xlsx,Variables,H1,"No. of Flood events - 1974 to 2023 (1974-2004, 25%, 2005 -2023, 75%)",50,+,hazard
Central,Paddy,,Flood,Paddy_Flood.xlsx,Variables,H2,Very wet days (95th percentile) and 3 day cumulative rain fall (out of 35 - 40% for very wet days and 60% for 3 day cumulative respectively),35,+,hazard
Central,Paddy,,Flood,Paddy_Flood.xlsx,Variables,H3,Strong wind events - 1978 to 2023,10,+,hazard
Central,Paddy,,Flood,Paddy_Flood.xlsx,Variables,H4,No. of lightning incidents  - 1974 to 2023,5,+,hazard
Central,Paddy,,Flood,Paddy_Flood.xlsx,Variables,E1,Total Asweddumized paddy  extent,45,+,exposure
Central,Paddy,,Flood,Paddy_Flood.xlsx,Variables,E2,% paddy land area (from total land area),30,+,exposure
Central,Paddy,,Flood,Paddy_Flood.xlsx,Variables,E3,No. of paddy farmers,15,+,exposure
Central,Paddy,,Flood,Paddy_Flood.xlsx,Variables,E4,% of Paddy farmers from total  Agricultural Operators,10,+,exposure
Central,Potable Water,,Flood,Potable_Water_Flood.xlsx,Var,H1,"No. of Flood events - 1974 to 2023 (1974-2004, 25%, 2005 -2023, 75%)",50,+,hazard
Central,Potable Water,,Flood,Potable_Water_Flood.xlsx,Var,H2,Very wet days (95th percentile) and 3 day cumulative rain fall (out of 35 - 40% for very wet days and 60% for 3 day cumulative respectively),35,+,hazard
Central,Potable Water,,Flood,Potable_Water_Flood.xlsx,Var,H3,Strong wind events - 1978 to 2023,10,+,hazard
Central,Potable Water,,Flood,Potable_Water_Flood.xlsx,Var,H4,No. of lightning incidents  - 1974 to 2023,5,+,hazard
Central,Potable Water,,Flood,Potable_Water_Flood.xlsx,Var,E1,Total Population,10,+,exposure
Central,Potable Water,,Flood,Potable_Water_Flood.xlsx,Var,E2,% of  HH - Pipe born water,10,-,exposure
Central,Potable Water,,Flood,Potable_Water_Flood.xlsx,Var,E3,"Max # of flood affected People during 1974 to 2023 (1974 -2004, 25%, 2005 -2023, 75%)",30,+,exposure
Central,Potable Water,,Flood,Potable_Water_Flood.xlsx,Var,E4,No. of water intake points,20,+,exposure
Central,Potable Water,,Flood,Potable_Water_Flood.xlsx,Var,E5,% of HH fed  by wells,15,+,exposure
Central,Potable Water,,Flood,Potable_Water_Flood.xlsx,Var,E6,% of HH_Rural water supply project,15,+,exposure
Central,Potable Water,,Landslide,Potable_Water_Landslide.xlsx,Var,H1,Landslide  events (1974 - 2023),50,+,hazard
Central,Potable Water,,Landslide,Potable_Water_Landslide.xlsx,Var,H2,Very wet days (95th percentile) and 3 day cumulative rain fall (out of 35 - 40% for very wet days and 60% for 3 day cumulative respectively),30,+,hazard
Central,Potable Water,,Landslide,Potable_Water_Landslide.xlsx,Var,H3,Cutting failures &  Earth slips (2000 - 2023),20,+,hazard
Central,Potable Water,,Landslide,Potable_Water_Landslide.xlsx,Var,E1,Population density in DSD,15,+,exposure
Central,Potable Water,,Landslide,Potable_Water_Landslide.xlsx,Var,E2,Total buildings in landslide affected area,10,+,exposure
Central,Potable Water,,Landslide,Potable_Water_Landslide.xlsx,Var,E3,Total landslide affected area,10,+,exposure
Central,Potable Water,,Landslide,Potable_Water_Landslide.xlsx,Var,E4,% of landslide affected area,10,+,exposure
Central,Potable Water,,Landslide,Potable_Water_Landslide.xlsx,Var,E5,Max # of Landslide affected People during 1974 to 2023,20,+,exposure
Central,Potable Water,,Landslide,Potable_Water_Landslide.xlsx,Var,E6,No. of water intake points,10,+,exposure
Central,Potable Water,,Landslide,Potable_Water_Landslide.xlsx,Var,E7,% of HH fed  by wells,10,+,exposure
Central,Potable Water,,Landslide,Potable_Water_Landslide.xlsx,Var,E8,% of HH -  Rural water supply project,15,+,exposure
Central,Potable Water,,Drought,Potable_water_Drought.xlsx,Var,H1,"No. of drought events - 1974 to 2022 (1974-2004, 25%, 2005 -2022, 75%)",50,+,hazard
Central,Potable Water,,Drought,Potable_water_Drought.xlsx,Var,H2,Occurrence of warm days (TX90p),10,+,hazard
Central,Potable Water,,Drought,Potable_water_Drought.xlsx,Var,H3,SPI (Intensity),40,+,hazard
Central,Potable Water,,Drought,Potable_water_Drought.xlsx,Var,E1,Total Population,5,+,exposure
Central,Potable Water,,Drought,Potable_water_Drought.xlsx,Var,E2,% of HH - Pipe born water,5,-,exposure
Central,Potable Water,,Drought,Potable_water_Drought.xlsx,Var,E3,"Max # of Drought affected People during 1974 to 2022 (1974 -2004, 25%, 2005 -2022, 75%)",10,+,exposure
Central,Potable Water,,Drought,Potable_water_Drought.xlsx,Var,E4,No. of water intake points,30,+,exposure
Central,Potable Water,,Drought,Potable_water_Drought.xlsx,Var,E5,% HH fed  by wells,15,+,exposure
Central,Potable Water,,Drought,Potable_water_Drought.xlsx,Var,E6,% HH of Rural water supply project,25,+,exposure
Central,Potable Water,,Drought,Potable_water_Drought.xlsx,Var,E7,% of Water surface area,5,-,exposure
Central,Potable Water,,Drought,Potable_water_Drought.xlsx,Var,E8,% of forest cover,5,-,exposure
Central,Tea,,Drought,Tea_Drought.xlsx,Var,H1,"No. of drought events - 1974 to 2022 (1974-2004, 25%, 2005 -2022, 75%)",50,+,hazard
Central,Tea,,Drought,Tea_Drought.xlsx,Var,H2,Occurrence of warm days (TX90p),10,+,hazard
Central,Tea,,Drought,Tea_Drought.xlsx,Var,H3,SPI (Intensity),40,+,hazard
Central,Tea,,Drought,Tea_Drought.xlsx,Var,E1,Tea extent,50,+,exposure
Central,Tea,,Drought,Tea_Drought.xlsx,Var,E2,No. of Tea farmers,50,+,exposure
Central,Tea,,Flood,Tea_Flood.xlsx,Var,H1,"No. of Flood events - 1974 to 2023 (1974-2004, 25%, 2005 -2023, 75%)",50,+,hazard
Central,Tea,,Flood,Tea_Flood.xlsx,Var,H2,Very wet days (95th percentile) and 3 day cumulative rain fall (out of 35 - 40% for very wet days and 60% for 3 day cumulative respectively),35,+,hazard
Central,Tea,,Flood,Tea_Flood.xlsx,Var,H3,Strong wind events - 1978 to 2023,10,+,hazard
Central,Tea,,Flood,Tea_Flood.xlsx,Var,H4,No. of lightning incidents  - 1974 to 2023,5,+,hazard
Central,Tea,,Flood,Tea_Flood.xlsx,Var,E1,Tea extent,50,+,exposure
Central,Tea,,Flood,Tea_Flood.xlsx,Var,E2,No. of Tea farmers,50,+,exposure
Central,Tourism,,Drought,Tourism_Drought.xlsx,Var,H1,"No. of drought events - 1974 to 2022 (1974 -2004, 25%, 2005 -2022, 75%)",50,+,hazard
Central,Tourism,,Drought,Tourism_Drought.xlsx,Var,H2,Occurrence of warm days (TX90p),10,+,hazard
Central,Tourism,,Drought,Tourism_Drought.xlsx,Var,H3,SPI (Intensity),40,+,hazard
Central,Tourism,,Drought,Tourism_Drought.xlsx,Var,E1,Total hotels,20,+,exposure
Central,Tourism,,Drought,Tourism_Drought.xlsx,Var,E2,Accommodation and food service activities- No. of Establishments,20,+,exposure
Central,Tourism,,Drought,Tourism_Drought.xlsx,Var,E3,Accommodation and food service activities- No. of Persons Engaged,20,+,exposure
Central,Tourism,,Drought,Tourism_Drought.xlsx,Var,E4,"Arts, entertainment and recreation- No. of Establishments",20,+,exposure
Central,Tourism,,Drought,Tourism_Drought.xlsx,Var,E5,"Arts, entertainment and recreation- No. of Persons Engaged",20,+,exposure
Central,Tourism,,Flood,Tourism_Flood.xlsx,Var,H1,"No. of Flood events - 1974 to 2023 (1974-2004, 25%, 2005 -2023, 75%)",40,+,hazard
Central,Tourism,,Flood,Tourism_Flood.xlsx,Var,H2,Very wet days (95th percentile) and 3 day cumulative rain fall (out of 35 - 40% for very wet days and 60% for 3 day cumulative respectively),30,+,hazard
Central,Tourism,,Flood,Tourism_Flood.xlsx,Var,H3,Strong wind events - 1978 to 2023,20,+,hazard
Central,Tourism,,Flood,Tourism_Flood.xlsx,Var,H4,No. of lightning incidents  - 1974 to 2023,10,+,hazard
Central,Tourism,,Flood,Tourism_Flood.xlsx,Var,E1,Total hotels,20,+,exposure
Central,Tourism,,Flood,Tourism_Flood.xlsx,Var,E2,Accommodation and food service activities- No. of Establishments,20,+,exposure
Central,Tourism,,Flood,Tourism_Flood.xlsx,Var,E3,Accommodation and food service activities- No. of Persons Engaged,20,+,exposure
Central,Tourism,,Flood,Tourism_Flood.xlsx,Var,E4,"Arts, entertainment and recreation- No. of Establishments",20,+,exposure
Central,Tourism,,Flood,Tourism_Flood.xlsx,Var,E5,"Arts, entertainment and recreation- No. of Persons Engaged",20,+,exposure
Central,Transport,,Flood,Transport_Flood.xlsx,Var,H1,"No. of Flood events - 1974 to 2023 (1974-2004, 25%, 2005 -2023, 75%)",40,+,hazard
Central,Transport,,Flood,Transport_Flood.xlsx,Var,H2,Very wet days (95th percentile) and 3 day cumulative rain fall (out of 35 - 40% for very wet days and 60% for 3 day cumulative respectively),30,+,hazard
Central,Transport,,Flood,Transport_Flood.xlsx,Var,H3,Strong wind events - 1978 to 2023,20,+,hazard
Central,Transport,,Flood,Transport_Flood.xlsx,Var,H4,No. of lightning incidents  - 1974 to 2023,10,+,hazard
Central,Transport,,Flood,Transport_Flood.xlsx,Var,E1,Total main road length,25,+,exposure
Central,Transport,,Flood,Transport_Flood.xlsx,Var,E2,Total Secondary road length,25,+,exposure
Central,Transport,,Flood,Transport_Flood.xlsx,Var,E3,TotalTrack length,25,+,exposure
Central,Transport,,Flood,Transport_Flood.xlsx,Var,E4,Total railway length,25,+,exposure
Central,Transport,,Landslide,Transport_Landslide.xlsx,Var,H1,Landslide  events (1974 - 2023),30,+,hazard
Central,Transport,,Landslide,Transport_Landslide.xlsx,Var,H2,Very wet days (95th percentile) and 3 day cumulative rain fall (out of 35 - 40% for very wet days and 60% for 3 day cumulative respectively),30,+,hazard
Central,Transport,,Landslide,Transport_Landslide.xlsx,Var,H3,Cutting failures (2000 - 2023),40,+,hazard
Central,Transport,,Landslide,Transport_Landslide.xlsx,Var,E1,Landslide affected main road length,40,+,exposure
Central,Transport,,Landslide,Transport_Landslide.xlsx,Var,E2,Landslide affected Secondary road length,35,+,exposure
Central,Transport,,Landslide,Transport_Landslide.xlsx,Var,E3,Landslide affected Track length,10,+,exposure
Central,Transport,,Landslide,Transport_Landslide.xlsx,Var,E4,Landslide affected railway length,15,+,exposure
Central,Vegetables & Other Field Crops,,Drought,Vegetable_Other Field Crops_Drought.xlsx,Var,H1,"No. of drought events - 1974 to 2022 (1974-2004, 25%, 2005 -2022, 75%)",50,+,hazard
Central,Vegetables & Other Field Crops,,Drought,Vegetable_Other Field Crops_Drought.xlsx,Var,H2,Occurrence of warm days (TX90p),10,+,hazard
Central,Vegetables & Other Field Crops,,Drought,Vegetable_Other Field Crops_Drought.xlsx,Var,H3,SPI (Intensity),40,+,hazard
Central,Vegetables & Other Field Crops,,Drought,Vegetable_Other Field Crops_Drought.xlsx,Var,E1,Vegetables Extent,20,+,exposure
Central,Vegetables & Other Field Crops,,Drought,Vegetable_Other Field Crops_Drought.xlsx,Var,E2,Other Field Crops Extent,15,+,exposure
Central,Vegetables & Other Field Crops,,Drought,Vegetable_Other Field Crops_Drought.xlsx,Var,E3,"Max # of drought affected People during 1974 to 2022 (1974 -2004, 25%, 2005 -2022, 75%)",30,+,exposure
Central,Vegetables & Other Field Crops,,Drought,Vegetable_Other Field Crops_Drought.xlsx,Var,E4,#  Temporary Crop Operators,20,+,exposure
Central,Vegetables & Other Field Crops,,Drought,Vegetable_Other Field Crops_Drought.xlsx,Var,E5,% of Temporary Crop Operators from total  Agricultural Operators,15,+,exposure
Central,Vegetables & Other Field Crops,,Flood,Vegetable_Other Field Crops_Flood.xlsx,Var,H1,"No. of Flood events - 1974 to 2023 (1974-2004, 25%, 2005 -2023, 75%)",50,+,hazard
Central,Vegetables & Other Field Crops,,Flood,Vegetable_Other Field Crops_Flood.xlsx,Var,H2,Very wet days (95th percentile) and 3 day cumulative rain fall (out of 35 - 40% for very wet days and 60% for 3 day cumulative respectively),35,+,hazard
Central,Vegetables & Other Field Crops,,Flood,Vegetable_Other Field Crops_Flood.xlsx,Var,H3,Strong wind events - 1978 to 2023,10,+,hazard
Central,Vegetables & Other Field Crops,,Flood,Vegetable_Other Field Crops_Flood.xlsx,Var,H4,No. of lightning incidents  - 1974 to 2023,5,+,hazard
Central,Vegetables & Other Field Crops,,Flood,Vegetable_Other Field Crops_Flood.xlsx,Var,E1,Vegetables Extent,30,+,exposure
Central,Vegetables & Other Field Crops,,Flood,Vegetable_Other Field Crops_Flood.xlsx,Var,E2,Other Field Crops Extent,30,+,exposure
Central,Vegetables & Other Field Crops,,Flood,Vegetable_Other Field Crops_Flood.xlsx,Var,E3,#  Temporary Crop Operators,20,+,exposure
Central,Vegetables & Other Field Crops,,Flood,Vegetable_Other Field Crops_Flood.xlsx,Var,E4,% of Temporary Crop Operators from total  Agricultural Operators,20,+,exposure
Eastern,Coconut,,Drought,Coconut _drought_.xlsx,Var,H1,Drought Hazard  Index,100,+,hazard
Eastern,Coconut,,Drought,Coconut _drought_.xlsx,Var,E1,Coconut  extent,30,+,exposure
Eastern,Coconut,,Drought,Coconut _drought_.xlsx,Var,E2,No. of Coconut  farmers,20,+,exposure
Eastern,Coconut,,Drought,Coconut _drought_.xlsx,Var,E3,Total _Plants (Nos.),20,+,exposure
Eastern,Coconut,,Drought,Coconut _drought_.xlsx,Var,E4,Annual_Coco_Production (No. Mn),30,+,exposure
Eastern,Human Settlements,,Drought,Hu_Se_Drought_.xlsx,Var,H1,Drought Hazard Index,100,+,hazard
Eastern,Human Settlements,,Drought,Hu_Se_Drought_.xlsx,Var,E1,Total Population,16,+,exposure
Eastern,Human Settlements,,Drought,Hu_Se_Drought_.xlsx,Var,E2,Population density,8,+,exposure
Eastern,Human Settlements,,Drought,Hu_Se_Drought_.xlsx,Var,E3,No. of housing units,4,+,exposure
Eastern,Human Settlements,,Drought,Hu_Se_Drought_.xlsx,Var,E4,Max # of drought affected People during 1974 to 2022,15,+,exposure
Eastern,Human Settlements,,Drought,Hu_Se_Drought_.xlsx,Var,E5,% area under urban classification,7,+,exposure
Eastern,Human Settlements,,Drought,Hu_Se_Drought_.xlsx,Var,E6,% area under human settlements (Urban and rural),2,+,exposure
Eastern,Human Settlements,,Drought,Hu_Se_Drought_.xlsx,Var,E7,% of HH with pipe borne water,10,-,exposure
Eastern,Human Settlements,,Drought,Hu_Se_Drought_.xlsx,Var,E8,# of  no proper sanitation facilities,3,+,exposure
Eastern,Human Settlements,,Drought,Hu_Se_Drought_.xlsx,Var,E9,% of  Roofs consist of Galvanize Sheets,3,+,exposure
Eastern,Human Settlements,,Drought,Hu_Se_Drought_.xlsx,Var,E10,% surface area of water bodies within DS area,12,-,exposure
Eastern,Human Settlements,,Drought,Hu_Se_Drought_.xlsx,Var,E11,% of temporary houses,5,+,exposure
Eastern,Human Settlements,,Drought,Hu_Se_Drought_.xlsx,Var,E12,Human Animal Attacks,15,+,exposure
Eastern,Human Settlements,,Flood,Hu_Se_Flood_.xlsx,Var,H1,Flood Hazard Index,100,+,hazard
Eastern,Human Settlements,,Flood,Hu_Se_Flood_.xlsx,Var,E1,Population density,20,+,exposure
Eastern,Human Settlements,,Flood,Hu_Se_Flood_.xlsx,Var,E2,"Max # of flood affected People during  1974 to 2023 (1974-2004, 25%, 2005 -2023, 75%)",30,+,exposure
Eastern,Human Settlements,,Flood,Hu_Se_Flood_.xlsx,Var,E3,Total area classified as urban,10,+,exposure
Eastern,Human Settlements,,Flood,Hu_Se_Flood_.xlsx,Var,E4,% of Multi Storied Buildings,5,-,exposure
Eastern,Human Settlements,,Flood,Hu_Se_Flood_.xlsx,Var,E5,% of houses with vulnerable roofs (Cadjan/Palmirah Roofs),15,+,exposure
Eastern,Human Settlements,,Flood,Hu_Se_Flood_.xlsx,Var,E6,% HH with pipe borne water,15,-,exposure
Eastern,Human Settlements,,Flood,Hu_Se_Flood_.xlsx,Var,E7,# of Public hospitals,5,+,exposure
Eastern,Industry,,Flood,Industry_Flood_.xlsx,Var,H1,Flood Hazard  Index,100,+,hazard
Eastern,Industry,,Flood,Industry_Flood_.xlsx,Var,E1,Total establishments in  manufacturing Industries,10,+,exposure
Eastern,Industry,,Flood,Industry_Flood_.xlsx,Var,E2,Total No. of Mining & Quarrying industries,10,+,exposure
Eastern,Industry,,Flood,Industry_Flood_.xlsx,Var,E3,Total No. of Industrial establishments (small and informal industries),10,+,exposure
Eastern,Industry,,Flood,Industry_Flood_.xlsx,Var,E4,"Max # of flood affected People during  1974 to 2023 (1974-2004, 25%, 2005 -2023, 75%)",10,+,exposure
Eastern,Industry,,Flood,Industry_Flood_.xlsx,Var,E5,Total Persons engaged (small and informal industries),10,+,exposure
Eastern,Industry,,Flood,Industry_Flood_.xlsx,Var,E6,"Persons engaged in processing and preserving of fish, crustaceans and mollusks industries",20,+,exposure
Eastern,Industry,,Flood,Industry_Flood_.xlsx,Var,E7,Persons engaged in manufacture of dairy product industries,10,+,exposure
Eastern,Industry,,Flood,Industry_Flood_.xlsx,Var,E8,Accommodation and food service activities- No. of Establishments,10,+,exposure
Eastern,Industry,,Flood,Industry_Flood_.xlsx,Var,E9,Accommodation and food service activities- No. of Persons Engaged,10,+,exposure
Eastern,Industry,,Drought,Industry_drought_.xlsx,Var,H1,Drought Hazard Index,100,+,hazard
Eastern,Industry,,Drought,Industry_drought_.xlsx,Var,E1,Total establishments in  manufacturing Industries,10,+,exposure
Eastern,Industry,,Drought,Industry_drought_.xlsx,Var,E2,Total No. of Industrial establishments (small and informal industries),5,+,exposure
Eastern,Industry,,Drought,Industry_drought_.xlsx,Var,E3,Max # of drought affected People during 1974 to 2022,10,+,exposure
Eastern,Industry,,Drought,Industry_drought_.xlsx,Var,E4,Persons engaged in manufacture of food products industries,10,+,exposure
Eastern,Industry,,Drought,Industry_drought_.xlsx,Var,E5,Persons engaged in manufacture of beverages industries,10,+,exposure
Eastern,Industry,,Drought,Industry_drought_.xlsx,Var,E6,Total Persons engaged (small and informal industries),5,+,exposure
Eastern,Industry,,Drought,Industry_drought_.xlsx,Var,E7,"# of industries in Food, Beverages & tobacco",10,+,exposure
Eastern,Industry,,Drought,Industry_drought_.xlsx,Var,E8,Persons engaged in manufacture of dairy product industries,15,+,exposure
Eastern,Industry,,Drought,Industry_drought_.xlsx,Var,E9,Accommodation and food service activities- No.of Establishments,15,+,exposure
Eastern,Industry,,Drought,Industry_drought_.xlsx,Var,E10,Accommodation and food service activities- No. of Persons Engaged,10,+,exposure
Eastern,Irrigation Water,,Drought,Irrigation_Water_Drought_.xlsx,Var,H1,Drought Hazard Index,100,+,hazard
Eastern,Irrigation Water,,Drought,Irrigation_Water_Drought_.xlsx,Var,E1,% of total irrigated paddy area from total paddy extent,45,+,exposure
Eastern,Irrigation Water,,Drought,Irrigation_Water_Drought_.xlsx,Var,E2,Farm households population,15,+,exposure
Eastern,Irrigation Water,,Drought,Irrigation_Water_Drought_.xlsx,Var,E3,"Max # of drought affected People during 1974 to 2022 (1974 -2004, 25%, 2005 -2022, 75%)",40,+,exposure
Eastern,Irrigation Water,,Flood,Irrigation_Water_Flood_.xlsx,Var,H1,Flood Index,100,+,hazard
Eastern,Irrigation Water,,Flood,Irrigation_Water_Flood_.xlsx,Var,E1,% of total irrigated paddy area from total paddy extent,75,+,exposure
Eastern,Irrigation Water,,Flood,Irrigation_Water_Flood_.xlsx,Var,E2,Farm household's population,15,+,exposure
Eastern,Irrigation Water,,Flood,Irrigation_Water_Flood_.xlsx,Var,E3,"Max # of flood affected People during 1974 to 2023 (1974 -2004, 25%, 2005 -2023, 75%)",10,+,exposure
Eastern,Livestock,Buffalo,Drought,Drought_Buffalo_.xlsx,Var,H1,Drought Hazard Index,100,+,hazard
Eastern,Livestock,Buffalo,Drought,Drought_Buffalo_.xlsx,Var,E1,Mitch Buffaloes Daily Milk Production (l),30,+,exposure
Eastern,Livestock,Buffalo,Drought,Drought_Buffalo_.xlsx,Var,E2,Total Buffaloes Farmers,15,+,exposure
Eastern,Livestock,Buffalo,Drought,Drought_Buffalo_.xlsx,Var,E3,% Buffalo farmers from total Livestock Operators,15,+,exposure
Eastern,Livestock,Buffalo,Drought,Drought_Buffalo_.xlsx,Var,E4,No. of Buffaloes,40,+,exposure
Eastern,Livestock,Cattle,Drought,Drought_Cattle_.xlsx,Var,H1,Drought Hazard Index,100,+,hazard
Eastern,Livestock,Cattle,Drought,Drought_Cattle_.xlsx,Var,E1,No. of Cattle,40,+,exposure
Eastern,Livestock,Cattle,Drought,Drought_Cattle_.xlsx,Var,E2,Mitch Cows Daily Milk Production (l),30,+,exposure
Eastern,Livestock,Cattle,Drought,Drought_Cattle_.xlsx,Var,E3,Total Cattle Farmers,15,+,exposure
Eastern,Livestock,Cattle,Drought,Drought_Cattle_.xlsx,Var,E4,% Cattle farmers from total Livestock Operators,15,+,exposure
Eastern,Livestock,Goat,Drought,Drought_Goat_.xlsx,Var,H1,Drought Hazard Index,100,+,hazard
Eastern,Livestock,Goat,Drought,Drought_Goat_.xlsx,Var,E1,No. of Goats,50,+,exposure
Eastern,Livestock,Goat,Drought,Drought_Goat_.xlsx,Var,E2,Total Goat Farmers,25,+,exposure
Eastern,Livestock,Goat,Drought,Drought_Goat_.xlsx,Var,E3,% Goat farmers from total Livestock Operators,10,+,exposure
Eastern,Livestock,Goat,Drought,Drought_Goat_.xlsx,Var,E4,Mutton Production (Kg)/day,15,+,exposure
Eastern,Livestock,Pig,Drought,Drought_Pig_.xlsx,Var,H1,Drought Hazard Index,100,+,hazard
Eastern,Livestock,Pig,Drought,Drought_Pig_.xlsx,Var,E1,Pig Population,40,+,exposure
Eastern,Livestock,Pig,Drought,Drought_Pig_.xlsx,Var,E2,Sheep Population,20,+,exposure
Eastern,Livestock,Pig,Drought,Drought_Pig_.xlsx,Var,E3,No. of Pig Farmers,30,+,exposure
Eastern,Livestock,Pig,Drought,Drought_Pig_.xlsx,Var,E4,No. of Sheep Farmers,10,+,exposure
Eastern,Livestock,Poultry,Drought,Drought_Poultry_.xlsx,Var,H1,Drought Hazard Index,100,+,hazard
Eastern,Livestock,Poultry,Drought,Drought_Poultry_.xlsx,Var,E1,Poultry Population,40,+,exposure
Eastern,Livestock,Poultry,Drought,Drought_Poultry_.xlsx,Var,E2,Daily Egg Production,30,+,exposure
Eastern,Livestock,Poultry,Drought,Drought_Poultry_.xlsx,Var,E3,No. of Poultry Farmers,20,+,exposure
Eastern,Livestock,Poultry,Drought,Drought_Poultry_.xlsx,Var,E4,% of Poultry farmers from livestock farmers,10,+,exposure
Eastern,Livestock,Buffalo,Flood,Flood_Buffalo_.xlsx,Var,H1,Flood Hazard  Index,100,+,hazard
Eastern,Livestock,Buffalo,Flood,Flood_Buffalo_.xlsx,Var,E1,# of Buffaloes,40,+,exposure
Eastern,Livestock,Buffalo,Flood,Flood_Buffalo_.xlsx,Var,E2,Mitch Buffaloes Daily Milk Production (l),30,+,exposure
Eastern,Livestock,Buffalo,Flood,Flood_Buffalo_.xlsx,Var,E3,Total Buffalo farmers,15,+,exposure
Eastern,Livestock,Buffalo,Flood,Flood_Buffalo_.xlsx,Var,E4,% Buffalo farmers from total Livestock Operators,15,+,exposure
Eastern,Livestock,Cattle,Flood,Flood_Cattle_.xlsx,Var,H1,Flood Hazard Index,100,+,hazard
Eastern,Livestock,Cattle,Flood,Flood_Cattle_.xlsx,Var,E1,# of Cattle,40,+,exposure
Eastern,Livestock,Cattle,Flood,Flood_Cattle_.xlsx,Var,E2,Mitch Cows' Daily Milk Production (l),30,+,exposure
Eastern,Livestock,Cattle,Flood,Flood_Cattle_.xlsx,Var,E3,Total Cattle Farmers,15,+,exposure
Eastern,Livestock,Cattle,Flood,Flood_Cattle_.xlsx,Var,E4,% Cattle farmers from total Livestock Operators,15,+,exposure
Eastern,Livestock,Goat,Flood,Flood_Goat_.xlsx,Var,H1,Flood Hazard Index,100,+,hazard
Eastern,Livestock,Goat,Flood,Flood_Goat_.xlsx,Var,E1,# of Goats,50,+,exposure
Eastern,Livestock,Goat,Flood,Flood_Goat_.xlsx,Var,E2,Total Goat Farmers,25,+,exposure
Eastern,Livestock,Goat,Flood,Flood_Goat_.xlsx,Var,E3,% Goat farmers from total Livestock Operators,10,+,exposure
Eastern,Livestock,Goat,Flood,Flood_Goat_.xlsx,Var,E4,Mutton Production (Kg)/day,15,+,exposure
Eastern,Livestock,Pig,Flood,Flood_Pig_.xlsx,Var,H1,Flood Hazard Index,100,+,hazard
Eastern,Livestock,Pig,Flood,Flood_Pig_.xlsx,Var,E1,Pig Population,40,+,exposure
Eastern,Livestock,Pig,Flood,Flood_Pig_.xlsx,Var,E2,Sheep Population,20,+,exposure
Eastern,Livestock,Pig,Flood,Flood_Pig_.xlsx,Var,E3,# of Pig Farmers,30,+,exposure
Eastern,Livestock,Pig,Flood,Flood_Pig_.xlsx,Var,E4,# of Sheep Farmers,10,+,exposure
Eastern,Livestock,Poultry,Flood,Flood_Poultry_.xlsx,Var,H1,Flood Hazard Index,100,+,hazard
Eastern,Livestock,Poultry,Flood,Flood_Poultry_.xlsx,Var,E1,Poultry Poupulation,40,+,exposure
Eastern,Livestock,Poultry,Flood,Flood_Poultry_.xlsx,Var,E2,Daily Egg Production,30,+,exposure
Eastern,Livestock,Poultry,Flood,Flood_Poultry_.xlsx,Var,E3,# Poultry Farmers,20,+,exposure
Eastern,Livestock,Poultry,Flood,Flood_Poultry_.xlsx,Var,E4,% of Poultry farmers from livestock farmers,10,+,exposure
Eastern,Paddy,,Drought,Paddy_Drought_.xlsx,Var,H1,Drought Hazard Index,100,+,hazard
Eastern,Paddy,,Drought,Paddy_Drought_.xlsx,Var,E1,Total Aswedumized paddy  extent,25,+,exposure
Eastern,Paddy,,Drought,Paddy_Drought_.xlsx,Var,E2,% paddy land area (from total land area),10,+,exposure
Eastern,Paddy,,Drought,Paddy_Drought_.xlsx,Var,E3,"Max # of drought affected People during 1974 to 2022 (1974 -2004, 25%, 2005 -2022, 75%)",20,+,exposure
Eastern,Paddy,,Drought,Paddy_Drought_.xlsx,Var,E4,No. of paddy farmers,10,+,exposure
Eastern,Paddy,,Drought,Paddy_Drought_.xlsx,Var,E5,% of Paddy farmers from total  Agricultural Operators,5,+,exposure
Eastern,Paddy,,Drought,Paddy_Drought_.xlsx,Var,E6,% rain-fed paddy lands,10,+,exposure
Eastern,Paddy,,Drought,Paddy_Drought_.xlsx,Var,E7,Paddy Production (Mt)Maha/Yala - 2022/2023,20,+,exposure
Eastern,Paddy,,Flood,Paddy_Flood_.xlsx,Var,H1,Flood Hazard Index,100,+,hazard
Eastern,Paddy,,Flood,Paddy_Flood_.xlsx,Var,E1,Total Asweddumized paddy  extent,25,+,exposure
Eastern,Paddy,,Flood,Paddy_Flood_.xlsx,Var,E2,% paddy land area (from total land area),10,+,exposure
Eastern,Paddy,,Flood,Paddy_Flood_.xlsx,Var,E3,No. of paddy farmers,10,+,exposure
Eastern,Paddy,,Flood,Paddy_Flood_.xlsx,Var,E4,% of Paddy farmers from total  Agricultural Operators,5,+,exposure
Eastern,Paddy,,Flood,Paddy_Flood_.xlsx,Var,E5,Water surface area,10,-,exposure
Eastern,Paddy,,Flood,Paddy_Flood_.xlsx,Var,E6,% of water surface area,10,-,exposure
Eastern,Paddy,,Flood,Paddy_Flood_.xlsx,Var,E7,% of forest cover,5,-,exposure
Eastern,Paddy,,Flood,Paddy_Flood_.xlsx,Var,E8,Annual average rainfall,5,+,exposure
Eastern,Paddy,,Flood,Paddy_Flood_.xlsx,Var,E7,Paddy Production (Mt)Maha/Yala - 2022/2023,20,+,exposure
Eastern,Potable Water,,Drought,Potable_Water_Drought_.xlsx,Var,H1,Drought Index,100,+,hazard
Eastern,Potable Water,,Drought,Potable_Water_Drought_.xlsx,Var,E1,Total Population,10,+,exposure
Eastern,Potable Water,,Drought,Potable_Water_Drought_.xlsx,Var,E2,% of HH - Pipe born water,10,-,exposure
Eastern,Potable Water,,Drought,Potable_Water_Drought_.xlsx,Var,E3,"Max # of Drought affected People during 1974 to 2022 (1974 -2004, 25%, 2005 -2022, 75%)",20,+,exposure
Eastern,Potable Water,,Drought,Potable_Water_Drought_.xlsx,Var,E4,No. of water intake points,10,+,exposure
Eastern,Potable Water,,Drought,Potable_Water_Drought_.xlsx,Var,E5,% of HH fed  by wells,15,+,exposure
Eastern,Potable Water,,Drought,Potable_Water_Drought_.xlsx,Var,E6,% of HH - Rural water supply project,20,+,exposure
Eastern,Potable Water,,Drought,Potable_Water_Drought_.xlsx,Var,E7,% of Water surface area,10,-,exposure
Eastern,Potable Water,,Drought,Potable_Water_Drought_.xlsx,Var,E8,% of forest cover,5,-,exposure
Eastern,Potable Water,,Flood,Potable_Water_Flood_.xlsx,Var,H1,Flood Hazard Index,100,+,hazard
Eastern,Potable Water,,Flood,Potable_Water_Flood_.xlsx,Var,E1,Total Population,10,+,exposure
Eastern,Potable Water,,Flood,Potable_Water_Flood_.xlsx,Var,E2,% of HH - Pipe born water,15,-,exposure
Eastern,Potable Water,,Flood,Potable_Water_Flood_.xlsx,Var,E3,"Max # of flood affected People during 1974 to 2023 (1974 -2004, 25%, 2005 -2023, 75%)",30,+,exposure
Eastern,Potable Water,,Flood,Potable_Water_Flood_.xlsx,Var,E4,No. of water intake points,10,+,exposure
Eastern,Potable Water,,Flood,Potable_Water_Flood_.xlsx,Var,E5,% of HH -  fed  by wells,15,+,exposure
Eastern,Potable Water,,Flood,Potable_Water_Flood_.xlsx,Var,E6,% of HH - Rural water supply project,20,+,exposure
Eastern,Tourism,,Drought,Tourism_Drought_.xlsx,Var,H1,Drought Hazard  Index,100,+,hazard
Eastern,Tourism,,Drought,Tourism_Drought_.xlsx,Var,E1,Total hotels,10,+,exposure
Eastern,Tourism,,Drought,Tourism_Drought_.xlsx,Var,E2,Accommodation and food service activities- No. of Establishments,20,+,exposure
Eastern,Tourism,,Drought,Tourism_Drought_.xlsx,Var,E3,Accommodation and food service activities- No. Persons Engaged,20,+,exposure
Eastern,Tourism,,Drought,Tourism_Drought_.xlsx,Var,E4,"Arts, entertainment and recreation- No. of Establishments",15,+,exposure
Eastern,Tourism,,Drought,Tourism_Drought_.xlsx,Var,E5,"Arts, entertainment and recreation- No. of Persons Engaged",15,+,exposure
Eastern,Tourism,,Drought,Tourism_Drought_.xlsx,Var,E6,No. of Tourism Attraction places,20,+,exposure
Eastern,Tourism,,Flood,Tourism_Flood_.xlsx,Var,H1,Flood Hazard Index,100,+,hazard
Eastern,Tourism,,Flood,Tourism_Flood_.xlsx,Var,E1,Total hotels,10,+,exposure
Eastern,Tourism,,Flood,Tourism_Flood_.xlsx,Var,E2,Accommodation and food service activities- No. of Establishments,20,+,exposure
Eastern,Tourism,,Flood,Tourism_Flood_.xlsx,Var,E3,Accommodation and food service activities- No. of Persons Engaged,20,+,exposure
Eastern,Tourism,,Flood,Tourism_Flood_.xlsx,Var,E4,"Arts, entertainment and recreation- No. of Establishments",15,+,exposure
Eastern,Tourism,,Flood,Tourism_Flood_.xlsx,Var,E5,"Arts, entertainment and recreation- No. of  Persons Engaged",15,+,exposure
Eastern,Tourism,,Flood,Tourism_Flood_.xlsx,Var,E6,No. of Tourism Attraction places,20,+,exposure
Eastern,Transport,,Flood,Transport_Flood_.xlsx,Var,H1,Flood Hazard Index,100,+,hazard
Eastern,Transport,,Flood,Transport_Flood_.xlsx,Var,E1,Total main road length,25,+,exposure
Eastern,Transport,,Flood,Transport_Flood_.xlsx,Var,E2,Total Secondary road length,25,+,exposure
Eastern,Transport,,Flood,Transport_Flood_.xlsx,Var,E3,TotalTrack length,25,+,exposure
Eastern,Transport,,Flood,Transport_Flood_.xlsx,Var,E4,Total railway length,25,+,exposure
North Central,Coconut,,Drought,Coconut _drought_.xlsx,Var,H1,Drought Hazard Index,100,+,hazard
North Central,Coconut,,Drought,Coconut _drought_.xlsx,Var,E1,Coconut  extent,30,+,exposure
North Central,Coconut,,Drought,Coconut _drought_.xlsx,Var,E2,No. of Coconut  farmers,40,+,exposure
North Central,Coconut,,Drought,Coconut _drought_.xlsx,Var,E3,% Coconut  extent from total agricultural lands,30,+,exposure
North Central,Human Settlements,,Drought,Hu_Se_Drought.xlsx,Var,H1,Drought Hazard Index,100,+,hazard
North Central,Human Settlements,,Drought,Hu_Se_Drought.xlsx,Var,E1,Total Population,16,+,exposure
North Central,Human Settlements,,Drought,Hu_Se_Drought.xlsx,Var,E2,Population density,8,+,exposure
North Central,Human Settlements,,Drought,Hu_Se_Drought.xlsx,Var,E3,No. of housing units,4,+,exposure
North Central,Human Settlements,,Drought,Hu_Se_Drought.xlsx,Var,E4,Max # of drought affected People during 1974 to 2022,15,+,exposure
North Central,Human Settlements,,Drought,Hu_Se_Drought.xlsx,Var,E5,% area under urban classification,7,+,exposure
North Central,Human Settlements,,Drought,Hu_Se_Drought.xlsx,Var,E6,% area under human settlements (Urban and rural),2,+,exposure
North Central,Human Settlements,,Drought,Hu_Se_Drought.xlsx,Var,E7,% HH with pipe borne water,10,-,exposure
North Central,Human Settlements,,Drought,Hu_Se_Drought.xlsx,Var,E8,# of no proper sanitation facilities,3,+,exposure
North Central,Human Settlements,,Drought,Hu_Se_Drought.xlsx,Var,E9,% of Roofs consist of Galvanize Sheets,3,+,exposure
North Central,Human Settlements,,Drought,Hu_Se_Drought.xlsx,Var,E10,% surface area of water bodies within DS area,12,-,exposure
North Central,Human Settlements,,Drought,Hu_Se_Drought.xlsx,Var,E11,% of temporary houses,5,+,exposure
North Central,Human Settlements,,Drought,Hu_Se_Drought.xlsx,Var,E12,Human Animal Attacks,15,+,exposure
North Central,Human Settlements,,Flood,Hu_Se_Flood.xlsx,Var,H1,Flood Hazard Index,100,+,hazard
North Central,Human Settlements,,Flood,Hu_Se_Flood.xlsx,Var,E1,Population density,25,+,exposure
North Central,Human Settlements,,Flood,Hu_Se_Flood.xlsx,Var,E2,"Max # of flood affected People during  1974 to 2023 (1974-2004, 25%, 2005 -2023, 75%)",35,+,exposure
North Central,Human Settlements,,Flood,Hu_Se_Flood.xlsx,Var,E3,Total area classified as urban,8,+,exposure
North Central,Human Settlements,,Flood,Hu_Se_Flood.xlsx,Var,E4,% of Multi Storied Buildings,12,-,exposure
North Central,Human Settlements,,Flood,Hu_Se_Flood.xlsx,Var,E5,% of houses with vulnerable roofs (Cadjan/Palmirah Roofs),2,+,exposure
North Central,Human Settlements,,Flood,Hu_Se_Flood.xlsx,Var,E6,% HH with pipe borne water,15,-,exposure
North Central,Human Settlements,,Flood,Hu_Se_Flood.xlsx,Var,E7,# of Public hospitals,3,+,exposure
North Central,Industry,,Flood,Industry_Flood_.xlsx,Var,H1,Flood Hazard Index,100,+,hazard
North Central,Industry,,Flood,Industry_Flood_.xlsx,Var,E1,Total establishments in  manufacturing Industries,10,+,exposure
North Central,Industry,,Flood,Industry_Flood_.xlsx,Var,E2,Total No. of Mining & Quarrying industries,10,+,exposure
North Central,Industry,,Flood,Industry_Flood_.xlsx,Var,E3,Total No. of Industrial establishments (small and informal industries),10,+,exposure
North Central,Industry,,Flood,Industry_Flood_.xlsx,Var,E4,"Max # of flood affected People during  1974 to 2023 (1974-2004, 25%, 2005 -2023, 75%)",10,+,exposure
North Central,Industry,,Flood,Industry_Flood_.xlsx,Var,E5,Total Persons engaged (small and informal industries),10,+,exposure
North Central,Industry,,Flood,Industry_Flood_.xlsx,Var,E6,"Persons engaged in processing and preserving of fish, crustaceans and mollusks industries",20,+,exposure
North Central,Industry,,Flood,Industry_Flood_.xlsx,Var,E7,Persons engaged in manufacture of dairy product industries,10,+,exposure
North Central,Industry,,Flood,Industry_Flood_.xlsx,Var,E8,Accommodation and food service activities- No. of Establishments,10,+,exposure
North Central,Industry,,Flood,Industry_Flood_.xlsx,Var,E9,Accommodation and food service activities- No. of Persons Engaged,10,+,exposure
North Central,Industry,,Drought,Industry_drought_.xlsx,Var,H1,Drought Hazard Index,100,+,hazard
North Central,Industry,,Drought,Industry_drought_.xlsx,Var,E1,Total establishments in  manufacturing Industries,10,+,exposure
North Central,Industry,,Drought,Industry_drought_.xlsx,Var,E2,Total No. of Industrial establishments (small and informal industries),5,+,exposure
North Central,Industry,,Drought,Industry_drought_.xlsx,Var,E3,Max # of drought affected People during 1974 to 2022,10,+,exposure
North Central,Industry,,Drought,Industry_drought_.xlsx,Var,E4,Persons engaged in manufacture of food products industries,10,+,exposure
North Central,Industry,,Drought,Industry_drought_.xlsx,Var,E5,Persons engaged in manufacture of beverages industries,10,+,exposure
North Central,Industry,,Drought,Industry_drought_.xlsx,Var,E6,Total Persons engaged (small and informal industries),5,+,exposure
North Central,Industry,,Drought,Industry_drought_.xlsx,Var,E7,"# of industries in Food, Beverages & tobacco",10,+,exposure
North Central,Industry,,Drought,Industry_drought_.xlsx,Var,E8,Persons engaged in manufacture of dairy product industries,15,+,exposure
North Central,Industry,,Drought,Industry_drought_.xlsx,Var,E9,Accommodation and food service activities- No. of Establishments,15,+,exposure
North Central,Industry,,Drought,Industry_drought_.xlsx,Var,E10,Accommodation and food service activities- No. of Persons Engaged,10,+,exposure
North Central,Irrigation Water,,Drought,Irrigation_Water_Drought.xlsx,Var,H1,Drought Hazard Index,100,+,hazard
North Central,Irrigation Water,,Drought,Irrigation_Water_Drought.xlsx,Var,E1,Total irrigated paddy area,40,+,exposure
North Central,Irrigation Water,,Drought,Irrigation_Water_Drought.xlsx,Var,E2,Farm households population,30,+,exposure
North Central,Irrigation Water,,Drought,Irrigation_Water_Drought.xlsx,Var,E3,"Max # of drought affected People during 1974 to 2022 (1974 -2004, 25%, 2005 -2022, 75%)",30,+,exposure
North Central,Irrigation Water,,Flood,Irrigation_Water_Flood.xlsx,Var,H1,Flood Hazard Index,100,+,hazard
North Central,Irrigation Water,,Flood,Irrigation_Water_Flood.xlsx,Var,E1,Total irrigated paddy area,50,+,exposure
North Central,Irrigation Water,,Flood,Irrigation_Water_Flood.xlsx,Var,E2,Farm household's population,40,+,exposure
North Central,Irrigation Water,,Flood,Irrigation_Water_Flood.xlsx,Var,E3,"Max # of flood affected People during 1974 to 2023 (1974 -2004, 25%, 2005 -2023, 75%)",10,+,exposure
North Central,Livestock,Buffalo,Drought,Drought_Buffalo.xlsx,Var,H1,Drought Hazard Index,100,+,hazard
North Central,Livestock,Buffalo,Drought,Drought_Buffalo.xlsx,Var,E1,Buffalo Population,30,+,exposure
North Central,Livestock,Buffalo,Drought,Drought_Buffalo.xlsx,Var,E2,No. of Buffalo Farmers,30,+,exposure
North Central,Livestock,Buffalo,Drought,Drought_Buffalo.xlsx,Var,E3,Mitch Buffalo Monthly Milk Production (l),20,+,exposure
North Central,Livestock,Buffalo,Drought,Drought_Buffalo.xlsx,Var,E4,%_ Buffalo Farmers from total livestock farmers,20,+,exposure
North Central,Livestock,Cattle,Drought,Drought_Cattle.xlsx,Var,H1,Drought Hazard Index,100,+,hazard
North Central,Livestock,Cattle,Drought,Drought_Cattle.xlsx,Var,E1,Cattle Population,30,+,exposure
North Central,Livestock,Cattle,Drought,Drought_Cattle.xlsx,Var,E2,No. of Cattle Farmers,30,+,exposure
North Central,Livestock,Cattle,Drought,Drought_Cattle.xlsx,Var,E3,Mitch Cows' Monthly Milk Production (l),20,+,exposure
North Central,Livestock,Cattle,Drought,Drought_Cattle.xlsx,Var,E4,%_Cattle Farmers from total livestock farmers,20,+,exposure
North Central,Livestock,Goat,Drought,Drought_Goat.xlsx,Var,H1,Drought Hazard Index,100,+,hazard
North Central,Livestock,Goat,Drought,Drought_Goat.xlsx,Var,E1,Goat Population,30,+,exposure
North Central,Livestock,Goat,Drought,Drought_Goat.xlsx,Var,E2,No. of Goat Farmers,30,+,exposure
North Central,Livestock,Goat,Drought,Drought_Goat.xlsx,Var,E3,% Goat Farmers from total livestock farmers,20,+,exposure
North Central,Livestock,Goat,Drought,Drought_Goat.xlsx,Var,E4,Annual Mutton Production (Kg),20,+,exposure
North Central,Livestock,Pig Sheep,Drought,Drought_Pig_Sheep.xlsx,Var,H1,Drought Hazard Index,100,+,hazard
North Central,Livestock,Pig Sheep,Drought,Drought_Pig_Sheep.xlsx,Var,E1,Pig Population,15,+,exposure
North Central,Livestock,Pig Sheep,Drought,Drought_Pig_Sheep.xlsx,Var,E2,Sheep Population,15,+,exposure
North Central,Livestock,Pig Sheep,Drought,Drought_Pig_Sheep.xlsx,Var,E3,# of Pig Farmers,15,+,exposure
North Central,Livestock,Pig Sheep,Drought,Drought_Pig_Sheep.xlsx,Var,E4,# of Sheep Farmers,15,+,exposure
North Central,Livestock,Pig Sheep,Drought,Drought_Pig_Sheep.xlsx,Var,E5,%_Pig Farmers from total livestock farmers,15,+,exposure
North Central,Livestock,Pig Sheep,Drought,Drought_Pig_Sheep.xlsx,Var,E6,%_Sheep Farmers from total livestock farmers,15,+,exposure
North Central,Livestock,Pig Sheep,Drought,Drought_Pig_Sheep.xlsx,Var,E7,Annual Pork Production (Kg),10,+,exposure
North Central,Livestock,Poultry,Drought,Drought_Poultry.xlsx,Var,H1,Drought Hazard Index,100,+,hazard
North Central,Livestock,Poultry,Drought,Drought_Poultry.xlsx,Var,E1,Poultry Population,25,+,exposure
North Central,Livestock,Poultry,Drought,Drought_Poultry.xlsx,Var,E2,No. of Poultry Farmers,25,+,exposure
North Central,Livestock,Poultry,Drought,Drought_Poultry.xlsx,Var,E3,Daily Egg Production,25,+,exposure
North Central,Livestock,Poultry,Drought,Drought_Poultry.xlsx,Var,E4,%_Poultry Farmers from total livestock farmers,25,+,exposure
North Central,Livestock,Buffalo ,Flood,Flood_Buffalo -.xlsx,Var,H1,Flood Hazard Index,100,+,hazard
North Central,Livestock,Buffalo ,Flood,Flood_Buffalo -.xlsx,Var,E1,Buffalo Population,30,+,exposure
North Central,Livestock,Buffalo ,Flood,Flood_Buffalo -.xlsx,Var,E2,No of Buffalo Farmers,30,+,exposure
North Central,Livestock,Buffalo ,Flood,Flood_Buffalo -.xlsx,Var,E3,Mitch Buffaloes' Monthly Milk Production (l),20,+,exposure
North Central,Livestock,Buffalo ,Flood,Flood_Buffalo -.xlsx,Var,E4,%_ Buffalo Farmers from total livestock farmers,20,+,exposure
North Central,Livestock,Cattle ,Flood,Flood_Cattle -.xlsx,Var,H1,Flood Hazard Index,100,+,hazard
North Central,Livestock,Cattle ,Flood,Flood_Cattle -.xlsx,Var,E1,Cattle Population,30,+,exposure
North Central,Livestock,Cattle ,Flood,Flood_Cattle -.xlsx,Var,E2,No of Cattle Farmers,30,+,exposure
North Central,Livestock,Cattle ,Flood,Flood_Cattle -.xlsx,Var,E3,Mitch Cows' Monthly Milk Production (l),20,+,exposure
North Central,Livestock,Cattle ,Flood,Flood_Cattle -.xlsx,Var,E4,%_Cattle Farmers from total livestock farmers,20,+,exposure
North Central,Livestock,Goat ,Flood,Flood_Goat -.xlsx,Var,H1,Flood Hazard Index,100,+,hazard
North Central,Livestock,Goat ,Flood,Flood_Goat -.xlsx,Var,E1,Goat Population,30,+,exposure
North Central,Livestock,Goat ,Flood,Flood_Goat -.xlsx,Var,E2,No of Goat Farmers,30,+,exposure
North Central,Livestock,Goat ,Flood,Flood_Goat -.xlsx,Var,E3,% Goat Farmers from total livestock farmers,20,+,exposure
North Central,Livestock,Goat ,Flood,Flood_Goat -.xlsx,Var,E4,Annual Mutton Production (Kg),20,+,exposure
North Central,Livestock,Pig Sheep,Flood,Flood_Pig_Sheep.xlsx,Var,H1,Flood Hazard Index,100,+,hazard
North Central,Livestock,Pig Sheep,Flood,Flood_Pig_Sheep.xlsx,Var,E1,Pig Population,15,+,exposure
North Central,Livestock,Pig Sheep,Flood,Flood_Pig_Sheep.xlsx,Var,E2,Sheep Population,15,+,exposure
North Central,Livestock,Pig Sheep,Flood,Flood_Pig_Sheep.xlsx,Var,E3,# of Pig Farmers,15,+,exposure
North Central,Livestock,Pig Sheep,Flood,Flood_Pig_Sheep.xlsx,Var,E4,# of Sheep Farmers,15,+,exposure
North Central,Livestock,Pig Sheep,Flood,Flood_Pig_Sheep.xlsx,Var,E5,%_Pig Farmers from total livestock farmers,15,+,exposure
North Central,Livestock,Pig Sheep,Flood,Flood_Pig_Sheep.xlsx,Var,E6,%_Sheep Farmers from total livestock farmers,15,+,exposure
North Central,Livestock,Pig Sheep,Flood,Flood_Pig_Sheep.xlsx,Var,E7,Annual Pork Production (Kg),10,+,exposure
North Central,Livestock,Poultry ,Flood,Flood_Poultry -.xlsx,Var,H1,Flood Hazard Index,100,+,hazard
North Central,Livestock,Poultry ,Flood,Flood_Poultry -.xlsx,Var,E1,Poultry Population,25,+,exposure
North Central,Livestock,Poultry ,Flood,Flood_Poultry -.xlsx,Var,E2,No. of Poultry Farmers,25,+,exposure
North Central,Livestock,Poultry ,Flood,Flood_Poultry -.xlsx,Var,E3,Daily Egg Production,25,+,exposure
North Central,Livestock,Poultry ,Flood,Flood_Poultry -.xlsx,Var,E4,%_Poultry Farmers from total livestock farmers,25,+,exposure
North Central,Paddy,,Drought,Paddy_Drought_.xlsx,Var,H1,Drought Hazard Index,100,+,hazard
North Central,Paddy,,Drought,Paddy_Drought_.xlsx,Var,E1,Total Aswedumized paddy  extent,15,+,exposure
North Central,Paddy,,Drought,Paddy_Drought_.xlsx,Var,E2,% paddy land area (from total land area),15,+,exposure
North Central,Paddy,,Drought,Paddy_Drought_.xlsx,Var,E3,"Max # of drought affected People during 1974 to 2022 (1974 -2004, 25%, 2005 -2022, 75%)",10,+,exposure
North Central,Paddy,,Drought,Paddy_Drought_.xlsx,Var,E4,No. of paddy farmers,15,+,exposure
North Central,Paddy,,Drought,Paddy_Drought_.xlsx,Var,E5,% of Paddy farmers from total  Agricultural Operators,10,+,exposure
North Central,Paddy,,Drought,Paddy_Drought_.xlsx,Var,E6,Rain-fed paddy lands,10,+,exposure
North Central,Paddy,,Drought,Paddy_Drought_.xlsx,Var,E7,Harvested Paddy Extent (yala and Maha),25,+,exposure
North Central,Paddy,,Flood,Paddy_Flood_.xlsx,Var,H1,Flood Hazard Index,100,+,hazard
North Central,Paddy,,Flood,Paddy_Flood_.xlsx,Var,E1,Total Asweddumized paddy  extent,10,+,exposure
North Central,Paddy,,Flood,Paddy_Flood_.xlsx,Var,E2,% paddy land area (from total land area),10,+,exposure
North Central,Paddy,,Flood,Paddy_Flood_.xlsx,Var,E3,No. of paddy farmers,10,+,exposure
North Central,Paddy,,Flood,Paddy_Flood_.xlsx,Var,E4,% of Paddy farmers from total  Agricultural Operators,10,+,exposure
North Central,Paddy,,Flood,Paddy_Flood_.xlsx,Var,E5,Water surface area,15,-,exposure
North Central,Paddy,,Flood,Paddy_Flood_.xlsx,Var,E6,% of water surface area,10,-,exposure
North Central,Paddy,,Flood,Paddy_Flood_.xlsx,Var,E7,% of forest cover,5,-,exposure
North Central,Paddy,,Flood,Paddy_Flood_.xlsx,Var,E8,Annual average rainfall,5,+,exposure
North Central,Paddy,,Flood,Paddy_Flood_.xlsx,Var,E9,Harvested Paddy Extent (Yala and Maha),25,+,exposure
North Central,Potable Water,,Drought,Potable_Water_Drought_.xlsx,Var,H1,Drought Hazard Index,100,+,hazard
North Central,Potable Water,,Drought,Potable_Water_Drought_.xlsx,Var,E1,Total Population,10,+,exposure
North Central,Potable Water,,Drought,Potable_Water_Drought_.xlsx,Var,E2,% of HH_Pipe born water,10,-,exposure
North Central,Potable Water,,Drought,Potable_Water_Drought_.xlsx,Var,E3,"Max # of Drought affected People during 1974 to 2022 (1974 -2004, 25%, 2005 -2022, 75%)",20,+,exposure
North Central,Potable Water,,Drought,Potable_Water_Drought_.xlsx,Var,E4,No. of water intake points,10,+,exposure
North Central,Potable Water,,Drought,Potable_Water_Drought_.xlsx,Var,E5,% of HH fed  by wells,10,+,exposure
North Central,Potable Water,,Drought,Potable_Water_Drought_.xlsx,Var,E6,% of HH_Rural water supply project,25,+,exposure
North Central,Potable Water,,Drought,Potable_Water_Drought_.xlsx,Var,E7,% of Water surface area,10,-,exposure
North Central,Potable Water,,Drought,Potable_Water_Drought_.xlsx,Var,E8,% of forest cover,5,-,exposure
North Central,Potable Water,,Flood,Potable_Water_Flood_.xlsx,Var,H1,Flood Hazard Index,100,+,hazard
North Central,Potable Water,,Flood,Potable_Water_Flood_.xlsx,Var,E1,Total Population,10,+,exposure
North Central,Potable Water,,Flood,Potable_Water_Flood_.xlsx,Var,E2,% of HH - Pipe born water,10,-,exposure
North Central,Potable Water,,Flood,Potable_Water_Flood_.xlsx,Var,E3,"Max # of flood affected People during 1974 to 2023 (1974 -2004, 25%, 2005 -2023, 75%)",30,+,exposure
North Central,Potable Water,,Flood,Potable_Water_Flood_.xlsx,Var,E4,No. of water intake points,20,+,exposure
North Central,Potable Water,,Flood,Potable_Water_Flood_.xlsx,Var,E5,% of HH fed  by wells,15,+,exposure
North Central,Potable Water,,Flood,Potable_Water_Flood_.xlsx,Var,E6,% of HH - Rural water supply project,15,+,exposure
North Central,Tourism,,Drought,Tourism_Drought_.xlsx,Var,H1,Drought Hazard Index,100,+,hazard
North Central,Tourism,,Drought,Tourism_Drought_.xlsx,Var,E1,Total hotels,20,+,exposure
North Central,Tourism,,Drought,Tourism_Drought_.xlsx,Var,E2,Accommodation and food service activities- No. of Establishments,20,+,exposure
North Central,Tourism,,Drought,Tourism_Drought_.xlsx,Var,E3,Accommodation and food service activities- No. of Persons Engaged,20,+,exposure
North Central,Tourism,,Drought,Tourism_Drought_.xlsx,Var,E4,"Arts, entertainment and recreation- No. of Establishments",20,+,exposure
North Central,Tourism,,Drought,Tourism_Drought_.xlsx,Var,E5,"Arts, entertainment and recreation- No. of Persons Engaged",20,+,exposure
North Central,Tourism,,Flood,Tourism_Flood_.xlsx,Var,H1,Flood Hazard Index,100,+,hazard
North Central,Tourism,,Flood,Tourism_Flood_.xlsx,Var,E1,Total hotels,20,+,exposure
North Central,Tourism,,Flood,Tourism_Flood_.xlsx,Var,E2,Accommodation and food service activities- No. of Establishments,20,+,exposure
North Central,Tourism,,Flood,Tourism_Flood_.xlsx,Var,E3,Accommodation and food service activities- No. of Persons Engaged,20,+,exposure
North Central,Tourism,,Flood,Tourism_Flood_.xlsx,Var,E4,"Arts, entertainment and recreation- No. of Establishments",20,+,exposure
North Central,Tourism,,Flood,Tourism_Flood_.xlsx,Var,E5,"Arts, entertainment and recreation- No. of Persons Engaged",20,+,exposure
North Central,Transport,,Flood,Transport_Flood_.xlsx,Var,H1,Flood Hazard Index,100,+,hazard
North Central,Transport,,Flood,Transport_Flood_.xlsx,Var,E1,Total main road length,25,+,exposure
North Central,Transport,,Flood,Transport_Flood_.xlsx,Var,E2,Total Secondary road length,35,+,exposure
North Central,Transport,,Flood,Transport_Flood_.xlsx,Var,E3,TotalTrack length,30,+,exposure
North Central,Transport,,Flood,Transport_Flood_.xlsx,Var,E4,Total railway length,10,+,exposure
Northen,Coconut,,Drought,Coconut _Drought_.xlsx,Var,H1,Drought Hazard Index,100,+,hazard
Northen,Coconut,,Drought,Coconut _Drought_.xlsx,Var,E1,Coconut  extent,40,+,exposure
Northen,Coconut,,Drought,Coconut _Drought_.xlsx,Var,E2,No. of Coconut  farmers,30,+,exposure
Northen,Coconut,,Drought,Coconut _Drought_.xlsx,Var,E3,% Coconut  extent from total agricultural lands,30,+,exposure
Northen,Human Settlements,,Drought,Hu_Se_Drought.xlsx,Var,H1,Drought Hazard Index,100,+,hazard
Northen,Human Settlements,,Drought,Hu_Se_Drought.xlsx,Var,E1,Total Population,10,+,exposure
Northen,Human Settlements,,Drought,Hu_Se_Drought.xlsx,Var,E2,Population density,5,+,exposure
Northen,Human Settlements,,Drought,Hu_Se_Drought.xlsx,Var,E3,No. of housing units,5,+,exposure
Northen,Human Settlements,,Drought,Hu_Se_Drought.xlsx,Var,E4,Max # of drought affected People during 1974 to 2022,15,+,exposure
Northen,Human Settlements,,Drought,Hu_Se_Drought.xlsx,Var,E5,% area under urban classification,5,+,exposure
Northen,Human Settlements,,Drought,Hu_Se_Drought.xlsx,Var,E6,% area under human settlements (Urban and rural),5,+,exposure
Northen,Human Settlements,,Drought,Hu_Se_Drought.xlsx,Var,E7,% HH with pipe borne water,10,-,exposure
Northen,Human Settlements,,Drought,Hu_Se_Drought.xlsx,Var,E8,# of no proper sanitation facilities,5,+,exposure
Northen,Human Settlements,,Drought,Hu_Se_Drought.xlsx,Var,E9,% of Roofs consist of Galvanize Sheets,5,+,exposure
Northen,Human Settlements,,Drought,Hu_Se_Drought.xlsx,Var,E10,% surface area of water bodies within DS area,15,-,exposure
Northen,Human Settlements,,Drought,Hu_Se_Drought.xlsx,Var,E11,% of temporary houses,5,+,exposure
Northen,Human Settlements,,Drought,Hu_Se_Drought.xlsx,Var,E12,Human Animal Attacks,15,+,exposure
Northen,Human Settlements,,Flood,Hu_Se_Flood.xlsx,Var,H1,Flood Hazard Index,100,+,hazard
Northen,Human Settlements,,Flood,Hu_Se_Flood.xlsx,Var,E1,Population density,13,+,exposure
Northen,Human Settlements,,Flood,Hu_Se_Flood.xlsx,Var,E2,"Max # of flood affected People during  1974 to 2023 (1974-2004, 25%, 2005 -2023, 75%)",33,+,exposure
Northen,Human Settlements,,Flood,Hu_Se_Flood.xlsx,Var,E3,Total area classified as urban,5,+,exposure
Northen,Human Settlements,,Flood,Hu_Se_Flood.xlsx,Var,E4,% of Multi Storied Buildings,22,-,exposure
Northen,Human Settlements,,Flood,Hu_Se_Flood.xlsx,Var,E5,% of houses with vulnerable roofs (Cadjan/Palmirah Roofs),2,+,exposure
Northen,Human Settlements,,Flood,Hu_Se_Flood.xlsx,Var,E6,% of HH with pipe borne water,22,-,exposure
Northen,Human Settlements,,Flood,Hu_Se_Flood.xlsx,Var,E7,# of Public hospitals,3,+,exposure
Northen,Industry,,Flood,Industry_Flood_.xlsx,Var,H1,Flood Hazard Index,100,+,hazard
Northen,Industry,,Flood,Industry_Flood_.xlsx,Var,E1,Total establishments in  manufacturing Industries,10,+,exposure
Northen,Industry,,Flood,Industry_Flood_.xlsx,Var,E2,Total No. of Mining & Quarrying industries,10,+,exposure
Northen,Industry,,Flood,Industry_Flood_.xlsx,Var,E3,Total No. of Industrial establishments (small and informal industries),10,+,exposure
Northen,Industry,,Flood,Industry_Flood_.xlsx,Var,E4,"Max # of flood affected People during  1974 to 2023 (1974-2004, 25%, 2005 -2023, 75%)",10,+,exposure
Northen,Industry,,Flood,Industry_Flood_.xlsx,Var,E5,Total Persons engaged (small and informal industries),10,+,exposure
Northen,Industry,,Flood,Industry_Flood_.xlsx,Var,E6,"Persons engaged in processing and preserving of fish, crustaceans and mollusks industries",20,+,exposure
Northen,Industry,,Flood,Industry_Flood_.xlsx,Var,E7,Persons engaged in manufacture of dairy product industries,10,+,exposure
Northen,Industry,,Flood,Industry_Flood_.xlsx,Var,E8,Accommodation and food service activities- No. of Establishments,10,+,exposure
Northen,Industry,,Flood,Industry_Flood_.xlsx,Var,E9,Accommodation and food service activities- No. of Persons Engaged,10,+,exposure
Northen,Industry,,Drought,Industry_drought_.xlsx,Var,H1,Drought Hazard Index,100,+,hazard
Northen,Industry,,Drought,Industry_drought_.xlsx,Var,E1,Total establishments in  manufacturing Industries,10,+,exposure
Northen,Industry,,Drought,Industry_drought_.xlsx,Var,E2,Total No. of Industrial establishments (small and informal industries),5,+,exposure
Northen,Industry,,Drought,Industry_drought_.xlsx,Var,E3,Max # of drought affected People during 1974 to 2022,10,+,exposure
Northen,Industry,,Drought,Industry_drought_.xlsx,Var,E4,Persons engaged in manufacture of food products industries,10,+,exposure
Northen,Industry,,Drought,Industry_drought_.xlsx,Var,E5,Persons engaged in manufacture of beverages industries,10,+,exposure
Northen,Industry,,Drought,Industry_drought_.xlsx,Var,E6,Total Persons engaged (small and informal industries),5,+,exposure
Northen,Industry,,Drought,Industry_drought_.xlsx,Var,E7,"# of industries in Food, Beverages & tobacco",10,+,exposure
Northen,Industry,,Drought,Industry_drought_.xlsx,Var,E8,Persons engaged in manufacture of dairy product industries,15,+,exposure
Northen,Industry,,Drought,Industry_drought_.xlsx,Var,E9,Accommodation and food service activities- No. of Establishments,15,+,exposure
Northen,Industry,,Drought,Industry_drought_.xlsx,Var,E10,Accommodation and food service activities- No. of Persons Engaged,10,+,exposure
Northen,Irrigation Water,,Drought,Irrigation_Water_Drought.xlsx,Var,H1,Drought Hazard Index,100,+,hazard
Northen,Irrigation Water,,Drought,Irrigation_Water_Drought.xlsx,Var,E1,% of total irrigated paddy area from total paddy extent,40,+,exposure
Northen,Irrigation Water,,Drought,Irrigation_Water_Drought.xlsx,Var,E2,Farm households population,30,+,exposure
Northen,Irrigation Water,,Drought,Irrigation_Water_Drought.xlsx,Var,E3,"Max # of drought affected People during 1974 to 2022 (1974 -2004, 25%, 2005 -2022, 75%)",30,+,exposure
Northen,Irrigation Water,,Flood,Irrigation_Water_Flood.xlsx,Var,H1,Flood Hazard Index,100,+,hazard
Northen,Irrigation Water,,Flood,Irrigation_Water_Flood.xlsx,Var,E1,% of total irrigated paddy area from total paddy extent,50,+,exposure
Northen,Irrigation Water,,Flood,Irrigation_Water_Flood.xlsx,Var,E2,Farm household's population,40,+,exposure
Northen,Irrigation Water,,Flood,Irrigation_Water_Flood.xlsx,Var,E3,"Max # of flood affected People during 1974 to 2023 (1974 -2004, 25%, 2005 -2023, 75%)",10,+,exposure
Northen,Livestock,Buffalo,Drought,Drought_Buffalo.xlsx,Var,H1,Drought Hazard Index,100,+,hazard
Northen,Livestock,Buffalo,Drought,Drought_Buffalo.xlsx,Var,E1,Buffalo Population,30,+,exposure
Northen,Livestock,Buffalo,Drought,Drought_Buffalo.xlsx,Var,E2,# of Buffalo farmers,20,+,exposure
Northen,Livestock,Buffalo,Drought,Drought_Buffalo.xlsx,Var,E3,Mitch Buffaloes' Daily Milk Production (l),40,+,exposure
Northen,Livestock,Buffalo,Drought,Drought_Buffalo.xlsx,Var,E4,% of Buffalo Farmers from total livestock operators,10,+,exposure
Northen,Livestock,Cattle,Drought,Drought_Cattle.xlsx,Var,H1,Drought Hazard Index,100,+,hazard
Northen,Livestock,Cattle,Drought,Drought_Cattle.xlsx,Var,E1,Cattle Population,30,+,exposure
Northen,Livestock,Cattle,Drought,Drought_Cattle.xlsx,Var,E2,# of Cattle Farmers,20,+,exposure
Northen,Livestock,Cattle,Drought,Drought_Cattle.xlsx,Var,E3,Mitch Cows' Daily Milk Production (l),40,+,exposure
Northen,Livestock,Cattle,Drought,Drought_Cattle.xlsx,Var,E4,% Cattle Farmers From total livestock Operators,10,+,exposure
Northen,Livestock,Goat,Drought,Drought_Goat.xlsx,Var,H1,Drought Hazard Index,100,+,hazard
Northen,Livestock,Goat,Drought,Drought_Goat.xlsx,Var,E1,Goat Population,50,+,exposure
Northen,Livestock,Goat,Drought,Drought_Goat.xlsx,Var,E2,# of Goat Farmers,50,+,exposure
Northen,Livestock,Poultry,Drought,Drought_Poultry.xlsx,Var,H1,Drought Hazard Index,100,+,hazard
Northen,Livestock,Poultry,Drought,Drought_Poultry.xlsx,Var,E1,Poultry Population,30,+,exposure
Northen,Livestock,Poultry,Drought,Drought_Poultry.xlsx,Var,E2,# of Poultry Farmers,20,+,exposure
Northen,Livestock,Poultry,Drought,Drought_Poultry.xlsx,Var,E3,Daily Egg Production,40,+,exposure
Northen,Livestock,Poultry,Drought,Drought_Poultry.xlsx,Var,E4,% of Popultry Farmers from total livestock Operators,10,+,exposure
Northen,Livestock,Buffalo,Flood,Flood_Buffalo.xlsx,Var,H1,Flood Hazard Index,100,+,hazard
Northen,Livestock,Buffalo,Flood,Flood_Buffalo.xlsx,Var,E1,Buffalo Population,30,+,exposure
Northen,Livestock,Buffalo,Flood,Flood_Buffalo.xlsx,Var,E2,# of Buffalo farmers,20,+,exposure
Northen,Livestock,Buffalo,Flood,Flood_Buffalo.xlsx,Var,E3,Mitch Buffaloes' Daily Milk Production (l),40,+,exposure
Northen,Livestock,Buffalo,Flood,Flood_Buffalo.xlsx,Var,E4,% of Buffalo Farmers from total livestock operators,10,+,exposure
Northen,Livestock,Cattle,Flood,Flood_Cattle.xlsx,Var,H1,Flood Hazard Index,100,+,hazard
Northen,Livestock,Cattle,Flood,Flood_Cattle.xlsx,Var,E1,Cattle Population,30,+,exposure
Northen,Livestock,Cattle,Flood,Flood_Cattle.xlsx,Var,E2,# of Cattle Farmers,20,+,exposure
Northen,Livestock,Cattle,Flood,Flood_Cattle.xlsx,Var,E3,Mitch Cows' Daily Milk Production (l),40,+,exposure
Northen,Livestock,Cattle,Flood,Flood_Cattle.xlsx,Var,E4,% Cattle Farmers From total livestock Operators,10,+,exposure
Northen,Livestock,Goat,Flood,Flood_Goat.xlsx,Var,H1,Flood Hazard  Index,100,+,hazard
Northen,Livestock,Goat,Flood,Flood_Goat.xlsx,Var,E1,Goat Population,50,+,exposure
Northen,Livestock,Goat,Flood,Flood_Goat.xlsx,Var,E2,# of Goat Farmers,50,+,exposure
Northen,Livestock,Poultry,Flood,Flood_Poultry.xlsx,Var,H1,Flood Hazard Index,100,+,hazard
Northen,Livestock,Poultry,Flood,Flood_Poultry.xlsx,Var,E1,Poultry Population,30,+,exposure
Northen,Livestock,Poultry,Flood,Flood_Poultry.xlsx,Var,E2,# of Poultry Farmers,20,+,exposure
Northen,Livestock,Poultry,Flood,Flood_Poultry.xlsx,Var,E3,Daily Egg Production,40,+,exposure
Northen,Livestock,Poultry,Flood,Flood_Poultry.xlsx,Var,E4,% of Poultry Farmers from total livestock Operators,10,+,exposure
Northen,Paddy,,Drought,Paddy_Drought_.xlsx,Var,H1,Drought Hazard Index,100,+,hazard
Northen,Paddy,,Drought,Paddy_Drought_.xlsx,Var,E1,Total Aswedumized paddy  extent,20,+,exposure
Northen,Paddy,,Drought,Paddy_Drought_.xlsx,Var,E2,% paddy land area (from total land area),15,+,exposure
Northen,Paddy,,Drought,Paddy_Drought_.xlsx,Var,E3,"Max # of drought affected People during 1974 to 2022 (1974 -2004, 25%, 2005 -2022, 75%)",20,+,exposure
Northen,Paddy,,Drought,Paddy_Drought_.xlsx,Var,E4,No. of paddy farmers,15,+,exposure
Northen,Paddy,,Drought,Paddy_Drought_.xlsx,Var,E5,% of Paddy farmers from total  Agricultural Operators,15,+,exposure
Northen,Paddy,,Drought,Paddy_Drought_.xlsx,Var,E6,% rain-fed paddy lands,15,+,exposure
Northen,Paddy,,Flood,Paddy_Flood_.xlsx,Var,H1,Flood Hazard  Index,100,+,hazard
Northen,Paddy,,Flood,Paddy_Flood_.xlsx,Var,E1,Total Asweddumized paddy  extent,20,+,exposure
Northen,Paddy,,Flood,Paddy_Flood_.xlsx,Var,E2,% paddy land area (from total land area),20,+,exposure
Northen,Paddy,,Flood,Paddy_Flood_.xlsx,Var,E3,No. of paddy farmers,10,+,exposure
Northen,Paddy,,Flood,Paddy_Flood_.xlsx,Var,E4,% of Paddy farmers from total  Agricultural Operators,10,+,exposure
Northen,Paddy,,Flood,Paddy_Flood_.xlsx,Var,E5,Water surface area,15,-,exposure
Northen,Paddy,,Flood,Paddy_Flood_.xlsx,Var,E6,% of water surface area,15,-,exposure
Northen,Paddy,,Flood,Paddy_Flood_.xlsx,Var,E7,% of forest cover,5,-,exposure
Northen,Paddy,,Flood,Paddy_Flood_.xlsx,Var,E8,Annual average rainfall,5,+,exposure
Northen,Potable Water,,Drought,Potable_Water_Drought_.xlsx,Var,H1,Drought Hazard Index,100,+,hazard
Northen,Potable Water,,Drought,Potable_Water_Drought_.xlsx,Var,E1,Total Population,10,+,exposure
Northen,Potable Water,,Drought,Potable_Water_Drought_.xlsx,Var,E2,% of HH - Pipe born water,10,-,exposure
Northen,Potable Water,,Drought,Potable_Water_Drought_.xlsx,Var,E3,"Max # of Drought affected People during 1974 to 2022 (1974 -2004, 25%, 2005 -2022, 75%)",15,+,exposure
Northen,Potable Water,,Drought,Potable_Water_Drought_.xlsx,Var,E4,No. of water intake points,10,+,exposure
Northen,Potable Water,,Drought,Potable_Water_Drought_.xlsx,Var,E5,% of HH fed  by wells,15,+,exposure
Northen,Potable Water,,Drought,Potable_Water_Drought_.xlsx,Var,E6,% of HH_Rural water supply project,25,+,exposure
Northen,Potable Water,,Drought,Potable_Water_Drought_.xlsx,Var,E7,% of Water surface area,10,-,exposure
Northen,Potable Water,,Drought,Potable_Water_Drought_.xlsx,Var,E8,% of forest cover,5,-,exposure
Northen,Potable Water,,Flood,Potable_Water_Flood_.xlsx,Var,H1,Flood Hazard Index,100,+,hazard
Northen,Potable Water,,Flood,Potable_Water_Flood_.xlsx,Var,E1,Total Population,15,+,exposure
Northen,Potable Water,,Flood,Potable_Water_Flood_.xlsx,Var,E2,% of HH - Pipe born water,20,-,exposure
Northen,Potable Water,,Flood,Potable_Water_Flood_.xlsx,Var,E3,"Max # of flood affected People during 1974 to 2023 (1974 -2004, 25%, 2005 -2023, 75%)",25,+,exposure
Northen,Potable Water,,Flood,Potable_Water_Flood_.xlsx,Var,E4,No. of water intake points,15,+,exposure
Northen,Potable Water,,Flood,Potable_Water_Flood_.xlsx,Var,E5,% of HH fed  by wells,10,+,exposure
Northen,Potable Water,,Flood,Potable_Water_Flood_.xlsx,Var,E6,% of HH - Rural water supply project,15,+,exposure
Northen,Tourism,,Drought,Tourism_Drought_.xlsx,Var,H1,Drought Hazard Index,100,+,hazard
Northen,Tourism,,Drought,Tourism_Drought_.xlsx,Var,E1,Total hotels,20,+,exposure
Northen,Tourism,,Drought,Tourism_Drought_.xlsx,Var,E2,Accommodation and food service activities- No. of Establishments,20,+,exposure
Northen,Tourism,,Drought,Tourism_Drought_.xlsx,Var,E3,Accommodation and food service activities- No. of Persons Engaged,20,+,exposure
Northen,Tourism,,Drought,Tourism_Drought_.xlsx,Var,E4,"Arts, entertainment and recreation- No. of Establishments",20,+,exposure
Northen,Tourism,,Drought,Tourism_Drought_.xlsx,Var,E5,"Arts, entertainment and recreation- No. of Persons Engaged",20,+,exposure
Northen,Tourism,,Flood,Tourism_Flood_.xlsx,Var,H1,Flood Hazard Index,100,+,hazard
Northen,Tourism,,Flood,Tourism_Flood_.xlsx,Var,E1,Total hotels,20,+,exposure
Northen,Tourism,,Flood,Tourism_Flood_.xlsx,Var,E2,Accommodation and food service activities- No. of Establishments,20,+,exposure
Northen,Tourism,,Flood,Tourism_Flood_.xlsx,Var,E3,Accommodation and food service activities- No. of Persons Engaged,20,+,exposure
Northen,Tourism,,Flood,Tourism_Flood_.xlsx,Var,E4,"Arts, entertainment and recreation- No. of Establishments",20,+,exposure
Northen,Tourism,,Flood,Tourism_Flood_.xlsx,Var,E5,"Arts, entertainment and recreation- No. of Persons Engaged",20,+,exposure
Northen,Transport,,Flood,Transport_Flood_.xlsx,Var,H1,Flood Hazard Index,100,+,hazard
Northen,Transport,,Flood,Transport_Flood_.xlsx,Var,E1,Total main road length,20,+,exposure
Northen,Transport,,Flood,Transport_Flood_.xlsx,Var,E2,Total Secondary road length,35,+,exposure
Northen,Transport,,Flood,Transport_Flood_.xlsx,Var,E3,TotalTrack length,30,+,exposure
Northen,Transport,,Flood,Transport_Flood_.xlsx,Var,E4,Total railway length,15,+,exposure
Northwestern,Coconut,,Drought,Coconut_Drought.xlsx,Var,H1,Drought Hazard Index,100,+,hazard
Northwestern,Coconut,,Drought,Coconut_Drought.xlsx,Var,E1,Coconut  extent,25,+,exposure
Northwestern,Coconut,,Drought,Coconut_Drought.xlsx,Var,E2,No. of Coconut  farmers,30,+,exposure
Northwestern,Coconut,,Drought,Coconut_Drought.xlsx,Var,E3,Estate Sector population,20,+,exposure
Northwestern,Coconut,,Drought,Coconut_Drought.xlsx,Var,E4,% Coconut  extent from total agricultural lands,25,+,exposure
Northwestern,Human Settlement,,Drought,Hu_Se_Drought.xlsx,Var,H1,Drought Hazard Index,100,+,hazard
Northwestern,Human Settlement,,Drought,Hu_Se_Drought.xlsx,Var,E1,Total Population,16,+,exposure
Northwestern,Human Settlement,,Drought,Hu_Se_Drought.xlsx,Var,E2,Population density,8,+,exposure
Northwestern,Human Settlement,,Drought,Hu_Se_Drought.xlsx,Var,E3,No. of housing units,4,+,exposure
Northwestern,Human Settlement,,Drought,Hu_Se_Drought.xlsx,Var,E4,Max # of drought affected People during 1974 to 2022,15,+,exposure
Northwestern,Human Settlement,,Drought,Hu_Se_Drought.xlsx,Var,E5,% area under urban classification,7,+,exposure
Northwestern,Human Settlement,,Drought,Hu_Se_Drought.xlsx,Var,E6,% area under human settlements (Urban and rural),2,+,exposure
Northwestern,Human Settlement,,Drought,Hu_Se_Drought.xlsx,Var,E7,% HH with pipe borne water,6,-,exposure
Northwestern,Human Settlement,,Drought,Hu_Se_Drought.xlsx,Var,E8,% of Roofs consist of Galvanize Sheets,12,+,exposure
Northwestern,Human Settlement,,Drought,Hu_Se_Drought.xlsx,Var,E9,% surface area of water bodies within DS area,3,-,exposure
Northwestern,Human Settlement,,Drought,Hu_Se_Drought.xlsx,Var,E10,% of temporary houses,7,+,exposure
Northwestern,Human Settlement,,Drought,Hu_Se_Drought.xlsx,Var,E11,Human Animal Attacks,15,+,exposure
Northwestern,Human Settlement,,Drought,Hu_Se_Drought.xlsx,Var,E12,# of no proper sanitation facilities,5,+,exposure
Northwestern,Human Settlement,,Flood,Hu_Se_Flood.xlsx,Var,H1,Flood Hazard Index,100,+,hazard
Northwestern,Human Settlement,,Flood,Hu_Se_Flood.xlsx,Var,E1,%  Extent of Major floods affected area,13,+,exposure
Northwestern,Human Settlement,,Flood,Hu_Se_Flood.xlsx,Var,E2,Total buildings in flood affected area,10,+,exposure
Northwestern,Human Settlement,,Flood,Hu_Se_Flood.xlsx,Var,E3,Flood affected human settlement area,12,+,exposure
Northwestern,Human Settlement,,Flood,Hu_Se_Flood.xlsx,Var,E4,Population density,16,+,exposure
Northwestern,Human Settlement,,Flood,Hu_Se_Flood.xlsx,Var,E5,"Max # of flood affected People during  1974 to 2023 (1974-2004, 25%, 2005 -2023, 75%)",12,+,exposure
Northwestern,Human Settlement,,Flood,Hu_Se_Flood.xlsx,Var,E6,Flood affected  road length,4,+,exposure
Northwestern,Human Settlement,,Flood,Hu_Se_Flood.xlsx,Var,E7,Total area classified as urban,7,+,exposure
Northwestern,Human Settlement,,Flood,Hu_Se_Flood.xlsx,Var,E8,% of Multi Storied Buildings,8,-,exposure
Northwestern,Human Settlement,,Flood,Hu_Se_Flood.xlsx,Var,E9,% of houses with vulnerable roofs (Cadjan/Palmirah Roofs),2,+,exposure
Northwestern,Human Settlement,,Flood,Hu_Se_Flood.xlsx,Var,E10,% HH with pipe borne water,8,-,exposure
Northwestern,Human Settlement,,Flood,Hu_Se_Flood.xlsx,Var,E11,No. of Flood affected schools,5,+,exposure
Northwestern,Human Settlement,,Flood,Hu_Se_Flood.xlsx,Var,E12,No. of Public hospitals,3,+,exposure
Northwestern,Human Settlement,,Landslide,Hu_Se_Landslide.xlsx,Var,H1,Landslide Hazard Index,100,+,hazard
Northwestern,Human Settlement,,Landslide,Hu_Se_Landslide.xlsx,Var,E1,No. of buildings in landslide prone area (high and moderate),15,+,exposure
Northwestern,Human Settlement,,Landslide,Hu_Se_Landslide.xlsx,Var,E2,Landslide prone Human Settlements,10,+,exposure
Northwestern,Human Settlement,,Landslide,Hu_Se_Landslide.xlsx,Var,E3,Total of  Landslide  affected area (High and Moderate),10,+,exposure
Northwestern,Human Settlement,,Landslide,Hu_Se_Landslide.xlsx,Var,E4,Max # of landslide affected People during 1974 to 2023,35,+,exposure
Northwestern,Human Settlement,,Landslide,Hu_Se_Landslide.xlsx,Var,E5,landslide affected  road length,5,+,exposure
Northwestern,Human Settlement,,Landslide,Hu_Se_Landslide.xlsx,Var,E6,Road Density,10,-,exposure
Northwestern,Human Settlement,,Landslide,Hu_Se_Landslide.xlsx,Var,E7,Schools  in landslide prone area (high and moderate),5,+,exposure
Northwestern,Human Settlement,,Landslide,Hu_Se_Landslide.xlsx,Var,E8,No. of Public hospitals,10,-,exposure
Northwestern,Industry,,Flood,Industry_Flood.xlsx,Var,H1,Flood Hazard Index,100,+,hazard
Northwestern,Industry,,Flood,Industry_Flood.xlsx,Var,E1,Total establishments in  manufacturing Industries,10,+,exposure
Northwestern,Industry,,Flood,Industry_Flood.xlsx,Var,E2,Total No. of Mining & Quarrying industries,10,+,exposure
Northwestern,Industry,,Flood,Industry_Flood.xlsx,Var,E3,Total No. of Industrial establishments (small and informal industries),5,+,exposure
Northwestern,Industry,,Flood,Industry_Flood.xlsx,Var,E4,"Max # of flood affected People during  1974 to 2023 (1974-2004, 25%, 2005 -2023, 75%)",10,+,exposure
Northwestern,Industry,,Flood,Industry_Flood.xlsx,Var,E5,Flood affected  road length,10,+,exposure
Northwestern,Industry,,Flood,Industry_Flood.xlsx,Var,E6,Total Persons engaged (small and informal industries),5,+,exposure
Northwestern,Industry,,Flood,Industry_Flood.xlsx,Var,E7,"Persons engaged in processing and preserving of fish, crustaceans and mollusks industries",20,+,exposure
Northwestern,Industry,,Flood,Industry_Flood.xlsx,Var,E8,Persons engaged in manufacture of dairy product industries,10,+,exposure
Northwestern,Industry,,Flood,Industry_Flood.xlsx,Var,E9,Accommodation and food service activities- No. of Establishments,10,+,exposure
Northwestern,Industry,,Flood,Industry_Flood.xlsx,Var,E10,Accommodation and food service activities- No. of Persons Engaged,10,+,exposure
Northwestern,Industry,,Drought,Industy_Drought.xlsx,Var,H1,Drought Hazard Index,100,+,hazard
Northwestern,Industry,,Drought,Industy_Drought.xlsx,Var,E1,Total establishments in  manufacturing Industries,10,+,exposure
Northwestern,Industry,,Drought,Industy_Drought.xlsx,Var,E2,Total No. of Industrial establishments (small and informal industries),5,+,exposure
Northwestern,Industry,,Drought,Industy_Drought.xlsx,Var,E3,Max # of drought affected People during 1974 to 2022,10,+,exposure
Northwestern,Industry,,Drought,Industy_Drought.xlsx,Var,E4,Persons engaged in manufacture of food products industries,10,+,exposure
Northwestern,Industry,,Drought,Industy_Drought.xlsx,Var,E5,Persons engaged in manufacture of beverages industries,10,+,exposure
Northwestern,Industry,,Drought,Industy_Drought.xlsx,Var,E6,Total Persons engaged (small and informal industries),5,+,exposure
Northwestern,Industry,,Drought,Industy_Drought.xlsx,Var,E7,"No. of industries in Food, Beverages & tobacco",10,+,exposure
Northwestern,Industry,,Drought,Industy_Drought.xlsx,Var,E8,Persons engaged in manufacture of dairy product industries,15,+,exposure
Northwestern,Industry,,Drought,Industy_Drought.xlsx,Var,E9,Accommodation and food service activities- No. of Establishments,15,+,exposure
Northwestern,Industry,,Drought,Industy_Drought.xlsx,Var,E10,Accommodation and food service activities- No. of Persons Engaged,10,+,exposure
Northwestern,Irrigation Water,,Drought,Irrigation_Water_Drought.xlsx,Var,H1,Drought Index,100,+,hazard
Northwestern,Irrigation Water,,Drought,Irrigation_Water_Drought.xlsx,Var,E1,% of total irrigated paddy area from total paddy extent,40,+,exposure
Northwestern,Irrigation Water,,Drought,Irrigation_Water_Drought.xlsx,Var,E2,Farm households' population,30,+,exposure
Northwestern,Irrigation Water,,Drought,Irrigation_Water_Drought.xlsx,Var,E3,"Max # of drought affected People during 1974 to 2022 (1974 -2004, 25%, 2005 -2022, 75%)",30,+,exposure
Northwestern,Irrigation Water,,Flood,Irrigation_Water_Flood.xlsx,Var,H1,Flood Index,100,+,hazard
Northwestern,Irrigation Water,,Flood,Irrigation_Water_Flood.xlsx,Var,E1,% of total irrigated paddy area from total paddy extent,50,+,exposure
Northwestern,Irrigation Water,,Flood,Irrigation_Water_Flood.xlsx,Var,E2,Farm households' population,40,+,exposure
Northwestern,Irrigation Water,,Flood,Irrigation_Water_Flood.xlsx,Var,E3,"Max # of flood affected People during 1974 to 2023 (1974 -2004, 25%, 2005 -2023, 75%)",10,+,exposure
Northwestern,Livestock,Buffaloa,Drought,Buffaloa_Drought.xlsx,Var,H1,Drought Hazard Index,100,+,hazard
Northwestern,Livestock,Buffaloa,Drought,Buffaloa_Drought.xlsx,Var,E1,No. of Buffalo Farms,10,+,exposure
Northwestern,Livestock,Buffaloa,Drought,Buffaloa_Drought.xlsx,Var,E2,No.of Buffalo Milk Production Farms,10,+,exposure
Northwestern,Livestock,Buffaloa,Drought,Buffaloa_Drought.xlsx,Var,E3,Total Buffaloes,10,+,exposure
Northwestern,Livestock,Buffaloa,Drought,Buffaloa_Drought.xlsx,Var,E4,% Intensive,10,+,exposure
Northwestern,Livestock,Buffaloa,Drought,Buffaloa_Drought.xlsx,Var,E5,% Semi Intensive,15,+,exposure
Northwestern,Livestock,Buffaloa,Drought,Buffaloa_Drought.xlsx,Var,E6,% Extensive,20,+,exposure
Northwestern,Livestock,Buffaloa,Drought,Buffaloa_Drought.xlsx,Var,E7,Average of amount of Buffalo milk productio/day(L),15,+,exposure
Northwestern,Livestock,Buffaloa,Drought,Buffaloa_Drought.xlsx,Var,E8,Pasture & Fodder Extent,10,+,exposure
Northwestern,Livestock,Buffaloa,Flood,Buffaloa_Flood.xlsx,Var,H1,Flood Hazard Index,100,+,hazard
Northwestern,Livestock,Buffaloa,Flood,Buffaloa_Flood.xlsx,Var,E1,No. of Buffalo Farms,10,+,exposure
Northwestern,Livestock,Buffaloa,Flood,Buffaloa_Flood.xlsx,Var,E2,No.of Buffalo Milk Production Farms,10,+,exposure
Northwestern,Livestock,Buffaloa,Flood,Buffaloa_Flood.xlsx,Var,E3,Total Buffaloes,10,+,exposure
Northwestern,Livestock,Buffaloa,Flood,Buffaloa_Flood.xlsx,Var,E4,% Intensive,10,+,exposure
Northwestern,Livestock,Buffaloa,Flood,Buffaloa_Flood.xlsx,Var,E5,% Semi Intensive,15,+,exposure
Northwestern,Livestock,Buffaloa,Flood,Buffaloa_Flood.xlsx,Var,E6,% Extensive,20,+,exposure
Northwestern,Livestock,Buffaloa,Flood,Buffaloa_Flood.xlsx,Var,E7,Average of amount of Buffalo milk productio/day(L),15,+,exposure
Northwestern,Livestock,Buffaloa,Flood,Buffaloa_Flood.xlsx,Var,E8,Pasture & Fodder Extent,10,+,exposure
Northwestern,Livestock,Cattle,Drought,Cattle_Drought.xlsx,Var,H1,Drought Hazard Index,100,+,hazard
Northwestern,Livestock,Cattle,Drought,Cattle_Drought.xlsx,Var,E1,No.of Neat Cattle Farms,20,+,exposure
Northwestern,Livestock,Cattle,Drought,Cattle_Drought.xlsx,Var,E2,No.of Neat Cattle Milk Production Farms,10,+,exposure
Northwestern,Livestock,Cattle,Drought,Cattle_Drought.xlsx,Var,E3,Total Neat Cattles,15,+,exposure
Northwestern,Livestock,Cattle,Drought,Cattle_Drought.xlsx,Var,E4,% Intensive,5,+,exposure
Northwestern,Livestock,Cattle,Drought,Cattle_Drought.xlsx,Var,E5,% Semi Intensive,10,+,exposure
Northwestern,Livestock,Cattle,Drought,Cattle_Drought.xlsx,Var,E6,% Extensive,20,+,exposure
Northwestern,Livestock,Cattle,Drought,Cattle_Drought.xlsx,Var,E7,Average of amount of cow milk production /day(L),10,+,exposure
Northwestern,Livestock,Cattle,Drought,Cattle_Drought.xlsx,Var,E8,Pasture & Fodder Extent,10,+,exposure
Northwestern,Livestock,Cattle,Flood,Cattle_Flood.xlsx,Var,H1,Flood Hazard Index,100,+,hazard
Northwestern,Livestock,Cattle,Flood,Cattle_Flood.xlsx,Var,E1,No.of Neat Cattle Farms,15,+,exposure
Northwestern,Livestock,Cattle,Flood,Cattle_Flood.xlsx,Var,E2,No.of Neat Cattle Milk Production Farms,10,+,exposure
Northwestern,Livestock,Cattle,Flood,Cattle_Flood.xlsx,Var,E3,Total Neat Cattles,10,+,exposure
Northwestern,Livestock,Cattle,Flood,Cattle_Flood.xlsx,Var,E4,% Intensive,5,+,exposure
Northwestern,Livestock,Cattle,Flood,Cattle_Flood.xlsx,Var,E5,% Semi Intensive,10,+,exposure
Northwestern,Livestock,Cattle,Flood,Cattle_Flood.xlsx,Var,E6,% Extensive,15,+,exposure
Northwestern,Livestock,Cattle,Flood,Cattle_Flood.xlsx,Var,E7,Average of amount of cow milk production/day(L),15,+,exposure
Northwestern,Livestock,Cattle,Flood,Cattle_Flood.xlsx,Var,E8,Pasture & Fodder Extent,5,+,exposure
Northwestern,Livestock,Goat,Drought,Goat_Drought.xlsx,Var,H1,Drought Hazard Index,100,+,hazard
Northwestern,Livestock,Goat,Drought,Goat_Drought.xlsx,Var,E1,No. of Goats farms,25,+,exposure
Northwestern,Livestock,Goat,Drought,Goat_Drought.xlsx,Var,E2,Total Goats,30,+,exposure
Northwestern,Livestock,Goat,Drought,Goat_Drought.xlsx,Var,E3,Pasture & Fodder Extent,20,+,exposure
Northwestern,Livestock,Goat,Drought,Goat_Drought.xlsx,Var,E4,No. of farms selling goat milk,10,+,exposure
Northwestern,Livestock,Goat,Drought,Goat_Drought.xlsx,Var,E5,No. of  farms goat milk processors,15,+,exposure
Northwestern,Livestock,Goat,Flood,Goat_Flood.xlsx,Var,H1,Flood Hazard Index,100,+,hazard
Northwestern,Livestock,Goat,Flood,Goat_Flood.xlsx,Var,E1,No. of Goats farms,25,+,exposure
Northwestern,Livestock,Goat,Flood,Goat_Flood.xlsx,Var,E2,Total Goats,30,+,exposure
Northwestern,Livestock,Goat,Flood,Goat_Flood.xlsx,Var,E3,Pasture & Fodder Extent,15,+,exposure
Northwestern,Livestock,Goat,Flood,Goat_Flood.xlsx,Var,E4,No. of farms selling goat milk,12,+,exposure
Northwestern,Livestock,Goat,Flood,Goat_Flood.xlsx,Var,E5,No. of  farms goat milk processors,18,+,exposure
Northwestern,Livestock,Pig Sheep,Drought,Pig-Sheep_Drought.xlsx,Var,H1,Drought Hazard Index,100,+,hazard
Northwestern,Livestock,Pig Sheep,Drought,Pig-Sheep_Drought.xlsx,Var,E1,No. of Pig Farms,30,+,exposure
Northwestern,Livestock,Pig Sheep,Drought,Pig-Sheep_Drought.xlsx,Var,E2,Total Pigs,15,+,exposure
Northwestern,Livestock,Pig Sheep,Drought,Pig-Sheep_Drought.xlsx,Var,E3,Large white% _ BREEDS,5,+,exposure
Northwestern,Livestock,Pig Sheep,Drought,Pig-Sheep_Drought.xlsx,Var,E4,Land Race% - BREEDS,5,+,exposure
Northwestern,Livestock,Pig Sheep,Drought,Pig-Sheep_Drought.xlsx,Var,E5,Durock % - BREEDS,5,+,exposure
Northwestern,Livestock,Pig Sheep,Drought,Pig-Sheep_Drought.xlsx,Var,E6,local % - BREEDS,5,+,exposure
Northwestern,Livestock,Pig Sheep,Drought,Pig-Sheep_Drought.xlsx,Var,E7,% Cross (LW/Lr/D)_BREEDS,5,+,exposure
Northwestern,Livestock,Pig Sheep,Drought,Pig-Sheep_Drought.xlsx,Var,E8,No. of Sheep Farms,15,+,exposure
Northwestern,Livestock,Pig Sheep,Drought,Pig-Sheep_Drought.xlsx,Var,E9,Total Sheeps,15,+,exposure
Northwestern,Livestock,Pig Sheep,Flood,Pig-Sheep_Flood.xlsx,Var,H1,Flood Hazard Index,100,+,hazard
Northwestern,Livestock,Pig Sheep,Flood,Pig-Sheep_Flood.xlsx,Var,E1,No. of Pig Farms,30,+,exposure
Northwestern,Livestock,Pig Sheep,Flood,Pig-Sheep_Flood.xlsx,Var,E2,Total Pigs,15,+,exposure
Northwestern,Livestock,Pig Sheep,Flood,Pig-Sheep_Flood.xlsx,Var,E3,Large white% _ BREEDS,5,+,exposure
Northwestern,Livestock,Pig Sheep,Flood,Pig-Sheep_Flood.xlsx,Var,E4,Land Race% - BREEDS,5,+,exposure
Northwestern,Livestock,Pig Sheep,Flood,Pig-Sheep_Flood.xlsx,Var,E5,Durock % - BREEDS,5,+,exposure
Northwestern,Livestock,Pig Sheep,Flood,Pig-Sheep_Flood.xlsx,Var,E6,local % - BREEDS,5,+,exposure
Northwestern,Livestock,Pig Sheep,Flood,Pig-Sheep_Flood.xlsx,Var,E7,% Cross (LW/Lr/D)_BREEDS,5,+,exposure
Northwestern,Livestock,Pig Sheep,Flood,Pig-Sheep_Flood.xlsx,Var,E9,No. of Sheep Farms,15,+,exposure
Northwestern,Livestock,Pig Sheep,Flood,Pig-Sheep_Flood.xlsx,Var,E10,Total Sheeps,15,+,exposure
Northwestern,Livestock,Poultry,Drought,Poultry_Drought.xlsx,Var,H1,Drought Hazard Index,100,+,hazard
Northwestern,Livestock,Poultry,Drought,Poultry_Drought.xlsx,Var,E1,No. of Broiler Farms,15,+,exposure
Northwestern,Livestock,Poultry,Drought,Poultry_Drought.xlsx,Var,E2,No. of Layer Farms,15,+,exposure
Northwestern,Livestock,Poultry,Drought,Poultry_Drought.xlsx,Var,E3,No. of Backyard Poultry Farms,15,+,exposure
Northwestern,Livestock,Poultry,Drought,Poultry_Drought.xlsx,Var,E4,No. of Backyard hatcheries -DOC production / weekly,10,+,exposure
Northwestern,Livestock,Poultry,Drought,Poultry_Drought.xlsx,Var,E5,No. of farm shop,5,+,exposure
Northwestern,Livestock,Poultry,Drought,Poultry_Drought.xlsx,Var,E6,No.of live bird collectors,5,+,exposure
Northwestern,Livestock,Poultry,Drought,Poultry_Drought.xlsx,Var,E7,No. of egg collectors,10,+,exposure
Northwestern,Livestock,Poultry,Drought,Poultry_Drought.xlsx,Var,E8,No. of poultry feed manufactures(commercial),5,+,exposure
Northwestern,Livestock,Poultry,Drought,Poultry_Drought.xlsx,Var,E9,No. of poultry feed (self mixed) mixers,5,+,exposure
Northwestern,Livestock,Poultry,Drought,Poultry_Drought.xlsx,Var,E10,No. of meat processing plants,5,+,exposure
Northwestern,Livestock,Poultry,Drought,Poultry_Drought.xlsx,Var,E11,No. of slaughter houses ( municipal ),5,+,exposure
Northwestern,Livestock,Poultry,Drought,Poultry_Drought.xlsx,Var,E12,No. of small scale poultry processing establishments ( manual processors),5,+,exposure
Northwestern,Livestock,Poultry,Flood,Poultry_Flood.xlsx,Var,H1,Flood Hazard Index,100,+,hazard
Northwestern,Livestock,Poultry,Flood,Poultry_Flood.xlsx,Var,E1,No. of Broiler Farms,15,+,exposure
Northwestern,Livestock,Poultry,Flood,Poultry_Flood.xlsx,Var,E2,No. of Layer Farms,15,+,exposure
Northwestern,Livestock,Poultry,Flood,Poultry_Flood.xlsx,Var,E3,No. of Backyard Poultry Farms,15,+,exposure
Northwestern,Livestock,Poultry,Flood,Poultry_Flood.xlsx,Var,E4,No. of Backyard hatcheries -DOC production / weekly,10,+,exposure
Northwestern,Livestock,Poultry,Flood,Poultry_Flood.xlsx,Var,E5,No. of farm shop,5,+,exposure
Northwestern,Livestock,Poultry,Flood,Poultry_Flood.xlsx,Var,E6,No.of live bird collectors,5,+,exposure
Northwestern,Livestock,Poultry,Flood,Poultry_Flood.xlsx,Var,E7,No. of egg collectors,10,+,exposure
Northwestern,Livestock,Poultry,Flood,Poultry_Flood.xlsx,Var,E8,No. of poultry feed manufactures(commercial),5,+,exposure
Northwestern,Livestock,Poultry,Flood,Poultry_Flood.xlsx,Var,E9,No. of poultry feed (self mixed) mixers,5,+,exposure
Northwestern,Livestock,Poultry,Flood,Poultry_Flood.xlsx,Var,E10,No. of meat processing plants,5,+,exposure
Northwestern,Livestock,Poultry,Flood,Poultry_Flood.xlsx,Var,E11,No. of slaughter houses ( municipal ),5,+,exposure
Northwestern,Livestock,Poultry,Flood,Poultry_Flood.xlsx,Var,E12,No. of small scale poultry processing establishments ( manual processors),5,+,exposure
Northwestern,Paddy,,Drought,Paddy_Drought.xlsx,Var,H1,Drought Hazard Index,100,+,hazard
Northwestern,Paddy,,Drought,Paddy_Drought.xlsx,Var,E1,Total Aswedumized paddy  extent,20,+,exposure
Northwestern,Paddy,,Drought,Paddy_Drought.xlsx,Var,E2,% paddy land area (from total land area),15,+,exposure
Northwestern,Paddy,,Drought,Paddy_Drought.xlsx,Var,E3,"Max # of drought affected People during 1974 to 2022 (1974 -2004, 25%, 2005 -2022, 75%)",20,+,exposure
Northwestern,Paddy,,Drought,Paddy_Drought.xlsx,Var,E4,No. of paddy farmers,15,+,exposure
Northwestern,Paddy,,Drought,Paddy_Drought.xlsx,Var,E5,% of Paddy farmers from total  Agricultural Operators,15,+,exposure
Northwestern,Paddy,,Drought,Paddy_Drought.xlsx,Var,E6,% rain-fed paddy lands,15,+,exposure
Northwestern,Paddy,,Flood,Paddy_Flood.xlsx,Var,H1,Flood Hazard Index,100,+,hazard
Northwestern,Paddy,,Flood,Paddy_Flood.xlsx,Var,E1,Total Asweddumized paddy  extent,20,+,exposure
Northwestern,Paddy,,Flood,Paddy_Flood.xlsx,Var,E2,% paddy land area (from total land area),20,+,exposure
Northwestern,Paddy,,Flood,Paddy_Flood.xlsx,Var,E3,No. of paddy farmers,10,+,exposure
Northwestern,Paddy,,Flood,Paddy_Flood.xlsx,Var,E4,% of Paddy farmers from total  Agricultural Operators,10,+,exposure
Northwestern,Paddy,,Flood,Paddy_Flood.xlsx,Var,E5,Water surface area,15,-,exposure
Northwestern,Paddy,,Flood,Paddy_Flood.xlsx,Var,E6,% of water surface area,15,-,exposure
Northwestern,Paddy,,Flood,Paddy_Flood.xlsx,Var,E7,% of forest cover,5,-,exposure
Northwestern,Paddy,,Flood,Paddy_Flood.xlsx,Var,E8,Annual average rainfall,5,+,exposure
Northwestern,Potable Water,,Flood,Potable_Water_Flood.xlsx,Var,H1,Flood Hazard Index,100,+,hazard
Northwestern,Potable Water,,Flood,Potable_Water_Flood.xlsx,Var,E1,Total Population,10,+,exposure
Northwestern,Potable Water,,Flood,Potable_Water_Flood.xlsx,Var,E2,% of HH_Pipe born water,10,-,exposure
Northwestern,Potable Water,,Flood,Potable_Water_Flood.xlsx,Var,E3,"Max # of flood affected People during 1974 to 2023 (1974 -2004, 25%, 2005 -2023, 75%)",30,+,exposure
Northwestern,Potable Water,,Flood,Potable_Water_Flood.xlsx,Var,E4,No. of water intake points,20,+,exposure
Northwestern,Potable Water,,Flood,Potable_Water_Flood.xlsx,Var,E5,% of HH fed  by wells,15,+,exposure
Northwestern,Potable Water,,Flood,Potable_Water_Flood.xlsx,Var,E6,% of HH_Rural water supply project,15,+,exposure
Northwestern,Potable Water,,Landslide,Potable_Water_Landslide.xlsx,Var,H1,Landslide Hazard Index,100,+,hazard
Northwestern,Potable Water,,Landslide,Potable_Water_Landslide.xlsx,Var,E1,Population density in DSD,15,+,exposure
Northwestern,Potable Water,,Landslide,Potable_Water_Landslide.xlsx,Var,E2,Total buildings in landslide affected area,10,+,exposure
Northwestern,Potable Water,,Landslide,Potable_Water_Landslide.xlsx,Var,E3,Total landslide affected area,10,+,exposure
Northwestern,Potable Water,,Landslide,Potable_Water_Landslide.xlsx,Var,E4,% of landslide affected area,10,+,exposure
Northwestern,Potable Water,,Landslide,Potable_Water_Landslide.xlsx,Var,E5,Max # of Landslide affected People during 1974 to 2023,20,+,exposure
Northwestern,Potable Water,,Landslide,Potable_Water_Landslide.xlsx,Var,E6,No. of water intake points,10,+,exposure
Northwestern,Potable Water,,Landslide,Potable_Water_Landslide.xlsx,Var,E7,% of HH fed  by wells,10,+,exposure
Northwestern,Potable Water,,Landslide,Potable_Water_Landslide.xlsx,Var,E8,% of HH- Rural water supply project,15,+,exposure
Northwestern,Potable Water,,Drought,Potable_water_Drought.xlsx,Var,H1,Drought Hazard Index,100,+,hazard
Northwestern,Potable Water,,Drought,Potable_water_Drought.xlsx,Var,E1,Total Population,10,+,exposure
Northwestern,Potable Water,,Drought,Potable_water_Drought.xlsx,Var,E2,%  of HH -Pipe born water,10,-,exposure
Northwestern,Potable Water,,Drought,Potable_water_Drought.xlsx,Var,E3,"Max # of Drought affected People during 1974 to 2022 (1974 -2004, 25%, 2005 -2022, 75%)",20,+,exposure
Northwestern,Potable Water,,Drought,Potable_water_Drought.xlsx,Var,E4,No. of water intake points,10,+,exposure
Northwestern,Potable Water,,Drought,Potable_water_Drought.xlsx,Var,E5,% of HH fed  by wells,10,+,exposure
Northwestern,Potable Water,,Drought,Potable_water_Drought.xlsx,Var,E6,% of HH_Rural water supply project,25,+,exposure
Northwestern,Potable Water,,Drought,Potable_water_Drought.xlsx,Var,E7,% of Water surface area,10,-,exposure
Northwestern,Potable Water,,Drought,Potable_water_Drought.xlsx,Var,E8,% of forest cover,5,-,exposure
Northwestern,Tourism,,Drought,Tourism_Drought.xlsx,Var,H1,Drought Hazard Index,100,+,hazard
Northwestern,Tourism,,Drought,Tourism_Drought.xlsx,Var,E1,Total hotels,20,+,exposure
Northwestern,Tourism,,Drought,Tourism_Drought.xlsx,Var,E2,Accommodation and food service activities- No. of  Establishments,20,+,exposure
Northwestern,Tourism,,Drought,Tourism_Drought.xlsx,Var,E3,Accommodation and food service activities- No. of Persons Engaged,20,+,exposure
Northwestern,Tourism,,Drought,Tourism_Drought.xlsx,Var,E4,"Arts, entertainment and recreation- No. of Establishments",20,+,exposure
Northwestern,Tourism,,Drought,Tourism_Drought.xlsx,Var,E5,"Arts, entertainment and recreation- No. of Persons Engaged",20,+,exposure
Northwestern,Tourism,,Flood,Tourism_Flood.xlsx,Var,H1,Flood Hzard Index,100,+,hazard
Northwestern,Tourism,,Flood,Tourism_Flood.xlsx,Var,E1,Total hotels,20,+,exposure
Northwestern,Tourism,,Flood,Tourism_Flood.xlsx,Var,E2,Accommodation and food service activities- No. of Establishments,20,+,exposure
Northwestern,Tourism,,Flood,Tourism_Flood.xlsx,Var,E3,Accommodation and food service activities- No. of Persons Engaged,20,+,exposure
Northwestern,Tourism,,Flood,Tourism_Flood.xlsx,Var,E4,"Arts, entertainment and recreation- No. of Establishments",20,+,exposure
Northwestern,Tourism,,Flood,Tourism_Flood.xlsx,Var,E5,"Arts, entertainment and recreation- No. of Persons Engaged",20,+,exposure
Northwestern,Transport,,Flood,Transport_Flood.xlsx,Var,H1,Flood Hazard Index,100,+,hazard
Northwestern,Transport,,Flood,Transport_Flood.xlsx,Var,E1,Flood affected main road length,10,+,exposure
Northwestern,Transport,,Flood,Transport_Flood.xlsx,Var,E2,Flood affected Secondary road length,15,+,exposure
Northwestern,Transport,,Flood,Transport_Flood.xlsx,Var,E3,Flood affected Track length,45,+,exposure
Northwestern,Transport,,Flood,Transport_Flood.xlsx,Var,E4,Total railway length,10,+,exposure
Northwestern,Transport,,Flood,Transport_Flood.xlsx,Var,E5,HH with no proper access road,15,+,exposure
Northwestern,Transport,,Flood,Transport_Flood.xlsx,Var,E6,Road density,5,-,exposure
Northwestern,Transport,,Landslide,Transport_Landslide.xlsx,Var,H1,Landslide Hazard Index,100,+,hazard
Northwestern,Transport,,Landslide,Transport_Landslide.xlsx,Var,E1,Landslide affected main road length,30,+,exposure
Northwestern,Transport,,Landslide,Transport_Landslide.xlsx,Var,E2,Landslide affected Secondary road length,25,+,exposure
Northwestern,Transport,,Landslide,Transport_Landslide.xlsx,Var,E3,Landslide affected Track length,15,+,exposure
Northwestern,Transport,,Landslide,Transport_Landslide.xlsx,Var,E4,Landslide affected railway length,10,+,exposure
Northwestern,Transport,,Landslide,Transport_Landslide.xlsx,Var,E5,HH with no proper access road,10,+,exposure
Northwestern,Transport,,Landslide,Transport_Landslide.xlsx,Var,E6,Road density,10,-,exposure
Sabaragamuwa,Coconut,,Drought,Coconut_Drought.xlsx,Var,H1,"No. of drought events - 1974 to 2022 (1974-2004, 25%, 2005 -2022, 75%)",50,+,hazard
Sabaragamuwa,Coconut,,Drought,Coconut_Drought.xlsx,Var,H2,Occurrence of warm days (TX90p),10,+,hazard
Sabaragamuwa,Coconut,,Drought,Coconut_Drought.xlsx,Var,H3,SPI (Intensity),40,+,hazard
Sabaragamuwa,Coconut,,Drought,Coconut_Drought.xlsx,Var,E1,Coconut  extent,25,+,exposure
Sabaragamuwa,Coconut,,Drought,Coconut_Drought.xlsx,Var,E2,No. of Coconut  farmers,30,+,exposure
Sabaragamuwa,Coconut,,Drought,Coconut_Drought.xlsx,Var,E3,Estate Sector population,20,+,exposure
Sabaragamuwa,Coconut,,Drought,Coconut_Drought.xlsx,Var,E4,% Coconut  extent from total agricultural lands,25,+,exposure
Sabaragamuwa,Human Settlements,,Drought,Hu_Se_Drought.xlsx,Var,H1,"No. of drought events - 1974 to 2022 (1974-2004, 25%, 2005 -2022, 75%)",40,+,hazard
Sabaragamuwa,Human Settlements,,Drought,Hu_Se_Drought.xlsx,Var,H2,Occurrence of warm days (TX90p),30,+,hazard
Sabaragamuwa,Human Settlements,,Drought,Hu_Se_Drought.xlsx,Var,H3,SPI (Intensity),30,+,hazard
Sabaragamuwa,Human Settlements,,Drought,Hu_Se_Drought.xlsx,Var,E1,Total Population,12,+,exposure
Sabaragamuwa,Human Settlements,,Drought,Hu_Se_Drought.xlsx,Var,E2,Population density,10,+,exposure
Sabaragamuwa,Human Settlements,,Drought,Hu_Se_Drought.xlsx,Var,E3,No. of housing units,4,+,exposure
Sabaragamuwa,Human Settlements,,Drought,Hu_Se_Drought.xlsx,Var,E4,Max # of drought affected People during 1974 to 2022,25,+,exposure
Sabaragamuwa,Human Settlements,,Drought,Hu_Se_Drought.xlsx,Var,E5,% area under urban classification,7,+,exposure
Sabaragamuwa,Human Settlements,,Drought,Hu_Se_Drought.xlsx,Var,E6,% area under human settlements (Urban and rural),2,+,exposure
Sabaragamuwa,Human Settlements,,Drought,Hu_Se_Drought.xlsx,Var,E7,% HH with pipe borne water,6,-,exposure
Sabaragamuwa,Human Settlements,,Drought,Hu_Se_Drought.xlsx,Var,E8,No.of no proper sanitation facilities,5,+,exposure
Sabaragamuwa,Human Settlements,,Drought,Hu_Se_Drought.xlsx,Var,E9,% of Roofs consist of Galvanize Sheets,12,+,exposure
Sabaragamuwa,Human Settlements,,Drought,Hu_Se_Drought.xlsx,Var,E10,% surface area of water bodies within DS area,3,-,exposure
Sabaragamuwa,Human Settlements,,Drought,Hu_Se_Drought.xlsx,Var,E11,% of temporary houses,7,+,exposure
Sabaragamuwa,Human Settlements,,Drought,Hu_Se_Drought.xlsx,Var,E12,Human Animal Attacks,7,+,exposure
Sabaragamuwa,Human Settlements,,Flood,Hu_Se_Flood.xlsx,Var,H1,"No. of Flood events - 1974 to 2023 (1974-2004, 25%, 2005 -2023, 75%)",50,+,hazard
Sabaragamuwa,Human Settlements,,Flood,Hu_Se_Flood.xlsx,Var,H2,Very wet days (95th percentile) and 3 day cumulative rain fall (out of 35 - 40% for very wet days and 60% for 3 day cumulative respectively),35,+,hazard
Sabaragamuwa,Human Settlements,,Flood,Hu_Se_Flood.xlsx,Var,H3,Strong wind events - 1978 to 2023,10,+,hazard
Sabaragamuwa,Human Settlements,,Flood,Hu_Se_Flood.xlsx,Var,H4,No. of lightning incidents  - 1974 to 2023,5,+,hazard
Sabaragamuwa,Human Settlements,,Flood,Hu_Se_Flood.xlsx,Var,E1,%  Extent of Major floods affected area,10,+,exposure
Sabaragamuwa,Human Settlements,,Flood,Hu_Se_Flood.xlsx,Var,E2,Total buildings in flood affected area,10,+,exposure
Sabaragamuwa,Human Settlements,,Flood,Hu_Se_Flood.xlsx,Var,E3,Flood affected human settlement area,30,+,exposure
Sabaragamuwa,Human Settlements,,Flood,Hu_Se_Flood.xlsx,Var,E4,"Max # of flood affected People during  1974 to 2023 (1974-2004, 25%, 2005 -2023, 75%)",35,+,exposure
Sabaragamuwa,Human Settlements,,Flood,Hu_Se_Flood.xlsx,Var,E5,Flood affected  road length,10,+,exposure
Sabaragamuwa,Human Settlements,,Flood,Hu_Se_Flood.xlsx,Var,E6,No. of Flood affected schools,5,+,exposure
Sabaragamuwa,Human Settlements,,Landslide,Hu_Se_Landslide.xlsx,Var,H1,Landslide  events (1974 - 2023),50,+,hazard
Sabaragamuwa,Human Settlements,,Landslide,Hu_Se_Landslide.xlsx,Var,H2,Very wet days (95th percentile) and 3 day cumulative rain fall (out of 35 - 40% for very wet days and 60% for 3 day cumulative respectively),30,+,hazard
Sabaragamuwa,Human Settlements,,Landslide,Hu_Se_Landslide.xlsx,Var,H3,Cutting failures (2000 - 2023),20,+,hazard
Sabaragamuwa,Human Settlements,,Landslide,Hu_Se_Landslide.xlsx,Var,E1,No. of buildings in landslide prone area (high and moderate),15,+,exposure
Sabaragamuwa,Human Settlements,,Landslide,Hu_Se_Landslide.xlsx,Var,E2,Landslide prone Human Settlements,10,+,exposure
Sabaragamuwa,Human Settlements,,Landslide,Hu_Se_Landslide.xlsx,Var,E3,Total Landslide  affected area (High and Moderate),10,+,exposure
Sabaragamuwa,Human Settlements,,Landslide,Hu_Se_Landslide.xlsx,Var,E4,Max # of landslide affected People during 1974 to 2023,20,+,exposure
Sabaragamuwa,Human Settlements,,Landslide,Hu_Se_Landslide.xlsx,Var,E5,landslide affected  road length,15,+,exposure
Sabaragamuwa,Human Settlements,,Landslide,Hu_Se_Landslide.xlsx,Var,E6,Road Density,10,-,exposure
Sabaragamuwa,Human Settlements,,Landslide,Hu_Se_Landslide.xlsx,Var,E7,Schools  in landslide prone area (high and moderate),10,+,exposure
Sabaragamuwa,Human Settlements,,Landslide,Hu_Se_Landslide.xlsx,Var,E8,No. of Public hospitals,10,-,exposure
Sabaragamuwa,Industry,,Drought,Industry_Drought.xlsx,Var,H1,"No. of drought events - 1974 to 2022 (1974 -2004, 25%, 2005 -2022, 75%)",50,+,hazard
Sabaragamuwa,Industry,,Drought,Industry_Drought.xlsx,Var,H2,Occurrence of warm days (TX90p),10,+,hazard
Sabaragamuwa,Industry,,Drought,Industry_Drought.xlsx,Var,H3,SPI (Intensity),40,+,hazard
Sabaragamuwa,Industry,,Drought,Industry_Drought.xlsx,Var,E1,Total establishments in  manufacturing Industries,10,+,exposure
Sabaragamuwa,Industry,,Drought,Industry_Drought.xlsx,Var,E2,Total No. of Industrial establishments (small and informal industries),5,+,exposure
Sabaragamuwa,Industry,,Drought,Industry_Drought.xlsx,Var,E3,Max # of drought affected People during 1974 to 2022,10,+,exposure
Sabaragamuwa,Industry,,Drought,Industry_Drought.xlsx,Var,E4,Persons engaged in manufacture of food products industries,10,+,exposure
Sabaragamuwa,Industry,,Drought,Industry_Drought.xlsx,Var,E5,Persons engaged in manufacture of beverages industries,10,+,exposure
Sabaragamuwa,Industry,,Drought,Industry_Drought.xlsx,Var,E6,Total Persons engaged (small and informal industries),5,+,exposure
Sabaragamuwa,Industry,,Drought,Industry_Drought.xlsx,Var,E7,"No. of industries in Food, Beverages & tobacco",10,+,exposure
Sabaragamuwa,Industry,,Drought,Industry_Drought.xlsx,Var,E8,Persons engaged in manufacture of dairy product industries,15,+,exposure
Sabaragamuwa,Industry,,Drought,Industry_Drought.xlsx,Var,E9,Accommodation and food service activities- No. of Establishments,15,+,exposure
Sabaragamuwa,Industry,,Drought,Industry_Drought.xlsx,Var,E10,Accommodation and food service activities- No. of Persons Engaged,10,+,exposure
Sabaragamuwa,Industry,,Flood,Industry_Flood.xlsx,Var,H1,"No. of Flood events - 1974 to 2023 (1974-2004, 25%, 2005 -2023, 75%)",50,+,hazard
Sabaragamuwa,Industry,,Flood,Industry_Flood.xlsx,Var,H2,Very wet days (95th percentile) and 3 day cumulative rain fall (out of 35 - 40% for very wet days and 60% for 3 day cumulative respectively),35,+,hazard
Sabaragamuwa,Industry,,Flood,Industry_Flood.xlsx,Var,H3,Strong wind events - 1978 to 2023,10,+,hazard
Sabaragamuwa,Industry,,Flood,Industry_Flood.xlsx,Var,H4,No. of lightning incidents  - 1974 to 2023,5,+,hazard
Sabaragamuwa,Industry,,Flood,Industry_Flood.xlsx,Var,E1,Total establishments in  manufacturing Industries,10,+,exposure
Sabaragamuwa,Industry,,Flood,Industry_Flood.xlsx,Var,E2,Total No. of Mining & Quarrying industries,10,+,exposure
Sabaragamuwa,Industry,,Flood,Industry_Flood.xlsx,Var,E3,Total No. of Industrial establishments (small and informal industries),5,+,exposure
Sabaragamuwa,Industry,,Flood,Industry_Flood.xlsx,Var,E4,"Max # of flood affected People during  1974 to 2023 (1974-2004, 25%, 2005 -2023, 75%)",10,+,exposure
Sabaragamuwa,Industry,,Flood,Industry_Flood.xlsx,Var,E5,Flood affected  road length,10,+,exposure
Sabaragamuwa,Industry,,Flood,Industry_Flood.xlsx,Var,E6,Total Persons engaged (small and informal industries),5,+,exposure
Sabaragamuwa,Industry,,Flood,Industry_Flood.xlsx,Var,E7,"Persons engaged in processing and preserving of fish, crustaceans and mollusks industries",20,+,exposure
Sabaragamuwa,Industry,,Flood,Industry_Flood.xlsx,Var,E8,Persons engaged in manufacture of dairy product industries,10,+,exposure
Sabaragamuwa,Industry,,Flood,Industry_Flood.xlsx,Var,E9,Accommodation and food service activities- No. of Establishments,10,+,exposure
Sabaragamuwa,Industry,,Flood,Industry_Flood.xlsx,Var,E10,Accommodation and food service activities- No. of Persons Engaged,10,+,exposure
Sabaragamuwa,Irrigation Water,,Drought,Irrigation_Water_Drought.xlsx,Var,H1,"No. of drought events - 1974 to 2022 (1974-2004, 25%, 2005 -2022, 75%)",50,+,hazard
Sabaragamuwa,Irrigation Water,,Drought,Irrigation_Water_Drought.xlsx,Var,H2,Occurrence of warm days (TX90p),10,+,hazard
Sabaragamuwa,Irrigation Water,,Drought,Irrigation_Water_Drought.xlsx,Var,H3,SPI (Intensity),40,+,hazard
Sabaragamuwa,Irrigation Water,,Drought,Irrigation_Water_Drought.xlsx,Var,E1,% of total irrigated paddy area from total paddy extent,40,+,exposure
Sabaragamuwa,Irrigation Water,,Drought,Irrigation_Water_Drought.xlsx,Var,E2,Farm households population,30,+,exposure
Sabaragamuwa,Irrigation Water,,Drought,Irrigation_Water_Drought.xlsx,Var,E3,"Max # of drought affected People during 1974 to 2022 (1974 -2004, 25%, 2005 -2022, 75%)",30,+,exposure
Sabaragamuwa,Irrigation Water,,Flood,Irrigation_Water_Flood.xlsx,Var,H1,"No. of Flood events - 1974 to 2023 (1974-2004, 25%, 2005 -2023, 75%)",50,+,hazard
Sabaragamuwa,Irrigation Water,,Flood,Irrigation_Water_Flood.xlsx,Var,H2,Very wet days (95th percentile) and 3 day cumulative rain fall (out of 35 - 40% for very wet days and 60% for 3 day cumulative respectively),35,+,hazard
Sabaragamuwa,Irrigation Water,,Flood,Irrigation_Water_Flood.xlsx,Var,H3,Strong wind events - 1978 to 2023,10,+,hazard
Sabaragamuwa,Irrigation Water,,Flood,Irrigation_Water_Flood.xlsx,Var,H4,No. of lightning incidents  - 1974 to 2023,5,+,hazard
Sabaragamuwa,Irrigation Water,,Flood,Irrigation_Water_Flood.xlsx,Var,E1,% of total irrigated paddy area from total paddy extent,50,+,exposure
Sabaragamuwa,Irrigation Water,,Flood,Irrigation_Water_Flood.xlsx,Var,E2,Farm household's population,40,+,exposure
Sabaragamuwa,Irrigation Water,,Flood,Irrigation_Water_Flood.xlsx,Var,E3,"Max # of flood affected People during 1974 to 2023 (1974 -2004, 25%, 2005 -2023, 75%)",10,+,exposure
Sabaragamuwa,Livestock,Buffalo,Drought,Buffalo_Drought.xlsx,Var,H1,"No. of drought events - 1974 to 2022 (1974-2004, 25%, 2005 -2022, 75%)",50,+,hazard
Sabaragamuwa,Livestock,Buffalo,Drought,Buffalo_Drought.xlsx,Var,H2,Occurrence of warm days (TX90p),10,+,hazard
Sabaragamuwa,Livestock,Buffalo,Drought,Buffalo_Drought.xlsx,Var,H3,SPI (Intensity),40,+,hazard
Sabaragamuwa,Livestock,Buffalo,Drought,Buffalo_Drought.xlsx,Var,E1,Buffalo Population,20,+,exposure
Sabaragamuwa,Livestock,Buffalo,Drought,Buffalo_Drought.xlsx,Var,E2,No. of Buffalo Farmers,20,+,exposure
Sabaragamuwa,Livestock,Buffalo,Drought,Buffalo_Drought.xlsx,Var,E3,Annual Mitch Buffalo Milk Production (l),40,+,exposure
Sabaragamuwa,Livestock,Buffalo,Drought,Buffalo_Drought.xlsx,Var,E4,% of Buffalo Farmers from total livestock operators,10,+,exposure
Sabaragamuwa,Livestock,Buffalo,Drought,Buffalo_Drought.xlsx,Var,E5,Pasture & Fodder Extent (Acre),10,+,exposure
Sabaragamuwa,Livestock,Buffalo,Flood,Buffalo_Flood.xlsx,Var,H1,"No. of Flood events - 1974 to 2023 (1974-2004, 25%, 2005 -2023, 75%)",50,+,hazard
Sabaragamuwa,Livestock,Buffalo,Flood,Buffalo_Flood.xlsx,Var,H2,Very wet days (95th percentile) and 3 day cumulative rain fall (out of 35 - 40% for very wet days and 60% for 3 day cumulative respectively),35,+,hazard
Sabaragamuwa,Livestock,Buffalo,Flood,Buffalo_Flood.xlsx,Var,H3,Strong wind events - 1978 to 2023,10,+,hazard
Sabaragamuwa,Livestock,Buffalo,Flood,Buffalo_Flood.xlsx,Var,H4,No. of lightning incidents  - 1974 to 2023,5,+,hazard
Sabaragamuwa,Livestock,Buffalo,Flood,Buffalo_Flood.xlsx,Var,E1,Buffalo Population,25,+,exposure
Sabaragamuwa,Livestock,Buffalo,Flood,Buffalo_Flood.xlsx,Var,E2,No. of Buffalo Farmers,20,+,exposure
Sabaragamuwa,Livestock,Buffalo,Flood,Buffalo_Flood.xlsx,Var,E3,Annual Mitch Buffalo Milk Production (l),25,+,exposure
Sabaragamuwa,Livestock,Buffalo,Flood,Buffalo_Flood.xlsx,Var,E4,% of Buffalo Farmers from total livestock operators,20,+,exposure
Sabaragamuwa,Livestock,Buffalo,Flood,Buffalo_Flood.xlsx,Var,E5,Pasture & Fodder Extent (Acre),10,+,exposure
Sabaragamuwa,Livestock,Cattle,Drought,Cattle_Drought.xlsx,Var,H1,"No. of drought events - 1974 to 2022 (1974-2004, 25%, 2005 -2022, 75%)",50,+,hazard
Sabaragamuwa,Livestock,Cattle,Drought,Cattle_Drought.xlsx,Var,H2,Occurrence of warm days (TX90p),10,+,hazard
Sabaragamuwa,Livestock,Cattle,Drought,Cattle_Drought.xlsx,Var,H3,SPI (Intensity),40,+,hazard
Sabaragamuwa,Livestock,Cattle,Drought,Cattle_Drought.xlsx,Var,E1,Cattle Population,20,+,exposure
Sabaragamuwa,Livestock,Cattle,Drought,Cattle_Drought.xlsx,Var,E2,No. of Cattle Farmers,20,+,exposure
Sabaragamuwa,Livestock,Cattle,Drought,Cattle_Drought.xlsx,Var,E3,Annual Milk Production (l),40,+,exposure
Sabaragamuwa,Livestock,Cattle,Drought,Cattle_Drought.xlsx,Var,E4,% Cattle Farmers from total livestock Operators,10,+,exposure
Sabaragamuwa,Livestock,Cattle,Drought,Cattle_Drought.xlsx,Var,E5,Pasture & Fodder Extent (Acre),10,+,exposure
Sabaragamuwa,Livestock,Cattle,Flood,Cattle_Flood.xlsx,Var,H1,"No. of Flood events - 1974 to 2023 (1974-2004, 25%, 2005 -2023, 75%)",50,+,hazard
Sabaragamuwa,Livestock,Cattle,Flood,Cattle_Flood.xlsx,Var,H2,Very wet days (95th percentile) and 3 day cumulative rain fall (out of 35 - 40% for very wet days and 60% for 3 day cumulative respectively),35,+,hazard
Sabaragamuwa,Livestock,Cattle,Flood,Cattle_Flood.xlsx,Var,H3,Strong wind events - 1978 to 2023,10,+,hazard
Sabaragamuwa,Livestock,Cattle,Flood,Cattle_Flood.xlsx,Var,H4,No. of lightning incidents  - 1974 to 2023,5,+,hazard
Sabaragamuwa,Livestock,Cattle,Flood,Cattle_Flood.xlsx,Var,E1,Cattle Population,20,+,exposure
Sabaragamuwa,Livestock,Cattle,Flood,Cattle_Flood.xlsx,Var,E2,No. of Cattle Farmers,20,+,exposure
Sabaragamuwa,Livestock,Cattle,Flood,Cattle_Flood.xlsx,Var,E3,Annual Milk Production (l),40,+,exposure
Sabaragamuwa,Livestock,Cattle,Flood,Cattle_Flood.xlsx,Var,E4,% Cattle Farmers from total livestock Operators,5,+,exposure
Sabaragamuwa,Livestock,Cattle,Flood,Cattle_Flood.xlsx,Var,E5,Pasture & Fodder Extent (Acre),15,+,exposure
Sabaragamuwa,Livestock,Goat,Drought,Goat_Drought.xlsx,Var,H1,"No. of drought events - 1974 to 2022 (1974-2004, 25%, 2005 -2022, 75%)",50,+,hazard
Sabaragamuwa,Livestock,Goat,Drought,Goat_Drought.xlsx,Var,H2,Occurrence of warm days (TX90p),10,+,hazard
Sabaragamuwa,Livestock,Goat,Drought,Goat_Drought.xlsx,Var,H3,SPI (Intensity),40,+,hazard
Sabaragamuwa,Livestock,Goat,Drought,Goat_Drought.xlsx,Var,E1,Goat Population,25,+,exposure
Sabaragamuwa,Livestock,Goat,Drought,Goat_Drought.xlsx,Var,E2,# of Goat Farmers,10,+,exposure
Sabaragamuwa,Livestock,Goat,Drought,Goat_Drought.xlsx,Var,E3,Annual Milk Production (l),40,+,exposure
Sabaragamuwa,Livestock,Goat,Drought,Goat_Drought.xlsx,Var,E4,Annual Mutton Production (Kg),15,+,exposure
Sabaragamuwa,Livestock,Goat,Drought,Goat_Drought.xlsx,Var,E5,Pasture & Fodder Extent,10,+,exposure
Sabaragamuwa,Livestock,Goat,Flood,Goat_Flood.xlsx,Var,H1,"No. of Flood events - 1974 to 2023 (1974-2004, 25%, 2005 -2023, 75%)",50,+,hazard
Sabaragamuwa,Livestock,Goat,Flood,Goat_Flood.xlsx,Var,H2,Very wet days (95th percentile) and 3 day cumulative rain fall (out of 35 - 40% for very wet days and 60% for 3 day cumulative respectively),35,+,hazard
Sabaragamuwa,Livestock,Goat,Flood,Goat_Flood.xlsx,Var,H3,Strong wind events - 1978 to 2023,10,+,hazard
Sabaragamuwa,Livestock,Goat,Flood,Goat_Flood.xlsx,Var,H4,No. of lightning incidents  - 1974 to 2023,5,+,hazard
Sabaragamuwa,Livestock,Goat,Flood,Goat_Flood.xlsx,Var,E1,Goat Population,25,+,exposure
Sabaragamuwa,Livestock,Goat,Flood,Goat_Flood.xlsx,Var,E2,# of Goat Farmers,10,+,exposure
Sabaragamuwa,Livestock,Goat,Flood,Goat_Flood.xlsx,Var,E3,Annual Milk Production (l),40,+,exposure
Sabaragamuwa,Livestock,Goat,Flood,Goat_Flood.xlsx,Var,E4,Annual Mutton Production (Kg),15,+,exposure
Sabaragamuwa,Livestock,Goat,Flood,Goat_Flood.xlsx,Var,E5,Pasture & Fodder Extent,10,+,exposure
Sabaragamuwa,Livestock,Pig Sheep,Drought,Pig-Sheep-Drought.xlsx,Var,H1,"No. of drought events - 1974 to 2022 (1974-2004, 25%, 2005 -2022, 75%)",50,+,hazard
Sabaragamuwa,Livestock,Pig Sheep,Drought,Pig-Sheep-Drought.xlsx,Var,H2,Occurrence of warm days (TX90p),10,+,hazard
Sabaragamuwa,Livestock,Pig Sheep,Drought,Pig-Sheep-Drought.xlsx,Var,H3,SPI (Intensity),40,+,hazard
Sabaragamuwa,Livestock,Pig Sheep,Drought,Pig-Sheep-Drought.xlsx,Var,E1,Pig Population,20,+,exposure
Sabaragamuwa,Livestock,Pig Sheep,Drought,Pig-Sheep-Drought.xlsx,Var,E2,Sheep Population,20,+,exposure
Sabaragamuwa,Livestock,Pig Sheep,Drought,Pig-Sheep-Drought.xlsx,Var,E3,# of Pig Farmers,10,+,exposure
Sabaragamuwa,Livestock,Pig Sheep,Drought,Pig-Sheep-Drought.xlsx,Var,E4,# of Sheep Farmers,10,+,exposure
Sabaragamuwa,Livestock,Pig Sheep,Drought,Pig-Sheep-Drought.xlsx,Var,E5,Annual Pork Production,40,+,exposure
Sabaragamuwa,Livestock,Pig Sheep,Flood,Pig-Sheep_Flood.xlsx,Var,H1,"No. of Flood events - 1974 to 2023 (1974-2004, 25%, 2005 -2023, 75%)",50,+,hazard
Sabaragamuwa,Livestock,Pig Sheep,Flood,Pig-Sheep_Flood.xlsx,Var,H2,Very wet days (95th percentile) and 3 day cumulative rain fall (out of 35 - 40% for very wet days and 60% for 3 day cumulative respectively),35,+,hazard
Sabaragamuwa,Livestock,Pig Sheep,Flood,Pig-Sheep_Flood.xlsx,Var,H3,Strong wind events - 1978 to 2023,10,+,hazard
Sabaragamuwa,Livestock,Pig Sheep,Flood,Pig-Sheep_Flood.xlsx,Var,H4,No. of lightning incidents  - 1974 to 2023,5,+,hazard
Sabaragamuwa,Livestock,Pig Sheep,Flood,Pig-Sheep_Flood.xlsx,Var,E1,Pig Population,20,+,exposure
Sabaragamuwa,Livestock,Pig Sheep,Flood,Pig-Sheep_Flood.xlsx,Var,E2,Sheep Population,20,+,exposure
Sabaragamuwa,Livestock,Pig Sheep,Flood,Pig-Sheep_Flood.xlsx,Var,E3,# of Pig Farmers,10,+,exposure
Sabaragamuwa,Livestock,Pig Sheep,Flood,Pig-Sheep_Flood.xlsx,Var,E4,# of Sheep Farmers,10,+,exposure
Sabaragamuwa,Livestock,Pig Sheep,Flood,Pig-Sheep_Flood.xlsx,Var,E5,Annual Pork Production,40,+,exposure
Sabaragamuwa,Livestock,Poultry,Drought,Poultry_Drought.xlsx,Var,H1,"No. of drought events - 1974 to 2022 (1974-2004, 25%, 2005 -2022, 75%)",50,+,hazard
Sabaragamuwa,Livestock,Poultry,Drought,Poultry_Drought.xlsx,Var,H2,Occurrence of warm days (TX90p),10,+,hazard
Sabaragamuwa,Livestock,Poultry,Drought,Poultry_Drought.xlsx,Var,H3,SPI (Intensity),40,+,hazard
Sabaragamuwa,Livestock,Poultry,Drought,Poultry_Drought.xlsx,Var,E1,Poultry Population,40,+,exposure
Sabaragamuwa,Livestock,Poultry,Drought,Poultry_Drought.xlsx,Var,E2,No. of Poultry Farmers,20,+,exposure
Sabaragamuwa,Livestock,Poultry,Drought,Poultry_Drought.xlsx,Var,E3,Egg Production (Annual),30,+,exposure
Sabaragamuwa,Livestock,Poultry,Drought,Poultry_Drought.xlsx,Var,E4,% Poultry Farmers from total livestock farmers,10,+,exposure
Sabaragamuwa,Livestock,Poultry,Flood,Poultry_Flood.xlsx,Var,H1,"No. of Flood events - 1974 to 2023 (1974-2004, 25%, 2005 -2023, 75%)",50,+,hazard
Sabaragamuwa,Livestock,Poultry,Flood,Poultry_Flood.xlsx,Var,H2,Very wet days (95th percentile) and 3 day cumulative rain fall (out of 35 - 40% for very wet days and 60% for 3 day cumulative respectively),35,+,hazard
Sabaragamuwa,Livestock,Poultry,Flood,Poultry_Flood.xlsx,Var,H3,Strong wind events - 1978 to 2023,10,+,hazard
Sabaragamuwa,Livestock,Poultry,Flood,Poultry_Flood.xlsx,Var,H4,No. of lightning incidents  - 1974 to 2023,5,+,hazard
Sabaragamuwa,Livestock,Poultry,Flood,Poultry_Flood.xlsx,Var,E1,Poultry Population,40,+,exposure
Sabaragamuwa,Livestock,Poultry,Flood,Poultry_Flood.xlsx,Var,E2,No. of Poultry Farmers,20,+,exposure
Sabaragamuwa,Livestock,Poultry,Flood,Poultry_Flood.xlsx,Var,E3,Egg Production (Annual),30,+,exposure
Sabaragamuwa,Livestock,Poultry,Flood,Poultry_Flood.xlsx,Var,E4,% Poultry Farmers from total livestock farmers,10,+,exposure
Sabaragamuwa,Paddy,,Drought,Paddy_Drought.xlsx,Var,H1,"No. of drought events - 1974 to 2022 (1974-2004, 25%, 2005 -2022, 75%)",50,+,hazard
Sabaragamuwa,Paddy,,Drought,Paddy_Drought.xlsx,Var,H2,Occurrence of warm days (TX90p),10,+,hazard
Sabaragamuwa,Paddy,,Drought,Paddy_Drought.xlsx,Var,H3,SPI (Intensity),40,+,hazard
Sabaragamuwa,Paddy,,Drought,Paddy_Drought.xlsx,Var,E1,Total Aswedumized paddy  extent,20,+,exposure
Sabaragamuwa,Paddy,,Drought,Paddy_Drought.xlsx,Var,E2,% paddy land area (from total land area),15,+,exposure
Sabaragamuwa,Paddy,,Drought,Paddy_Drought.xlsx,Var,E3,"Max # of drought affected People during 1974 to 2022 (1974 -2004, 25%, 2005 -2022, 75%)",20,+,exposure
Sabaragamuwa,Paddy,,Drought,Paddy_Drought.xlsx,Var,E4,No. of paddy farmers,15,+,exposure
Sabaragamuwa,Paddy,,Drought,Paddy_Drought.xlsx,Var,E5,% of Paddy farmers from total  Agricultural Operators,15,+,exposure
Sabaragamuwa,Paddy,,Drought,Paddy_Drought.xlsx,Var,E6,% rain-fed paddy lands,15,+,exposure
Sabaragamuwa,Paddy,,Flood,Paddy_Flood.xlsx,Var,H1,"No. of Flood events - 1974 to 2023 (1974-2004, 25%, 2005 -2023, 75%)",50,+,hazard
Sabaragamuwa,Paddy,,Flood,Paddy_Flood.xlsx,Var,H2,Very wet days (95th percentile) and 3 day cumulative rain fall (out of 35 - 40% for very wet days and 60% for 3 day cumulative respectively),35,+,hazard
Sabaragamuwa,Paddy,,Flood,Paddy_Flood.xlsx,Var,H3,Strong wind events - 1978 to 2023,10,+,hazard
Sabaragamuwa,Paddy,,Flood,Paddy_Flood.xlsx,Var,H4,No. of lightning incidents  - 1974 to 2023,5,+,hazard
Sabaragamuwa,Paddy,,Flood,Paddy_Flood.xlsx,Var,E1,Total Asweddumized paddy  extent,20,+,exposure
Sabaragamuwa,Paddy,,Flood,Paddy_Flood.xlsx,Var,E2,% paddy land area (from total land area),20,+,exposure
Sabaragamuwa,Paddy,,Flood,Paddy_Flood.xlsx,Var,E3,No. of paddy farmers,10,+,exposure
Sabaragamuwa,Paddy,,Flood,Paddy_Flood.xlsx,Var,E4,% of Paddy farmers from total  Agricultural Operators,10,+,exposure
Sabaragamuwa,Paddy,,Flood,Paddy_Flood.xlsx,Var,E5,Water surface area,15,-,exposure
Sabaragamuwa,Paddy,,Flood,Paddy_Flood.xlsx,Var,E6,% of water surface area,15,-,exposure
Sabaragamuwa,Paddy,,Flood,Paddy_Flood.xlsx,Var,E7,% of forest cover,5,-,exposure
Sabaragamuwa,Paddy,,Flood,Paddy_Flood.xlsx,Var,E8,Annual average rainfall,5,+,exposure
Sabaragamuwa,Potable Water,,Flood,Potable_Water_Flood.xlsx,Var,H1,"No. of Flood events - 1974 to 2023 (1974-2004, 25%, 2005 -2023, 75%)",50,+,hazard
Sabaragamuwa,Potable Water,,Flood,Potable_Water_Flood.xlsx,Var,H2,Very wet days (95th percentile) and 3 day cumulative rain fall (out of 35 - 40% for very wet days and 60% for 3 day cumulative respectively),35,+,hazard
Sabaragamuwa,Potable Water,,Flood,Potable_Water_Flood.xlsx,Var,H3,Strong wind events - 1978 to 2023,10,+,hazard
Sabaragamuwa,Potable Water,,Flood,Potable_Water_Flood.xlsx,Var,H4,No. of lightning incidents  - 1974 to 2023,5,+,hazard
Sabaragamuwa,Potable Water,,Flood,Potable_Water_Flood.xlsx,Var,E1,Total Population,10,+,exposure
Sabaragamuwa,Potable Water,,Flood,Potable_Water_Flood.xlsx,Var,E2,%  of HH having Pipe born water-NWSDB Domestic,10,-,exposure
Sabaragamuwa,Potable Water,,Flood,Potable_Water_Flood.xlsx,Var,E3,"Max # of flood affected People during 1974 to 2023 (1974 -2004, 25%, 2005 -2023, 75%)",30,+,exposure
Sabaragamuwa,Potable Water,,Flood,Potable_Water_Flood.xlsx,Var,E4,No. of water intake points,20,+,exposure
Sabaragamuwa,Potable Water,,Flood,Potable_Water_Flood.xlsx,Var,E5,% of HH fed by Safe Wells,15,+,exposure
Sabaragamuwa,Potable Water,,Flood,Potable_Water_Flood.xlsx,Var,E6,% of HH - CBO Connections (Rural Water Supply Project),15,+,exposure
Sabaragamuwa,Potable Water,,Landslide,Potable_Water_Landslide.xlsx,Var,H1,Landslide  events (1974 - 2023),50,+,hazard
Sabaragamuwa,Potable Water,,Landslide,Potable_Water_Landslide.xlsx,Var,H2,Very wet days (95th percentile) and 3 day cumulative rain fall (out of 35 - 40% for very wet days and 60% for 3 day cumulative respectively),30,+,hazard
Sabaragamuwa,Potable Water,,Landslide,Potable_Water_Landslide.xlsx,Var,H3,Cutting failures &  Earth slips (2000 - 2023),20,+,hazard
Sabaragamuwa,Potable Water,,Landslide,Potable_Water_Landslide.xlsx,Var,E1,Population density in DSD,5,+,exposure
Sabaragamuwa,Potable Water,,Landslide,Potable_Water_Landslide.xlsx,Var,E2,Total buildings in landslide affected area,5,+,exposure
Sabaragamuwa,Potable Water,,Landslide,Potable_Water_Landslide.xlsx,Var,E3,Total landslide affected area,45,+,exposure
Sabaragamuwa,Potable Water,,Landslide,Potable_Water_Landslide.xlsx,Var,E4,% of landslide affected area,15,+,exposure
Sabaragamuwa,Potable Water,,Landslide,Potable_Water_Landslide.xlsx,Var,E5,Max # of Landslide affected People during 1974 to 2023,10,+,exposure
Sabaragamuwa,Potable Water,,Landslide,Potable_Water_Landslide.xlsx,Var,E6,No. of water intake points,5,+,exposure
Sabaragamuwa,Potable Water,,Landslide,Potable_Water_Landslide.xlsx,Var,E7,% HH fed  by wells,5,+,exposure
Sabaragamuwa,Potable Water,,Landslide,Potable_Water_Landslide.xlsx,Var,E8,% HH - CBO Connetions ( Rural water supply project),10,+,exposure
Sabaragamuwa,Potable Water,,Drought,Potable_water_Drought.xlsx,Var,H1,"No. of drought events - 1974 to 2022 (1974-2004, 25%, 2005 -2022, 75%)",50,+,hazard
Sabaragamuwa,Potable Water,,Drought,Potable_water_Drought.xlsx,Var,H2,Occurrence of warm days (TX90p),10,+,hazard
Sabaragamuwa,Potable Water,,Drought,Potable_water_Drought.xlsx,Var,H3,SPI (Intensity),40,+,hazard
Sabaragamuwa,Potable Water,,Drought,Potable_water_Drought.xlsx,Var,E1,Total Population,10,+,exposure
Sabaragamuwa,Potable Water,,Drought,Potable_water_Drought.xlsx,Var,E2,% of HH having Pipe born_NWSDB Domestic,10,-,exposure
Sabaragamuwa,Potable Water,,Drought,Potable_water_Drought.xlsx,Var,E3,"Max # of Drought affected People during 1974 to 2022 (1974 -2004, 25%, 2005 -2022, 75%)",20,+,exposure
Sabaragamuwa,Potable Water,,Drought,Potable_water_Drought.xlsx,Var,E4,No. of water intake points,10,+,exposure
Sabaragamuwa,Potable Water,,Drought,Potable_water_Drought.xlsx,Var,E5,% of HH fed by Safe Well,20,+,exposure
Sabaragamuwa,Potable Water,,Drought,Potable_water_Drought.xlsx,Var,E6,% of HH - CBO Connections,15,+,exposure
Sabaragamuwa,Potable Water,,Drought,Potable_water_Drought.xlsx,Var,E7,% of Water surface area,10,-,exposure
Sabaragamuwa,Potable Water,,Drought,Potable_water_Drought.xlsx,Var,E8,% of forest cover,5,-,exposure
Sabaragamuwa,Tea,,Drought,Tea_Drought.xlsx,Var,H1,"No. of drought events - 1974 to 2022 (1974-2004, 25%, 2005 -2022, 75%)",50,+,hazard
Sabaragamuwa,Tea,,Drought,Tea_Drought.xlsx,Var,H2,Occurrence of warm days (TX90p),10,+,hazard
Sabaragamuwa,Tea,,Drought,Tea_Drought.xlsx,Var,H3,SPI (Intensity),40,+,hazard
Sabaragamuwa,Tea,,Drought,Tea_Drought.xlsx,Var,E1,Tea extent,50,+,exposure
Sabaragamuwa,Tea,,Drought,Tea_Drought.xlsx,Var,E2,No. of Tea farmers,50,+,exposure
Sabaragamuwa,Tea,,Flood,Tea_Flood.xlsx,Var,H1,"No. of Flood events - 1974 to 2023 (1974-2004, 25%, 2005 -2023, 75%)",50,+,hazard
Sabaragamuwa,Tea,,Flood,Tea_Flood.xlsx,Var,H2,Very wet days (95th percentile) and 3 day cumulative rain fall (out of 35 - 40% for very wet days and 60% for 3 day cumulative respectively),35,+,hazard
Sabaragamuwa,Tea,,Flood,Tea_Flood.xlsx,Var,H3,Strong wind events - 1978 to 2023,10,+,hazard
Sabaragamuwa,Tea,,Flood,Tea_Flood.xlsx,Var,H4,No. of lightning incidents  - 1974 to 2023,5,+,hazard
Sabaragamuwa,Tea,,Flood,Tea_Flood.xlsx,Var,E1,Tea extent,50,+,exposure
Sabaragamuwa,Tea,,Flood,Tea_Flood.xlsx,Var,E2,No. of Tea farmers,50,+,exposure
Sabaragamuwa,Tourism,,Drought,Tourism_Drought.xlsx,Var,H1,"No. of drought events - 1974 to 2022 (1974 -2004, 25%, 2005 -2022, 75%)",50,+,hazard
Sabaragamuwa,Tourism,,Drought,Tourism_Drought.xlsx,Var,H2,Occurrence of warm days (TX90p),10,+,hazard
Sabaragamuwa,Tourism,,Drought,Tourism_Drought.xlsx,Var,H3,SPI (Intensity),40,+,hazard
Sabaragamuwa,Tourism,,Drought,Tourism_Drought.xlsx,Var,E1,Total hotels,20,+,exposure
Sabaragamuwa,Tourism,,Drought,Tourism_Drought.xlsx,Var,E2,Accommodation and food service activities- No.of Establishments,10,+,exposure
Sabaragamuwa,Tourism,,Drought,Tourism_Drought.xlsx,Var,E3,Accommodation and food service activities- No. of Persons Engaged,10,+,exposure
Sabaragamuwa,Tourism,,Drought,Tourism_Drought.xlsx,Var,E4,"Arts, entertainment and recreation- No. of Establishments",10,+,exposure
Sabaragamuwa,Tourism,,Drought,Tourism_Drought.xlsx,Var,E5,"Arts, entertainment and recreation- No. of Persons Engaged",10,+,exposure
Sabaragamuwa,Tourism,,Drought,Tourism_Drought.xlsx,Var,E6,Annual average visitors of main tourism destination,40,+,exposure
Sabaragamuwa,Tourism,,Flood,Tourism_Flood.xlsx,Var,H1,"No. of Flood events - 1974 to 2023 (1974-2004, 25%, 2005 -2023, 75%)",50,+,hazard
Sabaragamuwa,Tourism,,Flood,Tourism_Flood.xlsx,Var,H2,Very wet days (95th percentile) and 3 day cumulative rain fall (out of 35 - 40% for very wet days and 60% for 3 day cumulative respectively),35,+,hazard
Sabaragamuwa,Tourism,,Flood,Tourism_Flood.xlsx,Var,H3,Strong wind events - 1978 to 2023,10,+,hazard
Sabaragamuwa,Tourism,,Flood,Tourism_Flood.xlsx,Var,H4,No. of lightning incidents  - 1974 to 2023,5,+,hazard
Sabaragamuwa,Tourism,,Flood,Tourism_Flood.xlsx,Var,E1,Total hotels,20,+,exposure
Sabaragamuwa,Tourism,,Flood,Tourism_Flood.xlsx,Var,E2,Accommodation and food service activities- No. of Establishments,10,+,exposure
Sabaragamuwa,Tourism,,Flood,Tourism_Flood.xlsx,Var,E3,Accommodation and food service activities- No. of Persons Engaged,10,+,exposure
Sabaragamuwa,Tourism,,Flood,Tourism_Flood.xlsx,Var,E4,"Arts, entertainment and recreation- No. of Establishments",10,+,exposure
Sabaragamuwa,Tourism,,Flood,Tourism_Flood.xlsx,Var,E5,"Arts, entertainment and recreation- No. of Persons Engaged",10,+,exposure
Sabaragamuwa,Tourism,,Flood,Tourism_Flood.xlsx,Var,E6,Annual average visitors of Main tourism destinations,40,+,exposure
Sabaragamuwa,Transport,,Flood,Transport_Flood.xlsx,Var,H1,"No. of Flood events - 1974 to 2023 (1974-2004, 25%, 2005 -2023, 75%)",50,+,hazard
Sabaragamuwa,Transport,,Flood,Transport_Flood.xlsx,Var,H2,Very wet days (95th percentile) and 3 day cumulative rain fall (out of 35 - 40% for very wet days and 60% for 3 day cumulative respectively),35,+,hazard
Sabaragamuwa,Transport,,Flood,Transport_Flood.xlsx,Var,H3,Strong wind events - 1978 to 2023,10,+,hazard
Sabaragamuwa,Transport,,Flood,Transport_Flood.xlsx,Var,H4,No. of lightning incidents  - 1974 to 2023,5,+,hazard
Sabaragamuwa,Transport,,Flood,Transport_Flood.xlsx,Var,E1,Flood affected main road length,15,+,exposure
Sabaragamuwa,Transport,,Flood,Transport_Flood.xlsx,Var,E2,Flood affected Secondary road length,15,+,exposure
Sabaragamuwa,Transport,,Flood,Transport_Flood.xlsx,Var,E3,Flood affected Track length,45,+,exposure
Sabaragamuwa,Transport,,Flood,Transport_Flood.xlsx,Var,E4,Total railway length,5,+,exposure
Sabaragamuwa,Transport,,Flood,Transport_Flood.xlsx,Var,E5,HH with no proper access road,15,+,exposure
Sabaragamuwa,Transport,,Flood,Transport_Flood.xlsx,Var,E6,Road density,5,-,exposure
Sabaragamuwa,Transport,,Landslide,Transport_Landslide.xlsx,Var,H1,Landslide  events (1974 - 2023),30,+,hazard
Sabaragamuwa,Transport,,Landslide,Transport_Landslide.xlsx,Var,H2,Very wet days (95th percentile) and 3 day cumulative rain fall (out of 35 - 40% for very wet days and 60% for 3 day cumulative respectively),30,+,hazard
Sabaragamuwa,Transport,,Landslide,Transport_Landslide.xlsx,Var,H3,Cutting failures (2000 - 2023),40,+,hazard
Sabaragamuwa,Transport,,Landslide,Transport_Landslide.xlsx,Var,E1,Landslide affected main road length,30,+,exposure
Sabaragamuwa,Transport,,Landslide,Transport_Landslide.xlsx,Var,E2,Landslide affected Secondary road length,10,+,exposure
Sabaragamuwa,Transport,,Landslide,Transport_Landslide.xlsx,Var,E3,Landslide affected Track length,10,+,exposure
Sabaragamuwa,Transport,,Landslide,Transport_Landslide.xlsx,Var,E4,Landslide affected railway length,5,+,exposure
Sabaragamuwa,Transport,,Landslide,Transport_Landslide.xlsx,Var,E5,HH with no proper access road,10,+,exposure
Sabaragamuwa,Transport,,Landslide,Transport_Landslide.xlsx,Var,E6,Road density,35,-,exposure
Southern,Coconut,,Drought,Coconut_Drought.xlsx,Var,H1,"No. of drought events - 1974 to 2022 (1974-2004, 25%, 2005 -2022, 75%)",50,+,hazard
Southern,Coconut,,Drought,Coconut_Drought.xlsx,Var,H2,Occurrence of warm days (TX90p),10,+,hazard
Southern,Coconut,,Drought,Coconut_Drought.xlsx,Var,H3,SPI (Intensity),40,+,hazard
Southern,Coconut,,Drought,Coconut_Drought.xlsx,Var,E1,Coconut  extent,25,+,exposure
Southern,Coconut,,Drought,Coconut_Drought.xlsx,Var,E2,No. of Coconut  farmers,30,+,exposure
Southern,Coconut,,Drought,Coconut_Drought.xlsx,Var,E3,Estate Sector population,20,+,exposure
Southern,Coconut,,Drought,Coconut_Drought.xlsx,Var,E4,% Coconut  extent from total agricultural lands,25,+,exposure
Southern,Human Settlement,,Drought,Hu_Se_Drought.xlsx,Var,H1,"No. of drought events - 1974 to 2022 (1974-2004, 25%, 2005 -2022, 75%)",40,+,hazard
Southern,Human Settlement,,Drought,Hu_Se_Drought.xlsx,Var,H2,Occurrence of warm days (TX90p),30,+,hazard
Southern,Human Settlement,,Drought,Hu_Se_Drought.xlsx,Var,H3,SPI (Intensity),30,+,hazard
Southern,Human Settlement,,Drought,Hu_Se_Drought.xlsx,Var,E1,Total Population,10,+,exposure
Southern,Human Settlement,,Drought,Hu_Se_Drought.xlsx,Var,E2,Population density,10,+,exposure
Southern,Human Settlement,,Drought,Hu_Se_Drought.xlsx,Var,E3,No. of housing units,10,+,exposure
Southern,Human Settlement,,Drought,Hu_Se_Drought.xlsx,Var,E4,Max # of drought affected People during 1974 to 2022 ( But WP only 2005 to 2022),15,+,exposure
Southern,Human Settlement,,Drought,Hu_Se_Drought.xlsx,Var,E5,% area under urban classification,10,+,exposure
Southern,Human Settlement,,Drought,Hu_Se_Drought.xlsx,Var,E6,% area under human settlements (Urban and rural),15,+,exposure
Southern,Human Settlement,,Drought,Hu_Se_Drought.xlsx,Var,E7,% HH with pipe borne water,5,-,exposure
Southern,Human Settlement,,Drought,Hu_Se_Drought.xlsx,Var,E8,No. of no proper sanitation facilities,5,+,exposure
Southern,Human Settlement,,Drought,Hu_Se_Drought.xlsx,Var,E9,% of Roofs consist of Galvanize Sheets,5,+,exposure
Southern,Human Settlement,,Drought,Hu_Se_Drought.xlsx,Var,E10,% surface area of water bodies within DS area,5,-,exposure
Southern,Human Settlement,,Drought,Hu_Se_Drought.xlsx,Var,E11,% of temporary houses,5,+,exposure
Southern,Human Settlement,,Drought,Hu_Se_Drought.xlsx,Var,E12,Human Animal Attacks,5,+,exposure
Southern,Human Settlement,,Flood,Hu_Se_Flood.xlsx,Var,H1,"No. of Flood events - 1974 to 2023 (1974-2004, 25%, 2005 -2023, 75%)",40,+,hazard
Southern,Human Settlement,,Flood,Hu_Se_Flood.xlsx,Var,H2,Very wet days (95th percentile) and 3 day cumulative rain fall (out of 35 - 40% for very wet days and 60% for 3 day cumulative respectively),30,+,hazard
Southern,Human Settlement,,Flood,Hu_Se_Flood.xlsx,Var,H3,Strong wind events - 1978 to 2023,20,+,hazard
Southern,Human Settlement,,Flood,Hu_Se_Flood.xlsx,Var,H4,No. of lightning incidents  - 1974 to 2023,10,+,hazard
Southern,Human Settlement,,Flood,Hu_Se_Flood.xlsx,Var,E1,%  of Extent of Major floods affected area,11,+,exposure
Southern,Human Settlement,,Flood,Hu_Se_Flood.xlsx,Var,E2,Total buildings in flood affected area,10,+,exposure
Southern,Human Settlement,,Flood,Hu_Se_Flood.xlsx,Var,E3,Flood affected human settlement area,15,+,exposure
Southern,Human Settlement,,Flood,Hu_Se_Flood.xlsx,Var,E4,Population density,10,+,exposure
Southern,Human Settlement,,Flood,Hu_Se_Flood.xlsx,Var,E5,"Max # of flood affected People during  1974 to 2023 (1974-2004, 25%, 2005 -2023, 75%)",12,+,exposure
Southern,Human Settlement,,Flood,Hu_Se_Flood.xlsx,Var,E6,Flood affected  road length,4,+,exposure
Southern,Human Settlement,,Flood,Hu_Se_Flood.xlsx,Var,E7,Total area classified as urban,15,+,exposure
Southern,Human Settlement,,Flood,Hu_Se_Flood.xlsx,Var,E8,% of Multi Storied Buildings,8,-,exposure
Southern,Human Settlement,,Flood,Hu_Se_Flood.xlsx,Var,E9,% of houses with vulnerable roofs (Cadjan/Palmirah Roofs),2,+,exposure
Southern,Human Settlement,,Flood,Hu_Se_Flood.xlsx,Var,E10,% HH with pipe borne water,5,-,exposure
Southern,Human Settlement,,Flood,Hu_Se_Flood.xlsx,Var,E11,No. of Flood affected schools,5,+,exposure
Southern,Human Settlement,,Flood,Hu_Se_Flood.xlsx,Var,E12,No. of Public hospitals,3,+,exposure
Southern,Human Settlement,,Landslide,Hu_Se_Landslide.xlsx,Var,H1,Landslide Hazard Index,100,+,hazard
Southern,Human Settlement,,Landslide,Hu_Se_Landslide.xlsx,Var,E1,No. of of buildings in landslide prone area (high and moderate),15,+,exposure
Southern,Human Settlement,,Landslide,Hu_Se_Landslide.xlsx,Var,E2,Landslide prone Human Settlements,10,+,exposure
Southern,Human Settlement,,Landslide,Hu_Se_Landslide.xlsx,Var,E3,Total of  Landslide  affected area (High and Moderate),10,+,exposure
Southern,Human Settlement,,Landslide,Hu_Se_Landslide.xlsx,Var,E4,Max # of landslide affected People during 1974 to 2023,35,+,exposure
Southern,Human Settlement,,Landslide,Hu_Se_Landslide.xlsx,Var,E5,landslide affected  road length,5,+,exposure
Southern,Human Settlement,,Landslide,Hu_Se_Landslide.xlsx,Var,E6,Road Density,10,-,exposure
Southern,Human Settlement,,Landslide,Hu_Se_Landslide.xlsx,Var,E7,Schools  in landslide prone area (high and moderate),5,+,exposure
Southern,Human Settlement,,Landslide,Hu_Se_Landslide.xlsx,Var,E8,# of Public hospitals,10,-,exposure
Southern,Industry,,Drought,Industry_Drought.xlsx,Var,H1,"No. of drought events - 1974 to 2022 (1974 -2004, 25%, 2005 -2022, 75%)",50,+,hazard
Southern,Industry,,Drought,Industry_Drought.xlsx,Var,H2,Occurrence of warm days (TX90p),10,+,hazard
Southern,Industry,,Drought,Industry_Drought.xlsx,Var,H3,SPI (Intensity),40,+,hazard
Southern,Industry,,Drought,Industry_Drought.xlsx,Var,E1,Total establishments in  manufacturing Industries,10,+,exposure
Southern,Industry,,Drought,Industry_Drought.xlsx,Var,E2,Total No. of Industrial establishments (small and informal industries),5,+,exposure
Southern,Industry,,Drought,Industry_Drought.xlsx,Var,E3,Max # of drought affected People during 1974 to 2022,10,+,exposure
Southern,Industry,,Drought,Industry_Drought.xlsx,Var,E4,Persons engaged in manufacture of food products industries,10,+,exposure
Southern,Industry,,Drought,Industry_Drought.xlsx,Var,E5,Persons engaged in manufacture of beverages industries,10,+,exposure
Southern,Industry,,Drought,Industry_Drought.xlsx,Var,E6,Total Persons engaged (small and informal industries),5,+,exposure
Southern,Industry,,Drought,Industry_Drought.xlsx,Var,E7,"No. of industries in Food, Beverages & tobacco",10,+,exposure
Southern,Industry,,Drought,Industry_Drought.xlsx,Var,E8,Persons engaged in manufacture of dairy product industries,15,+,exposure
Southern,Industry,,Drought,Industry_Drought.xlsx,Var,E9,Accommodation and food service activities- No. of Establishments,15,+,exposure
Southern,Industry,,Drought,Industry_Drought.xlsx,Var,E10,Accommodation and food service activities- No. of Persons Engaged,10,+,exposure
Southern,Industry,,Flood,Industry_Flood.xlsx,Var,H1,"No. of Flood events - 1974 to 2023 (1974-2004, 25%, 2005 -2023, 75%)",40,+,hazard
Southern,Industry,,Flood,Industry_Flood.xlsx,Var,H2,Very wet days (95th percentile) and 3 day cumulative rain fall (out of 35 - 40% for very wet days and 60% for 3 day cumulative respectively),30,+,hazard
Southern,Industry,,Flood,Industry_Flood.xlsx,Var,H3,Strong wind events - 1978 to 2023,20,+,hazard
Southern,Industry,,Flood,Industry_Flood.xlsx,Var,H4,No. of lightning incidents  - 1974 to 2023,10,+,hazard
Southern,Industry,,Flood,Industry_Flood.xlsx,Var,E1,Total establishments in  manufacturing Industries,5,+,exposure
Southern,Industry,,Flood,Industry_Flood.xlsx,Var,E2,Total No. of Mining & Quarrying industries,5,+,exposure
Southern,Industry,,Flood,Industry_Flood.xlsx,Var,E3,Total No. of Industrial establishments (small and informal industries),5,+,exposure
Southern,Industry,,Flood,Industry_Flood.xlsx,Var,E4,"Max # of flood affected People during  1974 to 2023 (1974-2004, 25%, 2005 -2023, 75%)",30,+,exposure
Southern,Industry,,Flood,Industry_Flood.xlsx,Var,E5,Flood affected  road length,15,+,exposure
Southern,Industry,,Flood,Industry_Flood.xlsx,Var,E6,Total Persons engaged (small and informal industries),5,+,exposure
Southern,Industry,,Flood,Industry_Flood.xlsx,Var,E7,"Persons engaged in processing and preserving of fish, crustaceans and mollusks industries",5,+,exposure
Southern,Industry,,Flood,Industry_Flood.xlsx,Var,E8,Persons engaged in manufacture of dairy product industries,10,+,exposure
Southern,Industry,,Flood,Industry_Flood.xlsx,Var,E9,Accommodation and food service activities- No.of Establishments,15,+,exposure
Southern,Industry,,Flood,Industry_Flood.xlsx,Var,E10,Accommodation and food service activities- No. of Persons Engaged,5,+,exposure
Southern,Irrigation Water,,Drought,Irrigation_Water_Drought.xlsx,Var,H1,"No. of drought events - 1974 to 2022 (1974-2004, 25%, 2005 -2022, 75%)",50,+,hazard
Southern,Irrigation Water,,Drought,Irrigation_Water_Drought.xlsx,Var,H2,Occurrence of warm days (TX90p),10,+,hazard
Southern,Irrigation Water,,Drought,Irrigation_Water_Drought.xlsx,Var,H3,SPI (Intensity),40,+,hazard
Southern,Irrigation Water,,Drought,Irrigation_Water_Drought.xlsx,Var,E1,% of total irrigated paddy area from total paddy extent,40,+,exposure
Southern,Irrigation Water,,Drought,Irrigation_Water_Drought.xlsx,Var,E2,Farm households population,30,+,exposure
Southern,Irrigation Water,,Drought,Irrigation_Water_Drought.xlsx,Var,E3,"Max # of drought affected People during 1974 to 2022 (1974 -2004, 25%, 2005 -2022, 75%) But WP taken only 2005 to 2022 period",30,+,exposure
Southern,Irrigation Water,,Flood,Irrigation_Water_Flood.xlsx,Var,H1,"No. of Flood events - 1974 to 2023 (1974-2004, 25%, 2005 -2023, 75%)",50,+,hazard
Southern,Irrigation Water,,Flood,Irrigation_Water_Flood.xlsx,Var,H2,Very wet days (95th percentile) and 3 day cumulative rain fall (out of 35 - 40% for very wet days and 60% for 3 day cumulative respectively),35,+,hazard
Southern,Irrigation Water,,Flood,Irrigation_Water_Flood.xlsx,Var,H3,Strong wind events - 1978 to 2023,10,+,hazard
Southern,Irrigation Water,,Flood,Irrigation_Water_Flood.xlsx,Var,H4,No. of lightning incidents  - 1974 to 2023,5,+,hazard
Southern,Irrigation Water,,Flood,Irrigation_Water_Flood.xlsx,Var,E1,% of total irrigated paddy area from total paddy extent,60,+,exposure
Southern,Irrigation Water,,Flood,Irrigation_Water_Flood.xlsx,Var,E2,Farm household's population,35,+,exposure
Southern,Irrigation Water,,Flood,Irrigation_Water_Flood.xlsx,Var,E3,"Max # of flood affected People during 1974 to 2023 (1974 -2004, 25%, 2005 -2023, 75%)",5,+,exposure
Southern,Livestock,Buffalo,Drought,Buffalo_Drought.xlsx,Var,H1,"No. of drought events - 1974 to 2022 (1974-2004, 25%, 2005 -2022, 75%)",50,+,hazard
Southern,Livestock,Buffalo,Drought,Buffalo_Drought.xlsx,Var,H2,Occurrence of warm days (TX90p),10,+,hazard
Southern,Livestock,Buffalo,Drought,Buffalo_Drought.xlsx,Var,H3,SPI (Intensity),40,+,hazard
Southern,Livestock,Buffalo,Drought,Buffalo_Drought.xlsx,Var,E1,Buffalo Population,25,+,exposure
Southern,Livestock,Buffalo,Drought,Buffalo_Drought.xlsx,Var,E2,No. of Buffalo Farmers,20,+,exposure
Southern,Livestock,Buffalo,Drought,Buffalo_Drought.xlsx,Var,E3,Monthly Mitch Buffaloes' Milk Production (l),40,+,exposure
Southern,Livestock,Buffalo,Drought,Buffalo_Drought.xlsx,Var,E4,% of Buffalo Farmers from total livestock operators,15,+,exposure
Southern,Livestock,Buffalo,Flood,Buffalo_Flood.xlsx,Var,H1,"No. of Flood events - 1974 to 2023 (1974-2004, 25%, 2005 -2023, 75%)",50,+,hazard
Southern,Livestock,Buffalo,Flood,Buffalo_Flood.xlsx,Var,H2,Very wet days (95th percentile) and 3 day cumulative rain fall (out of 35 - 40% for very wet days and 60% for 3 day cumulative respectively),35,+,hazard
Southern,Livestock,Buffalo,Flood,Buffalo_Flood.xlsx,Var,H3,Strong wind events - 1978 to 2023,10,+,hazard
Southern,Livestock,Buffalo,Flood,Buffalo_Flood.xlsx,Var,H4,No. of lightening incidents  - 1974 to 2023,5,+,hazard
Southern,Livestock,Buffalo,Flood,Buffalo_Flood.xlsx,Var,E1,Buffalo Population,25,+,exposure
Southern,Livestock,Buffalo,Flood,Buffalo_Flood.xlsx,Var,E2,No. of Buffalo Farmers,25,+,exposure
Southern,Livestock,Buffalo,Flood,Buffalo_Flood.xlsx,Var,E3,Mitch Buffaloes' Monthly Milk Production (l),30,+,exposure
Southern,Livestock,Buffalo,Flood,Buffalo_Flood.xlsx,Var,E4,% of Buffalo Farmers from total livestock operators,20,+,exposure
Southern,Livestock,Cattle,Drought,Cattle_Drought.xlsx,Var,H1,"No. of drought events - 1974 to 2022 (1974-2004, 25%, 2005 -2022, 75%)",50,+,hazard
Southern,Livestock,Cattle,Drought,Cattle_Drought.xlsx,Var,H2,Occurrence of warm days (TX90p),10,+,hazard
Southern,Livestock,Cattle,Drought,Cattle_Drought.xlsx,Var,H3,SPI (Intensity),40,+,hazard
Southern,Livestock,Cattle,Drought,Cattle_Drought.xlsx,Var,E1,Cattle Population,25,+,exposure
Southern,Livestock,Cattle,Drought,Cattle_Drought.xlsx,Var,E2,No. of Cattle Farmers,20,+,exposure
Southern,Livestock,Cattle,Drought,Cattle_Drought.xlsx,Var,E3,Monthly Milk Production (l),40,+,exposure
Southern,Livestock,Cattle,Drought,Cattle_Drought.xlsx,Var,E4,% Cattle Farmers from total livestock Operators,15,+,exposure
Southern,Livestock,Cattle,Flood,Cattle_Flood.xlsx,Var,H1,"No. of Flood events - 1974 to 2023 (1974-2004, 25%, 2005 -2023, 75%)",50,+,hazard
Southern,Livestock,Cattle,Flood,Cattle_Flood.xlsx,Var,H2,Very wet days (95th percentile) and 3 day cumulative rain fall (out of 35 - 40% for very wet days and 60% for 3 day cumulative respectively),35,+,hazard
Southern,Livestock,Cattle,Flood,Cattle_Flood.xlsx,Var,H3,Strong wind events - 1978 to 2023,10,+,hazard
Southern,Livestock,Cattle,Flood,Cattle_Flood.xlsx,Var,H4,No. of lightening incidents  - 1974 to 2023,5,+,hazard
Southern,Livestock,Cattle,Flood,Cattle_Flood.xlsx,Var,E1,Cattle Population,25,+,exposure
Southern,Livestock,Cattle,Flood,Cattle_Flood.xlsx,Var,E2,No. of Cattle Farmers,20,+,exposure
Southern,Livestock,Cattle,Flood,Cattle_Flood.xlsx,Var,E3,Monthly Milk Production (l),40,+,exposure
Southern,Livestock,Cattle,Flood,Cattle_Flood.xlsx,Var,E4,% Cattle Farmers from total livestock Operators,15,+,exposure
Southern,Livestock,Goat,Drought,Goat_Drought.xlsx,Var,H1,"No. of drought events - 1974 to 2022 (1974-2004, 25%, 2005 -2022, 75%)",50,+,hazard
Southern,Livestock,Goat,Drought,Goat_Drought.xlsx,Var,H2,Occurrence of warm days (TX90p),10,+,hazard
Southern,Livestock,Goat,Drought,Goat_Drought.xlsx,Var,H3,SPI (Intensity),40,+,hazard
Southern,Livestock,Goat,Drought,Goat_Drought.xlsx,Var,E1,Goat Population,40,+,exposure
Southern,Livestock,Goat,Drought,Goat_Drought.xlsx,Var,E2,No. of Goat Farmers,30,+,exposure
Southern,Livestock,Goat,Drought,Goat_Drought.xlsx,Var,E3,Monthly  Mutton Production (Kg),30,+,exposure
Southern,Livestock,Goat,Flood,Goat_Flood.xlsx,Var,H1,"No. of Flood events - 1974 to 2023 (1974-2004, 25%, 2005 -2023, 75%)",50,+,hazard
Southern,Livestock,Goat,Flood,Goat_Flood.xlsx,Var,H2,Very wet days (95th percentile) and 3 day cumulative rain fall (out of 35 - 40% for very wet days and 60% for 3 day cumulative respectively),35,+,hazard
Southern,Livestock,Goat,Flood,Goat_Flood.xlsx,Var,H3,Strong wind events - 1978 to 2023,10,+,hazard
Southern,Livestock,Goat,Flood,Goat_Flood.xlsx,Var,H4,No. of lightening incidents  - 1974 to 2023,5,+,hazard
Southern,Livestock,Goat,Flood,Goat_Flood.xlsx,Var,E1,Goat Population,40,+,exposure
Southern,Livestock,Goat,Flood,Goat_Flood.xlsx,Var,E2,No. of Goat Farmers,30,+,exposure
Southern,Livestock,Goat,Flood,Goat_Flood.xlsx,Var,E3,Monthly Mutton Production (Kg),30,+,exposure
Southern,Livestock,Pig,Drought,Pig_Drought.xlsx,Var,H1,"No. of drought events - 1974 to 2022 (1974-2004, 25%, 2005 -2022, 75%)",50,+,hazard
Southern,Livestock,Pig,Drought,Pig_Drought.xlsx,Var,H2,Occurrence of warm days (TX90p),10,+,hazard
Southern,Livestock,Pig,Drought,Pig_Drought.xlsx,Var,H3,SPI (Intensity),40,+,hazard
Southern,Livestock,Pig,Drought,Pig_Drought.xlsx,Var,E1,Pig Population,40,+,exposure
Southern,Livestock,Pig,Drought,Pig_Drought.xlsx,Var,E2,# of Pig Farmers,30,+,exposure
Southern,Livestock,Pig,Drought,Pig_Drought.xlsx,Var,E3,Monthly Pork Production (Kg),30,+,exposure
Southern,Livestock,Pig,Flood,Pig_Flood.xlsx,Var,H1,"No. of Flood events - 1974 to 2023 (1974-2004, 25%, 2005 -2023, 75%)",50,+,hazard
Southern,Livestock,Pig,Flood,Pig_Flood.xlsx,Var,H2,Very wet days (95th percentile) and 3 day cumulative rain fall (out of 35 - 40% for very wet days and 60% for 3 day cumulative respectively),35,+,hazard
Southern,Livestock,Pig,Flood,Pig_Flood.xlsx,Var,H3,Strong wind events - 1978 to 2023,10,+,hazard
Southern,Livestock,Pig,Flood,Pig_Flood.xlsx,Var,H4,No. of lightning incidents  - 1974 to 2023,5,+,hazard
Southern,Livestock,Pig,Flood,Pig_Flood.xlsx,Var,E1,Pig Population,40,+,exposure
Southern,Livestock,Pig,Flood,Pig_Flood.xlsx,Var,E2,# of Pig Farmers,30,+,exposure
Southern,Livestock,Pig,Flood,Pig_Flood.xlsx,Var,E3,Monthly Pork Production (Kg),30,+,exposure
Southern,Livestock,Poultry,Drought,Poultry_Drought.xlsx,Var,H1,"No. of drought events - 1974 to 2022 (1974-2004, 25%, 2005 -2022, 75%)",50,+,hazard
Southern,Livestock,Poultry,Drought,Poultry_Drought.xlsx,Var,H2,Occurrence of warm days (TX90p),10,+,hazard
Southern,Livestock,Poultry,Drought,Poultry_Drought.xlsx,Var,H3,SPI (Intensity),40,+,hazard
Southern,Livestock,Poultry,Drought,Poultry_Drought.xlsx,Var,E1,Poultry Population,40,+,exposure
Southern,Livestock,Poultry,Drought,Poultry_Drought.xlsx,Var,E2,No. Poultry Farmers,20,+,exposure
Southern,Livestock,Poultry,Drought,Poultry_Drought.xlsx,Var,E3,Monthly Egg Production,30,+,exposure
Southern,Livestock,Poultry,Drought,Poultry_Drought.xlsx,Var,E4,% Poultry Farmers from total livestock farmers,10,+,exposure
Southern,Livestock,Poultry,Flood,Poultry_Flood.xlsx,Var,H1,"No. of Flood events - 1974 to 2023 (1974-2004, 25%, 2005 -2023, 75%)",50,+,hazard
Southern,Livestock,Poultry,Flood,Poultry_Flood.xlsx,Var,H2,Very wet days (95th percentile) and 3 day cumulative rain fall (out of 35 - 40% for very wet days and 60% for 3 day cumulative respectively),35,+,hazard
Southern,Livestock,Poultry,Flood,Poultry_Flood.xlsx,Var,H3,Strong wind events - 1978 to 2023,10,+,hazard
Southern,Livestock,Poultry,Flood,Poultry_Flood.xlsx,Var,H4,No. of lightening incidents  - 1974 to 2023,5,+,hazard
Southern,Livestock,Poultry,Flood,Poultry_Flood.xlsx,Var,E1,Poultry Population,40,+,exposure
Southern,Livestock,Poultry,Flood,Poultry_Flood.xlsx,Var,E2,No. Poultry Farmers,20,+,exposure
Southern,Livestock,Poultry,Flood,Poultry_Flood.xlsx,Var,E3,Monthly Egg Production,30,+,exposure
Southern,Livestock,Poultry,Flood,Poultry_Flood.xlsx,Var,E4,% Poultry Farmers from total livestock farmers,10,+,exposure
Southern,Paddy,,Drought,Paddy_Drought.xlsx,Var,H1,"No. of drought events - 1974 to 2022 (1974-2004, 25%, 2005 -2022, 75%)",50,+,hazard
Southern,Paddy,,Drought,Paddy_Drought.xlsx,Var,H2,Occurrence of warm days (TX90p),10,+,hazard
Southern,Paddy,,Drought,Paddy_Drought.xlsx,Var,H3,SPI (Intensity),40,+,hazard
Southern,Paddy,,Drought,Paddy_Drought.xlsx,Var,E1,Total Aswedumized paddy  extent,25,+,exposure
Southern,Paddy,,Drought,Paddy_Drought.xlsx,Var,E2,% paddy land area (from total land area),20,+,exposure
Southern,Paddy,,Drought,Paddy_Drought.xlsx,Var,E3,"Max # of drought affected People during 1974 to 2022 (1974 -2004, 25%, 2005 -2022, 75%)",10,+,exposure
Southern,Paddy,,Drought,Paddy_Drought.xlsx,Var,E4,No. of paddy farmers,20,+,exposure
Southern,Paddy,,Drought,Paddy_Drought.xlsx,Var,E5,% of Paddy farmers from total  Agricultural Operators,15,+,exposure
Southern,Paddy,,Drought,Paddy_Drought.xlsx,Var,E6,% of rain-fed paddy lands,10,+,exposure
Southern,Paddy,,Flood,Paddy_Flood.xlsx,Var,H1,"No. of Flood events - 1974 to 2023 (1974-2004, 25%, 2005 -2023, 75%)",50,+,hazard
Southern,Paddy,,Flood,Paddy_Flood.xlsx,Var,H2,Very wet days (95th percentile) and 3 day cumulative rain fall (out of 35 - 40% for very wet days and 60% for 3 day cumulative respectively),35,+,hazard
Southern,Paddy,,Flood,Paddy_Flood.xlsx,Var,H3,Strong wind events - 1978 to 2023,10,+,hazard
Southern,Paddy,,Flood,Paddy_Flood.xlsx,Var,H4,No. of lightning incidents  - 1974 to 2023,5,+,hazard
Southern,Paddy,,Flood,Paddy_Flood.xlsx,Var,E1,Total Asweddumized paddy  extent,20,+,exposure
Southern,Paddy,,Flood,Paddy_Flood.xlsx,Var,E2,% paddy land area (from total land area),20,+,exposure
Southern,Paddy,,Flood,Paddy_Flood.xlsx,Var,E3,No. of paddy farmers,10,+,exposure
Southern,Paddy,,Flood,Paddy_Flood.xlsx,Var,E4,% of Paddy farmers from total  Agricultural Operators,10,+,exposure
Southern,Paddy,,Flood,Paddy_Flood.xlsx,Var,E5,Water surface area,15,-,exposure
Southern,Paddy,,Flood,Paddy_Flood.xlsx,Var,E6,% of water surface area,15,-,exposure
Southern,Paddy,,Flood,Paddy_Flood.xlsx,Var,E7,% of forest cover,5,-,exposure
Southern,Paddy,,Flood,Paddy_Flood.xlsx,Var,E8,Annual average rainfall,5,+,exposure
Southern,Potable Water,,Flood,Potable_Water_Flood.xlsx,Var,H1,"No. of Flood events - 1974 to 2023 (1974-2004, 25%, 2005 -2023, 75%)",50,+,hazard
Southern,Potable Water,,Flood,Potable_Water_Flood.xlsx,Var,H2,Very wet days (95th percentile) and 3 day cumulative rain fall (out of 35 - 40% for very wet days and 60% for 3 day cumulative respectively),35,+,hazard
Southern,Potable Water,,Flood,Potable_Water_Flood.xlsx,Var,H3,Strong wind events - 1978 to 2023,10,+,hazard
Southern,Potable Water,,Flood,Potable_Water_Flood.xlsx,Var,H4,No. of lightning incidents  - 1974 to 2023,5,+,hazard
Southern,Potable Water,,Flood,Potable_Water_Flood.xlsx,Var,E1,Total Population,30,+,exposure
Southern,Potable Water,,Flood,Potable_Water_Flood.xlsx,Var,E2,% of HH_Pipe born water,10,-,exposure
Southern,Potable Water,,Flood,Potable_Water_Flood.xlsx,Var,E3,"Max # of flood affected People during 1974 to 2023 (1974 -2004, 25%, 2005 -2023, 75%)",15,+,exposure
Southern,Potable Water,,Flood,Potable_Water_Flood.xlsx,Var,E4,No. of water intake points,10,+,exposure
Southern,Potable Water,,Flood,Potable_Water_Flood.xlsx,Var,E5,% of HH fed  by wells,20,+,exposure
Southern,Potable Water,,Flood,Potable_Water_Flood.xlsx,Var,E6,No. of HH - CBO Connections (Rural Water Supply Projects),15,+,exposure
Southern,Potable Water,,Landslide,Potable_Water_Landslide.xlsx,Var,H1,Landslide Hazard Index,100,+,hazard
Southern,Potable Water,,Landslide,Potable_Water_Landslide.xlsx,Var,E1,Population density in DSD,15,+,exposure
Southern,Potable Water,,Landslide,Potable_Water_Landslide.xlsx,Var,E2,Total buildings in landslide affected area,10,+,exposure
Southern,Potable Water,,Landslide,Potable_Water_Landslide.xlsx,Var,E3,Total landslide affected area,10,+,exposure
Southern,Potable Water,,Landslide,Potable_Water_Landslide.xlsx,Var,E4,% of landslide affected area,10,+,exposure
Southern,Potable Water,,Landslide,Potable_Water_Landslide.xlsx,Var,E5,Max # of Landslide affected People during 1974 to 2023,20,+,exposure
Southern,Potable Water,,Landslide,Potable_Water_Landslide.xlsx,Var,E6,No. of water intake points,10,+,exposure
Southern,Potable Water,,Landslide,Potable_Water_Landslide.xlsx,Var,E7,% of HH fed  by wells,10,+,exposure
Southern,Potable Water,,Landslide,Potable_Water_Landslide.xlsx,Var,E8,No.of HH - CBO (Rural water supply project),15,+,exposure
Southern,Potable Water,,Drought,Potable_water_Drought.xlsx,Var,H1,"No. of drought events - 1974 to 2022 (1974-2004, 25%, 2005 -2022, 75%)",50,+,hazard
Southern,Potable Water,,Drought,Potable_water_Drought.xlsx,Var,H2,Occurrence of warm days (TX90p),10,+,hazard
Southern,Potable Water,,Drought,Potable_water_Drought.xlsx,Var,H3,SPI (Intensity),40,+,hazard
Southern,Potable Water,,Drought,Potable_water_Drought.xlsx,Var,E1,Total Population,10,+,exposure
Southern,Potable Water,,Drought,Potable_water_Drought.xlsx,Var,E2,% of HH_Pipe born water,10,-,exposure
Southern,Potable Water,,Drought,Potable_water_Drought.xlsx,Var,E3,"Max # of Drought affected People during 1974 to 2022 (1974 -2004, 25%, 2005 -2022, 75%)",18,+,exposure
Southern,Potable Water,,Drought,Potable_water_Drought.xlsx,Var,E4,No. of water intake points,10,+,exposure
Southern,Potable Water,,Drought,Potable_water_Drought.xlsx,Var,E5,% of HH fed  by wells,30,+,exposure
Southern,Potable Water,,Drought,Potable_water_Drought.xlsx,Var,E6,No. of HH - CBO-Rural water supply project,15,+,exposure
Southern,Potable Water,,Drought,Potable_water_Drought.xlsx,Var,E7,% of Water surface area,4,-,exposure
Southern,Potable Water,,Drought,Potable_water_Drought.xlsx,Var,E8,% of forest cover,3,-,exposure
Southern,Tea,,Drought,Tea_Drought.xlsx,Var,H1,"No. of drought events - 1974 to 2022 (1974-2004, 25%, 2005 -2022, 75%)",50,+,hazard
Southern,Tea,,Drought,Tea_Drought.xlsx,Var,H2,Occurrence of warm days (TX90p),10,+,hazard
Southern,Tea,,Drought,Tea_Drought.xlsx,Var,H3,SPI (Intensity),40,+,hazard
Southern,Tea,,Drought,Tea_Drought.xlsx,Var,E1,Tea extent,50,+,exposure
Southern,Tea,,Drought,Tea_Drought.xlsx,Var,E2,No. of Tea farmers,50,+,exposure
Southern,Tea,,Flood,Tea_Flood.xlsx,Var,H1,"No. of Flood events - 1974 to 2023 (1974-2004, 25%, 2005 -2023, 75%)",50,+,hazard
Southern,Tea,,Flood,Tea_Flood.xlsx,Var,H2,Very wet days (95th percentile) and 3 day cumulative rain fall (out of 35 - 40% for very wet days and 60% for 3 day cumulative respectively),35,+,hazard
Southern,Tea,,Flood,Tea_Flood.xlsx,Var,H3,Strong wind events - 1978 to 2023,10,+,hazard
Southern,Tea,,Flood,Tea_Flood.xlsx,Var,H4,No. of lightning incidents  - 1974 to 2023,5,+,hazard
Southern,Tea,,Flood,Tea_Flood.xlsx,Var,E1,Tea extent,50,+,exposure
Southern,Tea,,Flood,Tea_Flood.xlsx,Var,E2,No. of Tea farmers,50,+,exposure
Southern,Tourism,,Drought,Tourism_Drought.xlsx,Var,H1,"No. of drought events - 1974 to 2022 (1974 -2004, 25%, 2005 -2022, 75%)",50,+,hazard
Southern,Tourism,,Drought,Tourism_Drought.xlsx,Var,H2,Occurrence of warm days (TX90p),10,+,hazard
Southern,Tourism,,Drought,Tourism_Drought.xlsx,Var,H3,SPI (Intensity),40,+,hazard
Southern,Tourism,,Drought,Tourism_Drought.xlsx,Var,E1,Total hotels,20,+,exposure
Southern,Tourism,,Drought,Tourism_Drought.xlsx,Var,E2,Accommodation and food service activities- No. of Establishments,20,+,exposure
Southern,Tourism,,Drought,Tourism_Drought.xlsx,Var,E3,Accommodation and food service activities- No. of Persons Engaged,20,+,exposure
Southern,Tourism,,Drought,Tourism_Drought.xlsx,Var,E4,"Arts, entertainment and recreation- No. of Establishments",20,+,exposure
Southern,Tourism,,Drought,Tourism_Drought.xlsx,Var,E5,"Arts, entertainment and recreation- No. of Persons Engaged",20,+,exposure
Southern,Tourism,,Flood,Tourism_Flood.xlsx,Var,H1,"No. of Flood events - 1974 to 2023 (1974-2004, 25%, 2005 -2023, 75%)",40,+,hazard
Southern,Tourism,,Flood,Tourism_Flood.xlsx,Var,H2,Very wet days (95th percentile) and 3 day cumulative rain fall (out of 35 - 40% for very wet days and 60% for 3 day cumulative respectively),30,+,hazard
Southern,Tourism,,Flood,Tourism_Flood.xlsx,Var,H3,Strong wind events - 1978 to 2023,20,+,hazard
Southern,Tourism,,Flood,Tourism_Flood.xlsx,Var,H4,No. of lightning incidents  - 1974 to 2023,10,+,hazard
Southern,Tourism,,Flood,Tourism_Flood.xlsx,Var,E1,Total hotels,20,+,exposure
Southern,Tourism,,Flood,Tourism_Flood.xlsx,Var,E2,Accommodation and food service activities- No. of Establishments,20,+,exposure
Southern,Tourism,,Flood,Tourism_Flood.xlsx,Var,E3,Accommodation and food service activities- No. of Persons Engaged,20,+,exposure
Southern,Tourism,,Flood,Tourism_Flood.xlsx,Var,E4,"Arts, entertainment and recreation- No. of Establishments",20,+,exposure
Southern,Tourism,,Flood,Tourism_Flood.xlsx,Var,E5,"Arts, entertainment and recreation- No. of Persons Engaged",20,+,exposure
Southern,Transport,,Flood,Transport_Flood.xlsx,Var,H1,"No. of Flood events - 1974 to 2023 (1974-2004, 25%, 2005 -2023, 75%)",40,+,hazard
Southern,Transport,,Flood,Transport_Flood.xlsx,Var,H2,Very wet days (95th percentile) and 3 day cumulative rain fall (out of 35 - 40% for very wet days and 60% for 3 day cumulative respectively),30,+,hazard
Southern,Transport,,Flood,Transport_Flood.xlsx,Var,H3,Strong wind events - 1978 to 2023,20,+,hazard
Southern,Transport,,Flood,Transport_Flood.xlsx,Var,H4,No. of lightning incidents  - 1974 to 2023,10,+,hazard
Southern,Transport,,Flood,Transport_Flood.xlsx,Var,E1,Flood affected main road length,20,+,exposure
Southern,Transport,,Flood,Transport_Flood.xlsx,Var,E2,Flood affected Secondary road length,25,+,exposure
Southern,Transport,,Flood,Transport_Flood.xlsx,Var,E3,Flood affected Track length,30,+,exposure
Southern,Transport,,Flood,Transport_Flood.xlsx,Var,E4,Total railway length,15,+,exposure
Southern,Transport,,Flood,Transport_Flood.xlsx,Var,E5,HH with no proper access road,5,+,exposure
Southern,Transport,,Flood,Transport_Flood.xlsx,Var,E6,Road density,5,-,exposure
Southern,Transport,,Landslide,Transport_Landslide.xlsx,Var,H1,Landslide Hazard Index,100,+,hazard
Southern,Transport,,Landslide,Transport_Landslide.xlsx,Var,E1,Landslide affected main road length,40,+,exposure
Southern,Transport,,Landslide,Transport_Landslide.xlsx,Var,E2,Landslide affected Secondary road length,35,+,exposure
Southern,Transport,,Landslide,Transport_Landslide.xlsx,Var,E3,Landslide affected Track length,20,+,exposure
Southern,Transport,,Landslide,Transport_Landslide.xlsx,Var,E4,HH with no proper access road,3,+,exposure
Southern,Transport,,Landslide,Transport_Landslide.xlsx,Var,E5,Road density,2,-,exposure
Uva,Coconut,,Drought,Coconut _drought_.xlsx,Var,H1,Drought Hazard Index,100,+,hazard
Uva,Coconut,,Drought,Coconut _drought_.xlsx,Var,E1,Coconut  extent,25,+,exposure
Uva,Coconut,,Drought,Coconut _drought_.xlsx,Var,E2,No. of Coconut  farmers,30,+,exposure
Uva,Coconut,,Drought,Coconut _drought_.xlsx,Var,E3,Estate Sector population,20,+,exposure
Uva,Coconut,,Drought,Coconut _drought_.xlsx,Var,E4,% Coconut  extent from total agricultural lands,25,+,exposure
Uva,Human Settlements,,Drought,Hu_Se_Drought.xlsx,Var,H1,Drought Hazard Index,100,+,hazard
Uva,Human Settlements,,Drought,Hu_Se_Drought.xlsx,Var,E1,Total Population,10,+,exposure
Uva,Human Settlements,,Drought,Hu_Se_Drought.xlsx,Var,E2,Population density,10,+,exposure
Uva,Human Settlements,,Drought,Hu_Se_Drought.xlsx,Var,E3,No. of housing units,5,+,exposure
Uva,Human Settlements,,Drought,Hu_Se_Drought.xlsx,Var,E4,Max # of drought affected People during 1974 to 2022,15,+,exposure
Uva,Human Settlements,,Drought,Hu_Se_Drought.xlsx,Var,E5,% area under urban classification,10,+,exposure
Uva,Human Settlements,,Drought,Hu_Se_Drought.xlsx,Var,E6,% area under human settlements (Urban and rural),5,+,exposure
Uva,Human Settlements,,Drought,Hu_Se_Drought.xlsx,Var,E7,% HH with pipe borne water,10,-,exposure
Uva,Human Settlements,,Drought,Hu_Se_Drought.xlsx,Var,E8,# of no proper sanitation facilities,5,+,exposure
Uva,Human Settlements,,Drought,Hu_Se_Drought.xlsx,Var,E9,%  Roofs consist of Galvanize Sheets,5,+,exposure
Uva,Human Settlements,,Drought,Hu_Se_Drought.xlsx,Var,E10,% surface area of water bodies within DS area,5,-,exposure
Uva,Human Settlements,,Drought,Hu_Se_Drought.xlsx,Var,E11,% of temporary houses,5,+,exposure
Uva,Human Settlements,,Drought,Hu_Se_Drought.xlsx,Var,E12,Human Animal Attacks,15,+,exposure
Uva,Human Settlements,,Flood,Hu_Se_Flood_.xlsx,Var,H1,Flood Hazard Index,100,+,hazard
Uva,Human Settlements,,Flood,Hu_Se_Flood_.xlsx,Var,E1,Population density,20,+,exposure
Uva,Human Settlements,,Flood,Hu_Se_Flood_.xlsx,Var,E2,"Max # of flood affected People during  1974 to 2023 (1974-2004, 25%, 2005 -2023, 75%)",40,+,exposure
Uva,Human Settlements,,Flood,Hu_Se_Flood_.xlsx,Var,E3,Total area classified as urban,5,+,exposure
Uva,Human Settlements,,Flood,Hu_Se_Flood_.xlsx,Var,E4,% of Multi Storied Buildings,10,-,exposure
Uva,Human Settlements,,Flood,Hu_Se_Flood_.xlsx,Var,E5,% of houses with vulnerable roofs (Cadjan/Palmirah Roofs),5,+,exposure
Uva,Human Settlements,,Flood,Hu_Se_Flood_.xlsx,Var,E6,% HH with pipe borne water,15,-,exposure
Uva,Human Settlements,,Flood,Hu_Se_Flood_.xlsx,Var,E7,# of Public hospitals,5,+,exposure
Uva,Human Settlements,,Landslide,Hu_Se_Landslide.xlsx,Var,H1,Landslide Index,100,+,hazard
Uva,Human Settlements,,Landslide,Hu_Se_Landslide.xlsx,Var,E1,# of buildings in landslide prone area (high and moderate),10,+,exposure
Uva,Human Settlements,,Landslide,Hu_Se_Landslide.xlsx,Var,E2,Landslide prone Human Settlements,20,+,exposure
Uva,Human Settlements,,Landslide,Hu_Se_Landslide.xlsx,Var,E3,Total of  Landslide  affected area (High and Moderate),20,+,exposure
Uva,Human Settlements,,Landslide,Hu_Se_Landslide.xlsx,Var,E4,Max # of landslide affected People during 1974 to 2023,20,+,exposure
Uva,Human Settlements,,Landslide,Hu_Se_Landslide.xlsx,Var,E5,landslide affected  road length,20,+,exposure
Uva,Human Settlements,,Landslide,Hu_Se_Landslide.xlsx,Var,E6,Road Density,5,-,exposure
Uva,Human Settlements,,Landslide,Hu_Se_Landslide.xlsx,Var,E7,Schools  in landslide prone area (high and moderate),5,+,exposure
Uva,Human Settlements,,Landslide,Hu_Se_Landslide.xlsx,Var,E8,# of Public hospitals,5,-,exposure
Uva,Industry,,Flood,Industry_Flood_.xlsx,Var,H1,Flood Hazard Index,100,+,hazard
Uva,Industry,,Flood,Industry_Flood_.xlsx,Var,E1,Total establishments in  manufacturing Industries,10,+,exposure
Uva,Industry,,Flood,Industry_Flood_.xlsx,Var,E2,Total No. of Mining & Quarrying industries,10,+,exposure
Uva,Industry,,Flood,Industry_Flood_.xlsx,Var,E3,Total No. of Industrial establishments (small and informal industries),10,+,exposure
Uva,Industry,,Flood,Industry_Flood_.xlsx,Var,E4,"Max # of flood affected People during  1974 to 2023 (1974-2004, 25%, 2005 -2023, 75%)",10,+,exposure
Uva,Industry,,Flood,Industry_Flood_.xlsx,Var,E5,Total Persons engaged (small and informal industries),10,+,exposure
Uva,Industry,,Flood,Industry_Flood_.xlsx,Var,E6,"Persons engaged in processing and preserving of fish, crustaceans and mollusks industries",20,+,exposure
Uva,Industry,,Flood,Industry_Flood_.xlsx,Var,E7,Persons engaged in manufacture of dairy product industries,10,+,exposure
Uva,Industry,,Flood,Industry_Flood_.xlsx,Var,E8,Accommodation and food service activities- No. of Establishments,10,+,exposure
Uva,Industry,,Flood,Industry_Flood_.xlsx,Var,E9,Accommodation and food service activities- No. of Persons Engaged,10,+,exposure
Uva,Industry,,Drought,Industry_drought_.xlsx,Var,H1,Drought Hazard Index,100,+,hazard
Uva,Industry,,Drought,Industry_drought_.xlsx,Var,E1,Total establishments in  manufacturing Industries,10,+,exposure
Uva,Industry,,Drought,Industry_drought_.xlsx,Var,E2,Total No. of Industrial establishments (small and informal industries),5,+,exposure
Uva,Industry,,Drought,Industry_drought_.xlsx,Var,E3,Max # of drought affected People during 1974 to 2022,10,+,exposure
Uva,Industry,,Drought,Industry_drought_.xlsx,Var,E4,Persons engaged in manufacture of food products industries,10,+,exposure
Uva,Industry,,Drought,Industry_drought_.xlsx,Var,E5,Persons engaged in manufacture of beverages industries,10,+,exposure
Uva,Industry,,Drought,Industry_drought_.xlsx,Var,E6,Total Persons engaged (small and informal industries),5,+,exposure
Uva,Industry,,Drought,Industry_drought_.xlsx,Var,E7,"# of industries in Food, Beverages & tobacco",10,+,exposure
Uva,Industry,,Drought,Industry_drought_.xlsx,Var,E8,Persons engaged in manufacture of dairy product industries,15,+,exposure
Uva,Industry,,Drought,Industry_drought_.xlsx,Var,E9,Accommodation and food service activities- No. of Establishments,15,+,exposure
Uva,Industry,,Drought,Industry_drought_.xlsx,Var,E10,Accommodation and food service activities- No. of Persons Engaged,10,+,exposure
Uva,Irrigation Water,,Drought,Irrigation_Water_Drought.xlsx,Var,H1,Drought Hazard Index,100,+,hazard
Uva,Irrigation Water,,Drought,Irrigation_Water_Drought.xlsx,Var,E1,% of total irrigated paddy area from total paddy extent,40,+,exposure
Uva,Irrigation Water,,Drought,Irrigation_Water_Drought.xlsx,Var,E2,Farm households population,30,+,exposure
Uva,Irrigation Water,,Drought,Irrigation_Water_Drought.xlsx,Var,E3,"Max # of drought affected People during 1974 to 2022 (1974 -2004, 25%, 2005 -2022, 75%)",30,+,exposure
Uva,Irrigation Water,,Flood,Irrigation_Water_Flood.xlsx,Var,H1,Flood Hazard Index,100,+,hazard
Uva,Irrigation Water,,Flood,Irrigation_Water_Flood.xlsx,Var,E1,% of total irrigated paddy area from total paddy extent,50,+,exposure
Uva,Irrigation Water,,Flood,Irrigation_Water_Flood.xlsx,Var,E2,Farm household's population,40,+,exposure
Uva,Irrigation Water,,Flood,Irrigation_Water_Flood.xlsx,Var,E3,"Max # of flood affected People during 1974 to 2023 (1974 -2004, 25%, 2005 -2023, 75%)",10,+,exposure
Uva,Livestock,Buffalo,Drought,Drought_Buffalo.xlsx,Var,H1,Drought Index,100,+,hazard
Uva,Livestock,Buffalo,Drought,Drought_Buffalo.xlsx,Var,E1,No of Buffalo Farmers,30,+,exposure
Uva,Livestock,Buffalo,Drought,Drought_Buffalo.xlsx,Var,E2,Buffalo Population,30,+,exposure
Uva,Livestock,Buffalo,Drought,Drought_Buffalo.xlsx,Var,E3,Mitch Buffaloes' Monthly Milk Production (l),20,+,exposure
Uva,Livestock,Buffalo,Drought,Drought_Buffalo.xlsx,Var,E4,% Buffalo Farmers from Total Livestock Farmers,20,+,exposure
Uva,Livestock,Cattle,Drought,Drought_Cattle.xlsx,Var,H1,Drought Hazard Index,100,+,hazard
Uva,Livestock,Cattle,Drought,Drought_Cattle.xlsx,Var,E1,No. of Cattle Farmers,30,+,exposure
Uva,Livestock,Cattle,Drought,Drought_Cattle.xlsx,Var,E2,Cattle Population,30,+,exposure
Uva,Livestock,Cattle,Drought,Drought_Cattle.xlsx,Var,E3,Mitch Cows' Monthly Milk Production (l),20,+,exposure
Uva,Livestock,Cattle,Drought,Drought_Cattle.xlsx,Var,E4,% Cattle Farmers from Total Livestock Farmers,20,+,exposure
Uva,Livestock,Goat,Drought,Drought_Goat.xlsx,Var,H1,Drought Hazard Index,100,+,hazard
Uva,Livestock,Goat,Drought,Drought_Goat.xlsx,Var,E1,No. of Goat Farmers,25,+,exposure
Uva,Livestock,Goat,Drought,Drought_Goat.xlsx,Var,E2,Goat Population,25,+,exposure
Uva,Livestock,Goat,Drought,Drought_Goat.xlsx,Var,E3,Mitch Goats' Monthly Milk Production (l),10,+,exposure
Uva,Livestock,Goat,Drought,Drought_Goat.xlsx,Var,E4,Monthly Mutton Production (Kg),20,+,exposure
Uva,Livestock,Goat,Drought,Drought_Goat.xlsx,Var,E5,% Goat Farmers from Total Livestock Farmers,20,+,exposure
Uva,Livestock,Pig,Drought,Drought_Pig.xlsx,Var,H1,Drought Index,100,+,hazard
Uva,Livestock,Pig,Drought,Drought_Pig.xlsx,Var,E1,No of Pig Farmers,30,+,exposure
Uva,Livestock,Pig,Drought,Drought_Pig.xlsx,Var,E2,Pig Population,30,+,exposure
Uva,Livestock,Pig,Drought,Drought_Pig.xlsx,Var,E3,Pork Production (Monthly),20,+,exposure
Uva,Livestock,Pig,Drought,Drought_Pig.xlsx,Var,E4,% of pig Farmers from Livestock Farmers,20,+,exposure
Uva,Livestock,Poultry,Drought,Drought_Poultry.xlsx,Var,H1,Drought Hazard Index,100,+,hazard
Uva,Livestock,Poultry,Drought,Drought_Poultry.xlsx,Var,E1,No. of Poultry Farmers,30,+,exposure
Uva,Livestock,Poultry,Drought,Drought_Poultry.xlsx,Var,E2,Poultry Population,30,+,exposure
Uva,Livestock,Poultry,Drought,Drought_Poultry.xlsx,Var,E3,Monthly Egg Production,20,+,exposure
Uva,Livestock,Poultry,Drought,Drought_Poultry.xlsx,Var,E4,% of Poultry Farmers from Total Livestock Farmers,20,+,exposure
Uva,Livestock,Buffalo,Flood,Flood_Buffalo.xlsx,Var,H1,Flood Index,100,+,hazard
Uva,Livestock,Buffalo,Flood,Flood_Buffalo.xlsx,Var,E1,No of Buffalo Farmers,30,+,exposure
Uva,Livestock,Buffalo,Flood,Flood_Buffalo.xlsx,Var,E2,Buffalo Population,30,+,exposure
Uva,Livestock,Buffalo,Flood,Flood_Buffalo.xlsx,Var,E3,Mitch Buffaloes' Monthly Milk Production (l),20,+,exposure
Uva,Livestock,Buffalo,Flood,Flood_Buffalo.xlsx,Var,E4,% Buffalo Farmers from Total Livestock Farmers,20,+,exposure
Uva,Livestock,Cattle,Flood,Flood_Cattle.xlsx,Var,H1,Flood Hazard Index,100,+,hazard
Uva,Livestock,Cattle,Flood,Flood_Cattle.xlsx,Var,E1,No. of Cattle Farmers,30,+,exposure
Uva,Livestock,Cattle,Flood,Flood_Cattle.xlsx,Var,E2,Cattle Population,30,+,exposure
Uva,Livestock,Cattle,Flood,Flood_Cattle.xlsx,Var,E3,Mitch Cows' Monthly Milk Production (l),20,+,exposure
Uva,Livestock,Cattle,Flood,Flood_Cattle.xlsx,Var,E4,% Cattle Farmers from Total Livestock Farmers,20,+,exposure
Uva,Livestock,Goat,Flood,Flood_Goat.xlsx,Var,H1,Flood Hazard Index,100,+,hazard
Uva,Livestock,Goat,Flood,Flood_Goat.xlsx,Var,E1,No. of Goat Farmers,25,+,exposure
Uva,Livestock,Goat,Flood,Flood_Goat.xlsx,Var,E2,Goat Population,25,+,exposure
Uva,Livestock,Goat,Flood,Flood_Goat.xlsx,Var,E3,Mitch Goats' Monthly Milk Production (l),10,+,exposure
Uva,Livestock,Goat,Flood,Flood_Goat.xlsx,Var,E4,Monthly Mutton Production (Kg),20,+,exposure
Uva,Livestock,Goat,Flood,Flood_Goat.xlsx,Var,E5,% Goat Farmers from Total Livestock Farmers,20,+,exposure
Uva,Livestock,Pig,Flood,Flood_Pig.xlsx,Var,H1,Flood Index,100,+,hazard
Uva,Livestock,Pig,Flood,Flood_Pig.xlsx,Var,E1,No of Pig Farmers,30,+,exposure
Uva,Livestock,Pig,Flood,Flood_Pig.xlsx,Var,E2,Pig Population,30,+,exposure
Uva,Livestock,Pig,Flood,Flood_Pig.xlsx,Var,E3,Pork Production (Monthly),20,+,exposure
Uva,Livestock,Pig,Flood,Flood_Pig.xlsx,Var,E4,% of pig Farmers from Livestock Farmers,20,+,exposure
Uva,Livestock,Poultry,Flood,Flood_Poultry.xlsx,Var,H1,Flood Hazard ndex,100,+,hazard
Uva,Livestock,Poultry,Flood,Flood_Poultry.xlsx,Var,E1,No. of Poultry Farmers,30,+,exposure
Uva,Livestock,Poultry,Flood,Flood_Poultry.xlsx,Var,E2,Poultry Population,30,+,exposure
Uva,Livestock,Poultry,Flood,Flood_Poultry.xlsx,Var,E3,Monthly Egg Production,20,+,exposure
Uva,Livestock,Poultry,Flood,Flood_Poultry.xlsx,Var,E4,% of Poultry Farmers from Total Livestock Farmers,20,+,exposure
Uva,Paddy,,Drought,Paddy_Drought_.xlsx,Var,H1,Drought Hazard Index,100,+,hazard
Uva,Paddy,,Drought,Paddy_Drought_.xlsx,Var,E1,Total Aswedumized paddy  extent,20,+,exposure
Uva,Paddy,,Drought,Paddy_Drought_.xlsx,Var,E2,% paddy land area (from total land area),15,+,exposure
Uva,Paddy,,Drought,Paddy_Drought_.xlsx,Var,E3,"Max # of drought affected People during 1974 to 2022 (1974 -2004, 25%, 2005 -2022, 75%)",20,+,exposure
Uva,Paddy,,Drought,Paddy_Drought_.xlsx,Var,E4,No. of paddy farmers,15,+,exposure
Uva,Paddy,,Drought,Paddy_Drought_.xlsx,Var,E5,% of Paddy farmers from total  Agricultural Operators,15,+,exposure
Uva,Paddy,,Drought,Paddy_Drought_.xlsx,Var,E6,% of rain-fed paddy lands,15,+,exposure
Uva,Paddy,,Flood,Paddy_Flood_.xlsx,Var,H1,Flood Hazard Index,100,+,hazard
Uva,Paddy,,Flood,Paddy_Flood_.xlsx,Var,E1,Total Asweddumized paddy  extent,20,+,exposure
Uva,Paddy,,Flood,Paddy_Flood_.xlsx,Var,E2,% paddy land area (from total land area),20,+,exposure
Uva,Paddy,,Flood,Paddy_Flood_.xlsx,Var,E3,No. of paddy farmers,10,+,exposure
Uva,Paddy,,Flood,Paddy_Flood_.xlsx,Var,E4,% of Paddy farmers from total  Agricultural Operators,10,+,exposure
Uva,Paddy,,Flood,Paddy_Flood_.xlsx,Var,E5,Water surface area,15,-,exposure
Uva,Paddy,,Flood,Paddy_Flood_.xlsx,Var,E6,% of water surface area,15,-,exposure
Uva,Paddy,,Flood,Paddy_Flood_.xlsx,Var,E7,% of forest cover,5,-,exposure
Uva,Paddy,,Flood,Paddy_Flood_.xlsx,Var,E8,Annual average rainfall,5,+,exposure
Uva,Potable Water,,Drought,Potable_Water_Drought_.xlsx,Var,H1,Drought Hazard Index,100,+,hazard
Uva,Potable Water,,Drought,Potable_Water_Drought_.xlsx,Var,E1,Total Population,10,+,exposure
Uva,Potable Water,,Drought,Potable_Water_Drought_.xlsx,Var,E2,% of HH having Pipe born water,10,-,exposure
Uva,Potable Water,,Drought,Potable_Water_Drought_.xlsx,Var,E3,"Max # of Drought affected People during 1974 to 2022 (1974 -2004, 25%, 2005 -2022, 75%)",20,+,exposure
Uva,Potable Water,,Drought,Potable_Water_Drought_.xlsx,Var,E4,No. of water intake points,10,+,exposure
Uva,Potable Water,,Drought,Potable_Water_Drought_.xlsx,Var,E5,% of HH  fed  by wells,10,+,exposure
Uva,Potable Water,,Drought,Potable_Water_Drought_.xlsx,Var,E6,% of HH_Rural water supply project,25,+,exposure
Uva,Potable Water,,Drought,Potable_Water_Drought_.xlsx,Var,E7,% of Water surface area,10,-,exposure
Uva,Potable Water,,Drought,Potable_Water_Drought_.xlsx,Var,E8,% of forest cover,5,-,exposure
Uva,Potable Water,,Flood,Potable_Water_Flood_.xlsx,Var,H1,Flood Hazard Index,100,+,hazard
Uva,Potable Water,,Flood,Potable_Water_Flood_.xlsx,Var,E1,Total Population,10,+,exposure
Uva,Potable Water,,Flood,Potable_Water_Flood_.xlsx,Var,E2,% of HH having Pipe born water,10,-,exposure
Uva,Potable Water,,Flood,Potable_Water_Flood_.xlsx,Var,E3,"Max # of flood affected People during 1974 to 2023 (1974 -2004, 25%, 2005 -2023, 75%)",30,+,exposure
Uva,Potable Water,,Flood,Potable_Water_Flood_.xlsx,Var,E4,No. of water intake points,20,+,exposure
Uva,Potable Water,,Flood,Potable_Water_Flood_.xlsx,Var,E5,% of HH fed  by wells,15,+,exposure
Uva,Potable Water,,Flood,Potable_Water_Flood_.xlsx,Var,E6,% of HH - Rural water supply project,15,+,exposure
Uva,Potable Water,,Landslide,Potable_Water_Landslide.xlsx,Var,H1,Landside Hazard Index,100,+,hazard
Uva,Potable Water,,Landslide,Potable_Water_Landslide.xlsx,Var,E1,Population density in DSD,5,+,exposure
Uva,Potable Water,,Landslide,Potable_Water_Landslide.xlsx,Var,E2,Total buildings in landslide affected area,5,+,exposure
Uva,Potable Water,,Landslide,Potable_Water_Landslide.xlsx,Var,E3,Total landslide affected area,45,+,exposure
Uva,Potable Water,,Landslide,Potable_Water_Landslide.xlsx,Var,E4,% of landslide affected area,15,+,exposure
Uva,Potable Water,,Landslide,Potable_Water_Landslide.xlsx,Var,E5,Max # of Landslide affected People during 1974 to 2023,10,+,exposure
Uva,Potable Water,,Landslide,Potable_Water_Landslide.xlsx,Var,E6,No. of water intake points,5,+,exposure
Uva,Potable Water,,Landslide,Potable_Water_Landslide.xlsx,Var,E7,% of HH fed  by wells,5,+,exposure
Uva,Potable Water,,Landslide,Potable_Water_Landslide.xlsx,Var,E8,% of HH - Rural water supply project,10,+,exposure
Uva,Tea,,Drought,Tea_Drought_.xlsx,Var,H1,Drought Index,100,+,hazard
Uva,Tea,,Drought,Tea_Drought_.xlsx,Var,E1,Tea extent (ha),50,+,exposure
Uva,Tea,,Drought,Tea_Drought_.xlsx,Var,E2,No. of Tea farmers,50,+,exposure
Uva,Tourism,,Drought,Tourism_Drought_.xlsx,Var,H1,Drought Hazard Index,100,+,hazard
Uva,Tourism,,Drought,Tourism_Drought_.xlsx,Var,E1,Total Hotels,20,+,exposure
Uva,Tourism,,Drought,Tourism_Drought_.xlsx,Var,E2,Accommodation and food service activities- No. of Establishments,20,+,exposure
Uva,Tourism,,Drought,Tourism_Drought_.xlsx,Var,E3,Accommodation and food service activities- No. of Persons Engaged,20,+,exposure
Uva,Tourism,,Drought,Tourism_Drought_.xlsx,Var,E4,"Arts, entertainment and recreation- No. of Establishments",20,+,exposure
Uva,Tourism,,Drought,Tourism_Drought_.xlsx,Var,E5,"Arts, entertainment and recreation- No. of Persons Engaged",20,+,exposure
Uva,Tourism,,Flood,Tourism_Flood_.xlsx,Var,H1,Flood Hazard Index,100,+,hazard
Uva,Tourism,,Flood,Tourism_Flood_.xlsx,Var,E1,Total hotels,20,+,exposure
Uva,Tourism,,Flood,Tourism_Flood_.xlsx,Var,E2,Accommodation and food service activities- No. Establishments,20,+,exposure
Uva,Tourism,,Flood,Tourism_Flood_.xlsx,Var,E3,Accommodation and food service activities- No. Persons Engaged,20,+,exposure
Uva,Tourism,,Flood,Tourism_Flood_.xlsx,Var,E4,"Arts, entertainment and recreation- No. Establishments",20,+,exposure
Uva,Tourism,,Flood,Tourism_Flood_.xlsx,Var,E5,"Arts, entertainment and recreation- No. Persons Engaged",20,+,exposure
Uva,Transport,,Flood,Transport_Flood_.xlsx,Var,H1,Flood Hazard Index,100,+,hazard
Uva,Transport,,Flood,Transport_Flood_.xlsx,Var,E1,Total main road length,25,+,exposure
Uva,Transport,,Flood,Transport_Flood_.xlsx,Var,E2,Total Secondary road length,25,+,exposure
Uva,Transport,,Flood,Transport_Flood_.xlsx,Var,E3,TotalTrack length,25,+,exposure
Uva,Transport,,Flood,Transport_Flood_.xlsx,Var,E4,Total railway length,25,+,exposure
Uva,Transport,,Landslide,Transport_Landslide_.xlsx,Var,H1,Landslide Index,100,+,hazard
Uva,Transport,,Landslide,Transport_Landslide_.xlsx,Var,E1,Landslide affected main road length,45,+,exposure
Uva,Transport,,Landslide,Transport_Landslide_.xlsx,Var,E2,Landslide affected Secondary road length,20,+,exposure
Uva,Transport,,Landslide,Transport_Landslide_.xlsx,Var,E3,Landslide affected Track length,15,+,exposure
Uva,Transport,,Landslide,Transport_Landslide_.xlsx,Var,E4,Landslide affected railway length,10,+,exposure
Uva,Transport,,Landslide,Transport_Landslide_.xlsx,Var,E5,HH with no proper access road,5,+,exposure
Uva,Transport,,Landslide,Transport_Landslide_.xlsx,Var,E6,Road density,5,-,exposure
Western,Coconut,,Drought,Coconut_Drought.xlsx,Var,H1,"No. of drought events - 1974 to 2022 (1974-2004, 25%, 2005 -2022, 75%)",50,+,hazard
Western,Coconut,,Drought,Coconut_Drought.xlsx,Var,H2,Occurrence of warm days (TX90p),10,+,hazard
Western,Coconut,,Drought,Coconut_Drought.xlsx,Var,H3,SPI (Intensity),40,+,hazard
Western,Coconut,,Drought,Coconut_Drought.xlsx,Var,E1,Coconut  extent,25,+,exposure
Western,Coconut,,Drought,Coconut_Drought.xlsx,Var,E2,No. of Coconut  farmers,30,+,exposure
Western,Coconut,,Drought,Coconut_Drought.xlsx,Var,E3,Estate Sector population,20,+,exposure
Western,Coconut,,Drought,Coconut_Drought.xlsx,Var,E4,% Coconut  extent from total agricultural lands,25,+,exposure
Western,Human Settlements,,Drought,Hu_Se_Drought.xlsx,Var,H1,"No. of drought events - 1974 to 2022 (1974-2004, 25%, 2005 -2022, 75%)",40,+,hazard
Western,Human Settlements,,Drought,Hu_Se_Drought.xlsx,Var,H2,Occurrence of warm days (TX90p),30,+,hazard
Western,Human Settlements,,Drought,Hu_Se_Drought.xlsx,Var,H3,SPI (Intensity),30,+,hazard
Western,Human Settlements,,Drought,Hu_Se_Drought.xlsx,Var,E1,Total Population,15,+,exposure
Western,Human Settlements,,Drought,Hu_Se_Drought.xlsx,Var,E2,Population density,20,+,exposure
Western,Human Settlements,,Drought,Hu_Se_Drought.xlsx,Var,E3,No. of housing units,18,+,exposure
Western,Human Settlements,,Drought,Hu_Se_Drought.xlsx,Var,E4,Max # of drought affected People during 2005 to 2022,20,+,exposure
Western,Human Settlements,,Drought,Hu_Se_Drought.xlsx,Var,E5,% area under urban classification,10,+,exposure
Western,Human Settlements,,Drought,Hu_Se_Drought.xlsx,Var,E6,% area under human settlements (Urban and rural),17,+,exposure
Western,Human Settlements,,Flood,Hu_Se_Flood.xlsx,Var,H1,"No. of Flood events - 1974 to 2023 (1974-2004, 25%, 2005 -2023, 75%)",40,+,hazard
Western,Human Settlements,,Flood,Hu_Se_Flood.xlsx,Var,H2,Very wet days (95th percentile) and 3 day cumulative rain fall (out of 35 - 40% for very wet days and 60% for 3 day cumulative respectively),30,+,hazard
Western,Human Settlements,,Flood,Hu_Se_Flood.xlsx,Var,H3,Strong wind events - 1978 to 2023,20,+,hazard
Western,Human Settlements,,Flood,Hu_Se_Flood.xlsx,Var,H4,No. of lightning incidents  - 1974 to 2023,10,+,hazard
Western,Human Settlements,,Flood,Hu_Se_Flood.xlsx,Var,E1,%  Extent of Major floods affected area,10,+,exposure
Western,Human Settlements,,Flood,Hu_Se_Flood.xlsx,Var,E2,Total buildings in flood affected area,10,+,exposure
Western,Human Settlements,,Flood,Hu_Se_Flood.xlsx,Var,E3,Flood affected human settlement area,30,+,exposure
Western,Human Settlements,,Flood,Hu_Se_Flood.xlsx,Var,E5,"Max # of flood affected People during  1974 to 2023 (1974-2004, 25%, 2005 -2023, 75%)",35,+,exposure
Western,Human Settlements,,Flood,Hu_Se_Flood.xlsx,Var,E6,Flood affected  road length,10,+,exposure
Western,Human Settlements,,Flood,Hu_Se_Flood.xlsx,Var,E7,No. of Flood affected schools,5,+,exposure
Western,Human Settlements,,Landslide,Hu_Se_Landslide.xlsx,Var,H1,Landslide  events (1974 - 2023),50,+,hazard
Western,Human Settlements,,Landslide,Hu_Se_Landslide.xlsx,Var,H2,Very wet days (95th percentile) and 3 day cumulative rain fall (out of 35 - 40% for very wet days and 60% for 3 day cumulative respectively),30,+,hazard
Western,Human Settlements,,Landslide,Hu_Se_Landslide.xlsx,Var,H3,Cutting failures (2000 - 2023),20,+,hazard
Western,Human Settlements,,Landslide,Hu_Se_Landslide.xlsx,Var,E1,No. of buildings in landslide prone area (high and moderate),15,+,exposure
Western,Human Settlements,,Landslide,Hu_Se_Landslide.xlsx,Var,E2,Landslide prone Human Settlements,10,+,exposure
Western,Human Settlements,,Landslide,Hu_Se_Landslide.xlsx,Var,E3,Total of  Landslide  affected area (High and Moderate),10,+,exposure
Western,Human Settlements,,Landslide,Hu_Se_Landslide.xlsx,Var,E4,Max # of landslide affected People during 1974 to 2023,20,+,exposure
Western,Human Settlements,,Landslide,Hu_Se_Landslide.xlsx,Var,E5,landslide affected  road length,15,+,exposure
Western,Human Settlements,,Landslide,Hu_Se_Landslide.xlsx,Var,E6,Road Density,10,-,exposure
Western,Human Settlements,,Landslide,Hu_Se_Landslide.xlsx,Var,E7,Schools  in landslide prone area (high and moderate),10,+,exposure
Western,Human Settlements,,Landslide,Hu_Se_Landslide.xlsx,Var,E8,No. of Public hospitals,10,-,exposure
Western,Industry,,Drought,Industry_Drought.xlsx,Var,H1,"No. of drought events - 1974 to 2022 (1974 -2004, 25%, 2005 -2022, 75%)",50,+,hazard
Western,Industry,,Drought,Industry_Drought.xlsx,Var,H2,Occurrence of warm days (TX90p),10,+,hazard
Western,Industry,,Drought,Industry_Drought.xlsx,Var,H3,SPI (Intensity),40,+,hazard
Western,Industry,,Drought,Industry_Drought.xlsx,Var,E1,Total establishments in  manufacturing Industries,10,+,exposure
Western,Industry,,Drought,Industry_Drought.xlsx,Var,E2,Total No. of Industrial establishments (small and informal industries),5,+,exposure
Western,Industry,,Drought,Industry_Drought.xlsx,Var,E3,Max # of drought affected People during 2005 to 2022,10,+,exposure
Western,Industry,,Drought,Industry_Drought.xlsx,Var,E4,Persons engaged in manufacture of food products industries,10,+,exposure
Western,Industry,,Drought,Industry_Drought.xlsx,Var,E5,Persons engaged in manufacture of beverages industries,10,+,exposure
Western,Industry,,Drought,Industry_Drought.xlsx,Var,E6,Total Persons engaged (small and informal industries),5,+,exposure
Western,Industry,,Drought,Industry_Drought.xlsx,Var,E7,"No. of industries in Food, Beverages & tobacco",10,+,exposure
Western,Industry,,Drought,Industry_Drought.xlsx,Var,E8,Persons engaged in manufacture of dairy product industries,15,+,exposure
Western,Industry,,Drought,Industry_Drought.xlsx,Var,E9,Accommodation and food service activities- No. of Establishments,15,+,exposure
Western,Industry,,Drought,Industry_Drought.xlsx,Var,E10,Accommodation and food service activities- No. of Persons Engaged,10,+,exposure
Western,Industry,,Flood,Industry_Flood.xlsx,Var,H1,"No. of Flood events - 1974 to 2023 (1974-2004, 25%, 2005 -2023, 75%)",40,+,hazard
Western,Industry,,Flood,Industry_Flood.xlsx,Var,H2,Very wet days (95th percentile) and 3 day cumulative rain fall (out of 35 - 40% for very wet days and 60% for 3 day cumulative respectively),30,+,hazard
Western,Industry,,Flood,Industry_Flood.xlsx,Var,H3,Strong wind events - 1978 to 2023,20,+,hazard
Western,Industry,,Flood,Industry_Flood.xlsx,Var,H4,No. of lightning incidents  - 1974 to 2023,10,+,hazard
Western,Industry,,Flood,Industry_Flood.xlsx,Var,E1,Total establishments in  manufacturing Industries,10,+,exposure
Western,Industry,,Flood,Industry_Flood.xlsx,Var,E2,Total No. of Mining & Quarrying industries,10,+,exposure
Western,Industry,,Flood,Industry_Flood.xlsx,Var,E3,Total No. of Industrial establishments (small and informal industries),5,+,exposure
Western,Industry,,Flood,Industry_Flood.xlsx,Var,E4,"Max # of flood affected People during  1974 to 2023 (1974-2004, 25%, 2005 -2023, 75%)",10,+,exposure
Western,Industry,,Flood,Industry_Flood.xlsx,Var,E5,Flood affected  road length,10,+,exposure
Western,Industry,,Flood,Industry_Flood.xlsx,Var,E6,Total Persons engaged (small and informal industries),5,+,exposure
Western,Industry,,Flood,Industry_Flood.xlsx,Var,E7,"Persons engaged in processing and preserving of fish, crustaceans and mollusks industries",20,+,exposure
Western,Industry,,Flood,Industry_Flood.xlsx,Var,E8,Persons engaged in manufacture of dairy product industries,10,+,exposure
Western,Industry,,Flood,Industry_Flood.xlsx,Var,E9,Accommodation and food service activities- No. of Establishments,10,+,exposure
Western,Industry,,Flood,Industry_Flood.xlsx,Var,E10,Accommodation and food service activities- No. of Persons Engaged,10,+,exposure
Western,Livestock,Buffaloa,Drought,Buffaloa_Drought.xlsx,Var,H1,"No. of drought events - 1974 to 2022 (1974-2004, 25%, 2005 -2022, 75%)",50,+,hazard
Western,Livestock,Buffaloa,Drought,Buffaloa_Drought.xlsx,Var,H2,Occurrence of warm days (TX90p),10,+,hazard
Western,Livestock,Buffaloa,Drought,Buffaloa_Drought.xlsx,Var,H3,SPI (Intensity),40,+,hazard
Western,Livestock,Buffaloa,Drought,Buffaloa_Drought.xlsx,Var,E1,Mitch Buffaloes Daily Milk Production (l),30,+,exposure
Western,Livestock,Buffaloa,Drought,Buffaloa_Drought.xlsx,Var,E2,Total livestock farmers,15,+,exposure
Western,Livestock,Buffaloa,Drought,Buffaloa_Drought.xlsx,Var,E3,% livestock farmers from total Agricultural Operators,15,+,exposure
Western,Livestock,Buffaloa,Drought,Buffaloa_Drought.xlsx,Var,E4,No. of Buffaloes,40,+,exposure
Western,Livestock,Buffaloa,Flood,Buffaloa_Flood.xlsx,Var,H1,"No. of Flood events - 1974 to 2023 (1974-2004, 25%, 2005 -2023, 75%)",50,+,hazard
Western,Livestock,Buffaloa,Flood,Buffaloa_Flood.xlsx,Var,H2,Very wet days (95th percentile) and 3 day cumulative rain fall (out of 35 - 40% for very wet days and 60% for 3 day cumulative respectively),35,+,hazard
Western,Livestock,Buffaloa,Flood,Buffaloa_Flood.xlsx,Var,H3,Strong wind events - 1978 to 2023,10,+,hazard
Western,Livestock,Buffaloa,Flood,Buffaloa_Flood.xlsx,Var,H4,No. of lightning incidents  - 1974 to 2023,5,+,hazard
Western,Livestock,Buffaloa,Flood,Buffaloa_Flood.xlsx,Var,E1,No. of Buffaloes,40,+,exposure
Western,Livestock,Buffaloa,Flood,Buffaloa_Flood.xlsx,Var,E2,Mitch Buffaloes' Daily Milk Production (l),30,+,exposure
Western,Livestock,Buffaloa,Flood,Buffaloa_Flood.xlsx,Var,E3,Total livestock farmers,15,+,exposure
Western,Livestock,Buffaloa,Flood,Buffaloa_Flood.xlsx,Var,E4,% livestock farmers from total Agricultural Operators,15,+,exposure
Western,Livestock,Cattle,Drought,Cattle_Drought.xlsx,Var,H1,"No. of drought events - 1974 to 2022 (1974-2004, 25%, 2005 -2022, 75%)",50,+,hazard
Western,Livestock,Cattle,Drought,Cattle_Drought.xlsx,Var,H2,Occurrence of warm days (TX90p),10,+,hazard
Western,Livestock,Cattle,Drought,Cattle_Drought.xlsx,Var,H3,SPI (Intensity),40,+,hazard
Western,Livestock,Cattle,Drought,Cattle_Drought.xlsx,Var,E1,No. of Cattles,40,+,exposure
Western,Livestock,Cattle,Drought,Cattle_Drought.xlsx,Var,E2,Mitch Cows' Daily Milk Production (l),30,+,exposure
Western,Livestock,Cattle,Drought,Cattle_Drought.xlsx,Var,E3,Total livestock farmers,15,+,exposure
Western,Livestock,Cattle,Drought,Cattle_Drought.xlsx,Var,E4,% livestock farmers from total Agricultural Operators,15,+,exposure
Western,Livestock,Cattle,Flood,Cattle_Flood.xlsx,Var,H1,"No. of Flood events - 1974 to 2023 (1974-2004, 25%, 2005 -2023, 75%)",50,+,hazard
Western,Livestock,Cattle,Flood,Cattle_Flood.xlsx,Var,H2,Very wet days (95th percentile) and 3 day cumulative rain fall (out of 35 - 40% for very wet days and 60% for 3 day cumulative respectively),35,+,hazard
Western,Livestock,Cattle,Flood,Cattle_Flood.xlsx,Var,H3,Strong wind events - 1978 to 2023,10,+,hazard
Western,Livestock,Cattle,Flood,Cattle_Flood.xlsx,Var,H4,No. of lightning incidents  - 1974 to 2023,5,+,hazard
Western,Livestock,Cattle,Flood,Cattle_Flood.xlsx,Var,E1,No. of Cattles,40,+,exposure
Western,Livestock,Cattle,Flood,Cattle_Flood.xlsx,Var,E2,Mitch Cows' Daily Milk Production (l),30,+,exposure
Western,Livestock,Cattle,Flood,Cattle_Flood.xlsx,Var,E3,Total livestock farmers,15,+,exposure
Western,Livestock,Cattle,Flood,Cattle_Flood.xlsx,Var,E4,% livestock farmers from total Agricultural Operators,15,+,exposure
Western,Livestock,Goat,Drought,Goat_Drought.xlsx,Var,H1,"No. of drought events - 1974 to 2022 (1974-2004, 25%, 2005 -2022, 75%)",50,+,hazard
Western,Livestock,Goat,Drought,Goat_Drought.xlsx,Var,H2,Occurrence of warm days (TX90p),10,+,hazard
Western,Livestock,Goat,Drought,Goat_Drought.xlsx,Var,H3,SPI (Intensity),40,+,hazard
Western,Livestock,Goat,Drought,Goat_Drought.xlsx,Var,E1,No. of Goats,70,+,exposure
Western,Livestock,Goat,Drought,Goat_Drought.xlsx,Var,E2,Total livestock farmers,15,+,exposure
Western,Livestock,Goat,Drought,Goat_Drought.xlsx,Var,E3,% livestock farmers from total Agricultural Operators,15,+,exposure
Western,Livestock,Goat,Flood,Goat_Flood.xlsx,Var,H1,"No. of Flood events - 1974 to 2023 (1974-2004, 25%, 2005 -2023, 75%)",50,+,hazard
Western,Livestock,Goat,Flood,Goat_Flood.xlsx,Var,H2,Very wet days (95th percentile) and 3 day cumulative rain fall (out of 35 - 40% for very wet days and 60% for 3 day cumulative respectively),35,+,hazard
Western,Livestock,Goat,Flood,Goat_Flood.xlsx,Var,H3,Strong wind events - 1978 to 2023,10,+,hazard
Western,Livestock,Goat,Flood,Goat_Flood.xlsx,Var,H4,No. of lightning incidents  - 1974 to 2023,5,+,hazard
Western,Livestock,Goat,Flood,Goat_Flood.xlsx,Var,E1,No of Goats,70,+,exposure
Western,Livestock,Goat,Flood,Goat_Flood.xlsx,Var,E2,Total livestock farmers,15,+,exposure
Western,Livestock,Goat,Flood,Goat_Flood.xlsx,Var,E3,% livestock farmers from total Agricultural Operators,15,+,exposure
Western,Livestock,Pig,Drought,Pig_Drought.xlsx,Var,H1,"No. of drought events - 1974 to 2022 (1974-2004, 25%, 2005 -2022, 75%)",50,+,hazard
Western,Livestock,Pig,Drought,Pig_Drought.xlsx,Var,H2,Occurrence of warm days (TX90p),10,+,hazard
Western,Livestock,Pig,Drought,Pig_Drought.xlsx,Var,H3,SPI (Intensity),40,+,hazard
Western,Livestock,Pig,Drought,Pig_Drought.xlsx,Var,E1,# of Pigs,50,+,exposure
Western,Livestock,Pig,Drought,Pig_Drought.xlsx,Var,E2,Total livestock farmers,15,+,exposure
Western,Livestock,Pig,Drought,Pig_Drought.xlsx,Var,E3,% of Swine/Sheep raising farmers,35,+,exposure
Western,Livestock,Pig,Flood,Pig_Flood.xlsx,Var,H1,"No. of Flood events - 1974 to 2023 (1974-2004, 25%, 2005 -2023, 75%)",50,+,hazard
Western,Livestock,Pig,Flood,Pig_Flood.xlsx,Var,H2,Very wet days (95th percentile) and 3 day cumulative rain fall (out of 35 - 40% for very wet days and 60% for 3 day cumulative respectively),35,+,hazard
Western,Livestock,Pig,Flood,Pig_Flood.xlsx,Var,H3,Strong wind events - 1978 to 2023,10,+,hazard
Western,Livestock,Pig,Flood,Pig_Flood.xlsx,Var,H4,No. of lightning incidents  - 1974 to 2023,5,+,hazard
Western,Livestock,Pig,Flood,Pig_Flood.xlsx,Var,E1,# of Pigs,50,+,exposure
Western,Livestock,Pig,Flood,Pig_Flood.xlsx,Var,E2,Total livestock farmers,15,+,exposure
Western,Livestock,Pig,Flood,Pig_Flood.xlsx,Var,E3,% of Swine/Sheep raising farmers,35,+,exposure
Western,Livestock,Poultry,Drought,Poultry_Drought.xlsx,Var,H1,"No. of drought events - 1974 to 2022 (1974-2004, 25%, 2005 -2022, 75%)",50,+,hazard
Western,Livestock,Poultry,Drought,Poultry_Drought.xlsx,Var,H2,Occurrence of warm days (TX90p),10,+,hazard
Western,Livestock,Poultry,Drought,Poultry_Drought.xlsx,Var,H3,SPI (Intensity),40,+,hazard
Western,Livestock,Poultry,Drought,Poultry_Drought.xlsx,Var,E1,Daily Egg Production,25,+,exposure
Western,Livestock,Poultry,Drought,Poultry_Drought.xlsx,Var,E2,No. of Cock /Hens,25,+,exposure
Western,Livestock,Poultry,Drought,Poultry_Drought.xlsx,Var,E3,No. of Egg Laying Hens,25,+,exposure
Western,Livestock,Poultry,Drought,Poultry_Drought.xlsx,Var,E4,% of Poultry raising framers,25,+,exposure
Western,Livestock,Poultry,Flood,Poultry_Flood.xlsx,Var,H1,"No. of Flood events - 1974 to 2023 (1974-2004, 25%, 2005 -2023, 75%)",50,+,hazard
Western,Livestock,Poultry,Flood,Poultry_Flood.xlsx,Var,H2,Very wet days (95th percentile) and 3 day cumulative rain fall (out of 35 - 40% for very wet days and 60% for 3 day cumulative respectively),35,+,hazard
Western,Livestock,Poultry,Flood,Poultry_Flood.xlsx,Var,H3,Strong wind events - 1978 to 2023,10,+,hazard
Western,Livestock,Poultry,Flood,Poultry_Flood.xlsx,Var,H4,No. of lightning incidents  - 1974 to 2023,5,+,hazard
Western,Livestock,Poultry,Flood,Poultry_Flood.xlsx,Var,E1,No of Cock /Hens,25,+,exposure
Western,Livestock,Poultry,Flood,Poultry_Flood.xlsx,Var,E2,Daily Egg Production,25,+,exposure
Western,Livestock,Poultry,Flood,Poultry_Flood.xlsx,Var,E3,No. of Egg Laying Hens,25,+,exposure
Western,Livestock,Poultry,Flood,Poultry_Flood.xlsx,Var,E4,% of Poultry raising famers,25,+,exposure
Western,Paddy,,Drought,Paddy_Drought.xlsx,Var,H1,"No. of drought events - 1974 to 2022 (1974-2004, 25%, 2005 -2022, 75%)",70,+,hazard
Western,Paddy,,Drought,Paddy_Drought.xlsx,Var,H2,Occurrence of warm days (TX90p),10,+,hazard
Western,Paddy,,Drought,Paddy_Drought.xlsx,Var,H3,SPI (Intensity),20,+,hazard
Western,Paddy,,Drought,Paddy_Drought.xlsx,Var,E1,Total Aswedumized paddy  extent,25,+,exposure
Western,Paddy,,Drought,Paddy_Drought.xlsx,Var,E2,% paddy land area (from total land area),15,+,exposure
Western,Paddy,,Drought,Paddy_Drought.xlsx,Var,E3,Max # of drought affected People during 2005 to 2022,20,+,exposure
Western,Paddy,,Drought,Paddy_Drought.xlsx,Var,E4,No. of paddy farmers,30,+,exposure
Western,Paddy,,Drought,Paddy_Drought.xlsx,Var,E5,% of Paddy farmers from total  Agricultural Operators,5,+,exposure
Western,Paddy,,Drought,Paddy_Drought.xlsx,Var,E6,% of rain-fed paddy lands,5,+,exposure
Western,Paddy,,Flood,Paddy_Flood.xlsx,Var,H1,"No. of Flood events - 1974 to 2023 (1974-2004, 25%, 2005 -2023, 75%)",50,+,hazard
Western,Paddy,,Flood,Paddy_Flood.xlsx,Var,H2,Very wet days (95th percentile) and 3 day cumulative rain fall (out of 35 - 40% for very wet days and 60% for 3 day cumulative respectively),35,+,hazard
Western,Paddy,,Flood,Paddy_Flood.xlsx,Var,H3,Strong wind events - 1978 to 2023,10,+,hazard
Western,Paddy,,Flood,Paddy_Flood.xlsx,Var,H4,No. of lightning incidents  - 1974 to 2023,5,+,hazard
Western,Paddy,,Flood,Paddy_Flood.xlsx,Var,E1,Total Asweddumized paddy  extent,20,+,exposure
Western,Paddy,,Flood,Paddy_Flood.xlsx,Var,E2,% paddy land area (from total land area),20,+,exposure
Western,Paddy,,Flood,Paddy_Flood.xlsx,Var,E3,No. of paddy farmers,10,+,exposure
Western,Paddy,,Flood,Paddy_Flood.xlsx,Var,E4,% of Paddy farmers from total  Agricultural Operators,10,+,exposure
Western,Paddy,,Flood,Paddy_Flood.xlsx,Var,E5,Water surface area,15,-,exposure
Western,Paddy,,Flood,Paddy_Flood.xlsx,Var,E6,% of water surface area,15,-,exposure
Western,Paddy,,Flood,Paddy_Flood.xlsx,Var,E7,% of forest cover,5,-,exposure
Western,Paddy,,Flood,Paddy_Flood.xlsx,Var,E8,Annual average rainfall,5,+,exposure
Western,Potable Water,,Drought,Potable_Water_Drought.xlsx,Var,H1,"No. of drought events - 1974 to 2022 (1974-2004, 25%, 2005 -2022, 75%)",50,+,hazard
Western,Potable Water,,Drought,Potable_Water_Drought.xlsx,Var,H2,Occurrence of warm days (TX90p),10,+,hazard
Western,Potable Water,,Drought,Potable_Water_Drought.xlsx,Var,H3,SPI (Intensity),40,+,hazard
Western,Potable Water,,Drought,Potable_Water_Drought.xlsx,Var,E1,Total Population,10,+,exposure
Western,Potable Water,,Drought,Potable_Water_Drought.xlsx,Var,E2,% of HH having Pipe born water,10,-,exposure
Western,Potable Water,,Drought,Potable_Water_Drought.xlsx,Var,E3,Max # of Drought affected People during  2005 to 2022,20,+,exposure
Western,Potable Water,,Drought,Potable_Water_Drought.xlsx,Var,E4,No. of water intake points,10,+,exposure
Western,Potable Water,,Drought,Potable_Water_Drought.xlsx,Var,E5,% of HH fed  by wells,20,+,exposure
Western,Potable Water,,Drought,Potable_Water_Drought.xlsx,Var,E6,% of HH_Rural water supply project,15,+,exposure
Western,Potable Water,,Drought,Potable_Water_Drought.xlsx,Var,E7,% of Water surface area,10,-,exposure
Western,Potable Water,,Drought,Potable_Water_Drought.xlsx,Var,E8,% of forest cover,5,-,exposure
Western,Potable Water,,Flood,Potable_Water_Flood.xlsx,Var,H1,"No. of Flood events - 1974 to 2023 (1974-2004, 25%, 2005 -2023, 75%)",50,+,hazard
Western,Potable Water,,Flood,Potable_Water_Flood.xlsx,Var,H2,Very wet days (95th percentile) and 3 day cumulative rain fall (out of 35 - 40% for very wet days and 60% for 3 day cumulative respectively),35,+,hazard
Western,Potable Water,,Flood,Potable_Water_Flood.xlsx,Var,H3,Strong wind events - 1978 to 2023,10,+,hazard
Western,Potable Water,,Flood,Potable_Water_Flood.xlsx,Var,H4,No. of lightning incidents  - 1974 to 2023,5,+,hazard
Western,Potable Water,,Flood,Potable_Water_Flood.xlsx,Var,E1,Total Population,10,+,exposure
Western,Potable Water,,Flood,Potable_Water_Flood.xlsx,Var,E2,% of HH having Pipe born water,10,-,exposure
Western,Potable Water,,Flood,Potable_Water_Flood.xlsx,Var,E3,"Max # of flood affected People during 1974 to 2023 (1974 -2004, 25%, 2005 -2023, 75%)",30,+,exposure
Western,Potable Water,,Flood,Potable_Water_Flood.xlsx,Var,E4,No. of water intake points,15,+,exposure
Western,Potable Water,,Flood,Potable_Water_Flood.xlsx,Var,E5,% of HH fed  by wells,20,+,exposure
Western,Potable Water,,Flood,Potable_Water_Flood.xlsx,Var,E6,% of HH_Rural water supply project,15,+,exposure
Western,Potable Water,,Landslide,Potable_Water_Landslide.xlsx,Var,H1,Landslide  events (1974 - 2023),50,+,hazard
Western,Potable Water,,Landslide,Potable_Water_Landslide.xlsx,Var,H2,Very wet days (95th percentile) and 3 day cumulative rain fall (out of 35 - 40% for very wet days and 60% for 3 day cumulative respectively),30,+,hazard
Western,Potable Water,,Landslide,Potable_Water_Landslide.xlsx,Var,H3,Cutting failures &  Earth slips (2000 - 2023),20,+,hazard
Western,Potable Water,,Landslide,Potable_Water_Landslide.xlsx,Var,E1,Population density in DSD,15,+,exposure
Western,Potable Water,,Landslide,Potable_Water_Landslide.xlsx,Var,E2,Total buildings in landslide affected area,10,+,exposure
Western,Potable Water,,Landslide,Potable_Water_Landslide.xlsx,Var,E3,Total landslide affected area,10,+,exposure
Western,Potable Water,,Landslide,Potable_Water_Landslide.xlsx,Var,E4,% of landslide affected area,10,+,exposure
Western,Potable Water,,Landslide,Potable_Water_Landslide.xlsx,Var,E5,Max # of Landslide affected People during 1974 to 2023,20,+,exposure
Western,Potable Water,,Landslide,Potable_Water_Landslide.xlsx,Var,E6,No. of water intake points,10,+,exposure
Western,Potable Water,,Landslide,Potable_Water_Landslide.xlsx,Var,E7,% of HH fed  by wells,10,+,exposure
Western,Potable Water,,Landslide,Potable_Water_Landslide.xlsx,Var,E8,% of HH - Rural water supply project,15,+,exposure
Western,Tea,,Drought,Tea_Drought.xlsx,Var,H1,"No. of drought events - 1974 to 2022 (1974-2004, 25%, 2005 -2022, 75%)",50,+,hazard
Western,Tea,,Drought,Tea_Drought.xlsx,Var,H2,Occurrence of warm days (TX90p),10,+,hazard
Western,Tea,,Drought,Tea_Drought.xlsx,Var,H3,SPI (Intensity),40,+,hazard
Western,Tea,,Drought,Tea_Drought.xlsx,Var,E1,Tea extent,50,+,exposure
Western,Tea,,Drought,Tea_Drought.xlsx,Var,E2,No. of Tea farmers,50,+,exposure
Western,Tea,,Flood,Tea_Flood.xlsx,Var,H1,"No. of Flood events - 1974 to 2023 (1974-2004, 25%, 2005 -2023, 75%)",50,+,hazard
Western,Tea,,Flood,Tea_Flood.xlsx,Var,H2,Very wet days (95th percentile) and 3 day cumulative rain fall (out of 35 - 40% for very wet days and 60% for 3 day cumulative respectively),35,+,hazard
Western,Tea,,Flood,Tea_Flood.xlsx,Var,H3,Strong wind events - 1978 to 2023,10,+,hazard
Western,Tea,,Flood,Tea_Flood.xlsx,Var,H4,No. of lightning incidents  - 1974 to 2023,5,+,hazard
Western,Tea,,Flood,Tea_Flood.xlsx,Var,E1,Tea extent,50,+,exposure
Western,Tea,,Flood,Tea_Flood.xlsx,Var,E2,No. of Tea farmers,50,+,exposure
Western,Tourism,,Drought,Tourism_Drought.xlsx,Var,H1,"No. of drought events - 1974 to 2022 (1974 -2004, 25%, 2005 -2022, 75%)",50,+,hazard
Western,Tourism,,Drought,Tourism_Drought.xlsx,Var,H2,Occurrence of warm days (TX90p),10,+,hazard
Western,Tourism,,Drought,Tourism_Drought.xlsx,Var,H3,SPI (Intensity),40,+,hazard
Western,Tourism,,Drought,Tourism_Drought.xlsx,Var,E1,Total Hotels,20,+,exposure
Western,Tourism,,Drought,Tourism_Drought.xlsx,Var,E2,Accommodation and food service activities- No. of Establishments,20,+,exposure
Western,Tourism,,Drought,Tourism_Drought.xlsx,Var,E3,Accommodation and food service activities- No. of Persons Engaged,20,+,exposure
Western,Tourism,,Drought,Tourism_Drought.xlsx,Var,E4,"Arts, entertainment and recreation- No. of Establishments",20,+,exposure
Western,Tourism,,Drought,Tourism_Drought.xlsx,Var,E5,"Arts, entertainment and recreation- No. of Persons Engaged",20,+,exposure
Western,Tourism,,Flood,Tourism_Flood.xlsx,Var,H1,"No. of Flood events - 1974 to 2023 (1974-2004, 25%, 2005 -2023, 75%)",40,+,hazard
Western,Tourism,,Flood,Tourism_Flood.xlsx,Var,H2,Very wet days (95th percentile) and 3 day cumulative rain fall (out of 35 - 40% for very wet days and 60% for 3 day cumulative respectively),30,+,hazard
Western,Tourism,,Flood,Tourism_Flood.xlsx,Var,H3,Strong wind events - 1978 to 2023,20,+,hazard
Western,Tourism,,Flood,Tourism_Flood.xlsx,Var,H4,No. of lightning incidents  - 1974 to 2023,10,+,hazard
Western,Tourism,,Flood,Tourism_Flood.xlsx,Var,E1,Total Hotels,20,+,exposure
Western,Tourism,,Flood,Tourism_Flood.xlsx,Var,E2,Accommodation and food service activities- No. of Establishments,20,+,exposure
Western,Tourism,,Flood,Tourism_Flood.xlsx,Var,E3,Accommodation and food service activities- No. of Persons Engaged,20,+,exposure
Western,Tourism,,Flood,Tourism_Flood.xlsx,Var,E4,"Arts, entertainment and recreation- No. of Establishments",20,+,exposure
Western,Tourism,,Flood,Tourism_Flood.xlsx,Var,E5,"Arts, entertainment and recreation- No. of Persons Engaged",20,+,exposure
Western,Transport,,Flood,Transport_Flood.xlsx,Var,H1,"No. of Flood events - 1974 to 2023 (1974-2004, 25%, 2005 -2023, 75%)",40,+,hazard
Western,Transport,,Flood,Transport_Flood.xlsx,Var,H2,Very wet days (95th percentile) and 3 day cumulative rain fall (out of 35 - 40% for very wet days and 60% for 3 day cumulative respectively),30,+,hazard
Western,Transport,,Flood,Transport_Flood.xlsx,Var,H3,Strong wind events - 1978 to 2023,20,+,hazard
Western,Transport,,Flood,Transport_Flood.xlsx,Var,H4,No. of lightning incidents  - 1974 to 2023,10,+,hazard
Western,Transport,,Flood,Transport_Flood.xlsx,Var,E1,Flood affected main road length,10,+,exposure
Western,Transport,,Flood,Transport_Flood.xlsx,Var,E2,Flood affected Secondary road length,15,+,exposure
Western,Transport,,Flood,Transport_Flood.xlsx,Var,E3,Flood affected Track length,45,+,exposure
Western,Transport,,Flood,Transport_Flood.xlsx,Var,E4,Total railway length,10,+,exposure
Western,Transport,,Flood,Transport_Flood.xlsx,Var,E5,HH with no proper access road,15,+,exposure
Western,Transport,,Flood,Transport_Flood.xlsx,Var,E6,Road density,5,-,exposure
Western,Transport,,Landslide,Transport_Landslide.xlsx,Var,H1,Landslide  events (1974 - 2023),30,+,hazard
Western,Transport,,Landslide,Transport_Landslide.xlsx,Var,H2,Very wet days (95th percentile) and 3 day cumulative rain fall (out of 35 - 40% for very wet days and 60% for 3 day cumulative respectively),30,+,hazard
Western,Transport,,Landslide,Transport_Landslide.xlsx,Var,H3,Cutting failures (2000 - 2023),40,+,hazard
Western,Transport,,Landslide,Transport_Landslide.xlsx,Var,E1,Landslide affected main road length,30,+,exposure
Western,Transport,,Landslide,Transport_Landslide.xlsx,Var,E2,Landslide affected Secondary road length,25,+,exposure
Western,Transport,,Landslide,Transport_Landslide.xlsx,Var,E3,Landslide affected Track length,15,+,exposure
Western,Transport,,Landslide,Transport_Landslide.xlsx,Var,E4,Landslide affected railway length,10,+,exposure
Western,Transport,,Landslide,Transport_Landslide.xlsx,Var,E5,HH with no proper access road,10,+,exposure
Western,Transport,,Landslide,Transport_Landslide.xlsx,Var,E6,Road density,10,-,exposure
