{"type":"FeatureCollection","features":[{"type":"Feature","properties":{"ds_code":"MO8","ds_division":"Sevanagala","district":"Monaragala","province":"Uva"},"geometry":{"type":"Polygon","coordinates":[[[80.9431,6.3034],[80.9368,6.3042],[80.9321,6.2862],[80.9066,6.3215],[80.9096,6.3326],[80.902,6.3368],[80.9032,6.3444],[80.8673,6.3554],[80.8542,6.382],[80.8456,6.3861],[80.8389,6.4021],[80.8443,6.4048],[80.8413,6.4284],[80.8648,6.443],[80.8782,6.4438],[80.9094,6.4209],[80.9599,6.413],[80.992,6.4184],[80.9996,6.3993],[81.0115,6.3912],[81.0077,6.3694],[81.0195,6.3516],[81.0034,6.337],[80.953,6.3168],[80.9431,6.3034]]]}},{"type":"Feature","properties":{"ds_code":"BA9","ds_division":"Mahiyanganaya","district":"Badulla","province":"Uva"},"geometry":{"type":"Polygon","coordinates":[[[81.2025,7.3861],[81.1946,7.3761],[81.2197,7.3407],[81.2264,7.3158],[81.2065,7.3041],[81.208,7.2892],[81.1999,7.2797],[81.184,7.2721],[81.1761,7.2806],[81.1805,7.2994],[81.1755,7.3208],[81.1897,7.345],[81.1776,7.3722],[81.1529,7.3798],[81.1309,7.3586],[81.1205,7.3705],[81.0913,7.3816],[81.0632,7.3685],[81.0583,7.3756],[81.0701,7.3823],[81.0696,7.3879],[81.0597,7.4091],[81.0473,7.4102],[81.0333,7.3596],[81.0369,7.3437],[81.0258,7.3326],[81.0309,7.3155],[81.0464,7.3044],[81.0425,7.2987],[81.0611,7.2833],[81.0534,7.2703],[81.0536,7.2536],[81.0329,7.2315],[81.0323,7.2217],[81.0203,7.2153],[81.013,7.2182],[81.0163,7.2349],[80.9759,7.3652],[80.9815,7.3962],[80.9689,7.4136],[80.9739,7.4278],[80.9714,7.5691],[80.9795,7.6216],[80.9859,7.6097],[81.0144,7.594],[81.0144,7.5513],[81.029,7.5363],[81.0404,7.5044],[81.0778,7.5109],[81.1217,7.5508],[81.1505,7.5638],[81.1887,7.5731],[81.2047,7.5583],[81.2074,7.5172],[81.199,7.4984],[81.1992,7.4696],[81.183,7.4425],[81.2025,7.3861]]]}},{"type":"Feature","properties":{"ds_code":"BA11","ds_division":"Passara","district":"Badulla","province":"Uva"},"geometry":{"type":"Polygon","coordinates":[[[81.1132,6.8765],[81.1095,6.8841],[81.1085,6.9089],[81.1242,6.9228],[81.1126,6.9449],[81.1293,6.9738],[81.1228,6.9821],[81.128,6.9909],[81.1217,7.0014],[81.1015,7.017],[81.1047,7.0345],[81.0918,7.0684],[81.1016,7.0764],[81.122,7.0628],[81.1251,7.0393],[81.1529,7.0331],[81.161,7.0137],[81.1586,7.0045],[81.1672,7.0052],[81.1728,7.0148],[81.1799,7.0114],[81.1745,7.0025],[81.1899,6.9737],[81.1803,6.9771],[81.1829,6.9574],[81.1867,6.9658],[81.195,6.9578],[81.2194,6.9558],[81.2271,6.9469],[81.2072,6.9391],[81.2009,6.9309],[81.2076,6.9256],[81.204,6.9206],[81.1871,6.9208],[81.1812,6.9278],[81.1772,6.9026],[81.1436,6.8844],[81.1132,6.8765]]]}},{"type":"Feature","properties":{"ds_code":"BA7","ds_division":"Kandeketiya","district":"Badulla","province":"Uva"},"geometry":{"type":"Polygon","coordinates":[[[80.9896,7.0202],[80.9722,7.0208],[80.967,7.0613],[80.9578,7.0627],[80.956,7.0712],[80.9648,7.0794],[80.9528,7.0899],[80.9515,7.1015],[80.9662,7.1212],[80.951,7.1297],[80.9497,7.1393],[80.9529,7.146],[80.9627,7.1425],[80.9627,7.159],[80.9429,7.1967],[80.9722,7.1971],[80.9812,7.2131],[81.0002,7.2135],[81.0114,7.2221],[81.0274,7.2089],[81.0291,7.1846],[81.0404,7.1775],[81.0405,7.1661],[81.0356,7.1415],[81.0397,7.1344],[81.0319,7.1243],[81.0346,7.0877],[81.0198,7.0886],[80.9991,7.0604],[81.0029,7.048],[81.0092,7.0461],[81.0083,7.034],[80.9896,7.0202]]]}},{"type":"Feature","properties":{"ds_code":"BA8","ds_division":"Lunugala","district":"Badulla","province":"Uva"},"geometry":{"type":"Polygon","coordinates":[[[81.2443,7.0096],[81.2305,6.9867],[81.2336,6.9624],[81.2221,6.9646],[81.2194,6.9558],[81.2027,6.9562],[81.1859,6.9658],[81.1829,6.9574],[81.1803,6.9771],[81.1899,6.9737],[81.1745,7.0025],[81.1799,7.0114],[81.1728,7.0148],[81.1654,7.004],[81.1573,7.0056],[81.161,7.0137],[81.1529,7.0331],[81.1251,7.0393],[81.1221,7.0626],[81.1034,7.085],[81.1215,7.092],[81.1326,7.0875],[81.1509,7.106],[81.1613,7.1028],[81.1687,7.0829],[81.1866,7.0856],[81.1907,7.0947],[81.2133,7.0963],[81.2171,7.0804],[81.2294,7.084],[81.2433,7.0465],[81.2443,7.0096]]]}},{"type":"Feature","properties":{"ds_code":"MO1","ds_division":"Badalkumbura","district":"Monaragala","province":"Uva"},"geometry":{"type":"Polygon","coordinates":[[[81.2643,6.7961],[81.2372,6.7936],[81.2385,6.7999],[81.2307,6.8012],[81.2192,6.7958],[81.2171,6.7804],[81.2073,6.7864],[81.206,6.8034],[81.1978,6.8066],[81.1758,6.7978],[81.1621,6.8042],[81.1463,6.8008],[81.1512,6.8093],[81.1468,6.8224],[81.1404,6.8206],[81.1301,6.8328],[81.1375,6.8406],[81.111,6.8653],[81.1157,6.8736],[81.1772,6.9026],[81.1816,6.928],[81.1871,6.9208],[81.2066,6.9225],[81.2009,6.9309],[81.2072,6.9391],[81.2273,6.9454],[81.2196,6.9521],[81.2221,6.9646],[81.2431,6.965],[81.253,6.9535],[81.2626,6.9585],[81.2676,6.9502],[81.2631,6.9447],[81.2729,6.9307],[81.2824,6.9369],[81.287,6.9337],[81.2993,6.8804],[81.296,6.8531],[81.2892,6.8506],[81.2879,6.8593],[81.2801,6.8559],[81.2625,6.8162],[81.2643,6.7961]]]}},{"type":"Feature","properties":{"ds_code":"BA15","ds_division":"Welimada","district":"Badulla","province":"Uva"},"geometry":{"type":"Polygon","coordinates":[[[80.9153,6.7979],[80.9023,6.7905],[80.9115,6.7861],[80.9099,6.7777],[80.8746,6.7872],[80.8686,6.7779],[80.8522,6.7875],[80.8566,6.7926],[80.8512,6.8045],[80.8227,6.8152],[80.8158,6.825],[80.8169,6.8307],[80.8255,6.8299],[80.8374,6.841],[80.8211,6.8612],[80.8252,6.8752],[80.8173,6.8815],[80.8127,6.8785],[80.8145,6.8918],[80.8045,6.8945],[80.7979,6.9049],[80.7773,6.9105],[80.7796,6.9203],[80.8128,6.9173],[80.8299,6.9282],[80.851,6.915],[80.8646,6.9203],[80.8887,6.9123],[80.9043,6.9171],[80.9135,6.9066],[80.922,6.9111],[80.9244,6.9065],[80.9391,6.9171],[80.9589,6.9144],[80.948,6.8402],[80.9229,6.8061],[80.9129,6.8015],[80.9153,6.7979]]]}},{"type":"Feature","properties":{"ds_code":"MO5","ds_division":"Madulla","district":"Monaragala","province":"Uva"},"geometry":{"type":"Polygon","coordinates":[[[81.3527,6.9035],[81.3407,6.9117],[81.3454,6.914],[81.347,6.9247],[81.3262,6.9337],[81.3156,6.9661],[81.3117,7.0155],[81.3262,7.0163],[81.3451,7.0438],[81.3593,7.05],[81.3586,7.0654],[81.3839,7.0816],[81.3773,7.0942],[81.3871,7.1051],[81.4163,7.1148],[81.4321,7.1678],[81.4466,7.188],[81.4358,7.1968],[81.4205,7.1896],[81.3973,7.2054],[81.3827,7.2594],[81.3688,7.2659],[81.3719,7.2914],[81.3499,7.3161],[81.3691,7.3279],[81.36,7.3399],[81.3671,7.3435],[81.3632,7.3555],[81.3865,7.3696],[81.3741,7.3956],[81.3747,7.4094],[81.3868,7.4068],[81.4061,7.4159],[81.4071,7.4317],[81.4381,7.4438],[81.4551,7.4589],[81.4777,7.4568],[81.4622,7.428],[81.478,7.4219],[81.4726,7.3935],[81.4912,7.3357],[81.4784,7.3243],[81.52,7.2879],[81.5274,7.2531],[81.5211,7.243],[81.5335,7.2398],[81.556,7.2192],[81.5232,7.1978],[81.5015,7.1571],[81.4818,7.1644],[81.4708,7.1547],[81.4738,7.1404],[81.4654,7.1492],[81.462,7.1462],[81.4576,7.1096],[81.4706,7.0669],[81.4589,7.0617],[81.4603,7.0457],[81.4369,7.0642],[81.4258,7.0649],[81.4209,7.0554],[81.4339,7.0349],[81.4565,7.0224],[81.4704,7.0186],[81.4817,7.023],[81.4926,7.0166],[81.4926,6.9998],[81.5,6.9956],[81.5113,6.9662],[81.5177,6.9341],[81.5275,6.9338],[81.5248,6.9208],[81.5295,6.9164],[81.5263,6.9125],[81.5159,6.9212],[81.5106,6.9176],[81.5112,6.925],[81.4845,6.922],[81.4868,6.9352],[81.4798,6.9369],[81.4756,6.9296],[81.4684,6.934],[81.4471,6.9135],[81.4029,6.9218],[81.3855,6.9183],[81.3834,6.9115],[81.3722,6.913],[81.3704,6.9072],[81.3527,6.9035]]]}},{"type":"Feature","properties":{"ds_code":"BA6","ds_division":"Haputale","district":"Badulla","province":"Uva"},"geometry":{"type":"Polygon","coordinates":[[[80.9689,6.7497],[80.9603,6.7495],[80.9605,6.7552],[80.9466,6.7533],[80.9532,6.7634],[80.9174,6.7727],[80.9099,6.7776],[80.9111,6.7865],[80.9024,6.7901],[80.9229,6.8061],[80.9482,6.845],[80.9662,6.8273],[80.9724,6.8387],[80.9866,6.8477],[80.9917,6.8462],[80.9806,6.8378],[80.9821,6.8254],[80.9763,6.8238],[80.9728,6.8098],[80.9839,6.7902],[81.0005,6.7971],[81.0074,6.7929],[81.017,6.8049],[81.0291,6.7919],[81.0176,6.7711],[80.995,6.769],[80.9689,6.7497]]]}},{"type":"Feature","properties":{"ds_code":"MO6","ds_division":"Medagama","district":"Monaragala","province":"Uva"},"geometry":{"type":"Polygon","coordinates":[[[81.3057,6.9427],[81.2792,6.9313],[81.2729,6.9307],[81.2633,6.9442],[81.2675,6.9511],[81.2625,6.9586],[81.253,6.9535],[81.2431,6.965],[81.2336,6.9648],[81.2309,6.99],[81.2369,6.9913],[81.2451,7.0224],[81.2432,7.0473],[81.2269,7.0897],[81.2363,7.0986],[81.2342,7.1101],[81.2494,7.1147],[81.2477,7.1284],[81.2536,7.1379],[81.2596,7.1287],[81.2704,7.1398],[81.3358,7.1555],[81.3369,7.1436],[81.3458,7.1378],[81.3404,7.1309],[81.3464,7.1056],[81.3656,7.0941],[81.3759,7.0967],[81.3839,7.0816],[81.3586,7.0654],[81.3608,7.0519],[81.3451,7.0438],[81.3262,7.0163],[81.3117,7.0155],[81.3154,6.9753],[81.3057,6.9427]]]}},{"type":"Feature","properties":{"ds_code":"BA5","ds_division":"Hali-ela","district":"Badulla","province":"Uva"},"geometry":{"type":"Polygon","coordinates":[[[81.115,6.9122],[81.0921,6.9073],[81.079,6.9149],[81.0514,6.9135],[81.0476,6.9059],[81.0278,6.9117],[80.9987,6.8927],[81.0053,6.8746],[80.985,6.8655],[80.9529,6.8764],[80.9588,6.9238],[80.9502,6.9285],[80.9667,6.9636],[80.9887,6.9773],[80.9839,6.9807],[80.9862,6.9964],[80.9775,7.0075],[80.9684,7.0075],[80.9618,7.0222],[80.9662,7.0543],[80.9724,7.0204],[81.0058,7.0279],[81.0245,6.9988],[81.0461,7.0009],[81.0393,6.9824],[81.0478,6.9801],[81.0526,6.9854],[81.0706,6.96],[81.072,6.9732],[81.08,6.9735],[81.0888,6.9579],[81.1126,6.9449],[81.1241,6.9237],[81.115,6.9122]]]}},{"type":"Feature","properties":{"ds_code":"MO2","ds_division":"Bibile","district":"Monaragala","province":"Uva"},"geometry":{"type":"Polygon","coordinates":[[[81.2704,7.1398],[81.2596,7.1287],[81.2542,7.138],[81.2499,7.1354],[81.2494,7.1147],[81.2342,7.1101],[81.2363,7.0986],[81.2283,7.0841],[81.2171,7.0804],[81.2126,7.0964],[81.1907,7.0947],[81.1866,7.0856],[81.169,7.0829],[81.1591,7.1128],[81.1403,7.136],[81.1278,7.1408],[81.1206,7.1563],[81.1232,7.1671],[81.1495,7.1963],[81.1638,7.1732],[81.1856,7.1743],[81.1874,7.1919],[81.2054,7.2021],[81.2359,7.2395],[81.23,7.2693],[81.2708,7.278],[81.2799,7.2625],[81.2772,7.257],[81.287,7.2497],[81.2855,7.2423],[81.3215,7.2652],[81.3171,7.2782],[81.3245,7.2983],[81.3162,7.3167],[81.3206,7.3382],[81.3316,7.3339],[81.36,7.3399],[81.3691,7.3279],[81.3498,7.3151],[81.3719,7.2914],[81.3688,7.2659],[81.3827,7.2594],[81.3947,7.2091],[81.4205,7.1896],[81.4358,7.1968],[81.4465,7.1887],[81.4451,7.1823],[81.4321,7.1679],[81.4163,7.1148],[81.3871,7.1051],[81.3782,7.0944],[81.3656,7.0941],[81.3464,7.1056],[81.3404,7.1309],[81.3458,7.1378],[81.3369,7.1436],[81.3358,7.1555],[81.2704,7.1398]]]}},{"type":"Feature","properties":{"ds_code":"BA2","ds_division":"Bandarawela","district":"Badulla","province":"Uva"},"geometry":{"type":"Polygon","coordinates":[[[81.0781,6.8141],[81.0574,6.8076],[81.0446,6.7906],[81.022,6.7937],[81.017,6.8049],[81.0074,6.7929],[81.0005,6.7971],[80.9839,6.7902],[80.9728,6.8098],[80.9763,6.8238],[80.9821,6.8254],[80.9806,6.8378],[80.9917,6.8462],[80.9724,6.8387],[80.9662,6.8273],[80.954,6.8344],[80.9482,6.845],[80.9519,6.8742],[80.9592,6.8773],[80.9846,6.8655],[81.0052,6.8746],[81.0084,6.8485],[81.0024,6.8357],[81.0382,6.8458],[81.0567,6.8389],[81.0781,6.8141]]]}},{"type":"Feature","properties":{"ds_code":"MO10","ds_division":"Thanamalwila","district":"Monaragala","province":"Uva"},"geometry":{"type":"Polygon","coordinates":[[[81.2501,6.3833],[81.2702,6.3835],[81.2777,6.3666],[81.2511,6.3402],[81.2348,6.3399],[81.2251,6.3439],[81.2244,6.3585],[81.1913,6.402],[81.184,6.4063],[81.1646,6.3925],[81.1457,6.3971],[81.138,6.4234],[81.1029,6.4173],[81.0732,6.4227],[81.0626,6.4101],[81.0503,6.4206],[81.0461,6.3982],[81.0115,6.3912],[80.9996,6.3993],[80.998,6.4121],[80.9881,6.4217],[80.9612,6.413],[80.91,6.4208],[80.8862,6.4402],[80.8711,6.4442],[80.8413,6.4284],[80.8309,6.4981],[80.865,6.552],[80.8603,6.5602],[80.866,6.5796],[80.8724,6.5823],[80.8693,6.5929],[80.8763,6.5931],[80.8752,6.6106],[80.8939,6.6343],[80.9032,6.6376],[80.9128,6.6729],[80.929,6.6916],[80.939,6.6931],[80.9407,6.6772],[80.9516,6.6715],[80.9535,6.6557],[80.9678,6.6534],[80.9762,6.6424],[80.978,6.6163],[80.9905,6.6204],[80.9994,6.6144],[80.9955,6.577],[81.0334,6.5252],[81.0343,6.5049],[81.0192,6.4878],[81.0516,6.4727],[81.0545,6.4608],[81.087,6.47],[81.108,6.4561],[81.1306,6.4615],[81.1361,6.4468],[81.1532,6.454],[81.1621,6.4473],[81.1787,6.4611],[81.1967,6.4618],[81.2244,6.4848],[81.2501,6.3833]]]}},{"type":"Feature","properties":{"ds_code":"MO3","ds_division":"Buttala","district":"Monaragala","province":"Uva"},"geometry":{"type":"Polygon","coordinates":[[[81.3746,6.7456],[81.4087,6.7218],[81.4152,6.6723],[81.4595,6.6428],[81.4942,6.6066],[81.3049,6.5421],[81.2844,6.5246],[81.2883,6.5108],[81.2833,6.5064],[81.2654,6.523],[81.2623,6.5447],[81.2186,6.537],[81.1931,6.5551],[81.201,6.5712],[81.1892,6.5727],[81.1816,6.5862],[81.187,6.5998],[81.1795,6.6391],[81.184,6.6715],[81.1687,6.7004],[81.175,6.708],[81.1691,6.7304],[81.1785,6.7379],[81.1741,6.7493],[81.1382,6.7743],[81.1525,6.7845],[81.148,6.7972],[81.1615,6.8042],[81.1733,6.7977],[81.1956,6.8067],[81.2052,6.8043],[81.2073,6.7864],[81.217,6.7804],[81.2192,6.7958],[81.2308,6.8012],[81.2385,6.7999],[81.2372,6.7936],[81.2808,6.7956],[81.2961,6.7824],[81.2982,6.7871],[81.3075,6.7842],[81.3233,6.7659],[81.3241,6.7738],[81.3368,6.7447],[81.3746,6.7456]]]}},{"type":"Feature","properties":{"ds_code":"MO9","ds_division":"Siyambalanduwa","district":"Monaragala","province":"Uva"},"geometry":{"type":"Polygon","coordinates":[[[81.6085,6.5801],[81.5964,6.6029],[81.5821,6.6126],[81.5265,6.6081],[81.5094,6.6192],[81.4942,6.6066],[81.4595,6.6428],[81.413,6.6762],[81.4096,6.72],[81.4234,6.7318],[81.4355,6.7701],[81.4259,6.7847],[81.4237,6.8397],[81.4502,6.8813],[81.4335,6.8785],[81.4261,6.8857],[81.4151,6.8787],[81.3922,6.8785],[81.3868,6.901],[81.3707,6.9047],[81.3718,6.9125],[81.415,6.9227],[81.4471,6.9135],[81.4684,6.934],[81.4756,6.9296],[81.4798,6.9369],[81.4868,6.9352],[81.4845,6.922],[81.5112,6.925],[81.5106,6.9176],[81.5159,6.9212],[81.5263,6.9125],[81.5295,6.9164],[81.5248,6.9208],[81.5275,6.9338],[81.5177,6.9341],[81.5113,6.9662],[81.5,6.9956],[81.4926,6.9998],[81.4926,7.0166],[81.4817,7.023],[81.4704,7.0186],[81.4565,7.0224],[81.4339,7.0349],[81.4209,7.0554],[81.4258,7.0649],[81.4369,7.0642],[81.4603,7.0457],[81.4564,7.0561],[81.4706,7.0699],[81.4576,7.1094],[81.4616,7.1297],[81.4569,7.132],[81.4652,7.1492],[81.4755,7.1428],[81.4703,7.1482],[81.4761,7.1628],[81.5015,7.1571],[81.5022,7.1467],[81.514,7.1366],[81.5117,7.1176],[81.5204,7.0988],[81.597,7.0696],[81.6091,7.07],[81.6178,7.0568],[81.6076,7.0288],[81.615,7.0029],[81.6219,6.9982],[81.6183,6.9791],[81.6379,6.9585],[81.6276,6.9107],[81.6085,6.5801]]]}},{"type":"Feature","properties":{"ds_code":"MO4","ds_division":"Katharagama","district":"Monaragala","province":"Uva"},"geometry":{"type":"Polygon","coordinates":[[[81.3265,6.3827],[81.2787,6.3657],[81.2702,6.3835],[81.2501,6.3833],[81.2244,6.4849],[81.2295,6.4947],[81.244,6.4914],[81.2323,6.5041],[81.23,6.5224],[81.2187,6.537],[81.2623,6.5447],[81.2654,6.523],[81.2839,6.5063],[81.2883,6.5108],[81.2844,6.5246],[81.3049,6.5421],[81.463,6.5922],[81.4823,6.6055],[81.5007,6.6083],[81.509,6.6191],[81.5259,6.6083],[81.5755,6.6134],[81.5964,6.6029],[81.6085,6.5801],[81.6019,6.5619],[81.5896,6.5606],[81.5819,6.5508],[81.5658,6.5543],[81.5473,6.5367],[81.5335,6.5363],[81.5241,6.5198],[81.4812,6.4955],[81.4795,6.4722],[81.4867,6.4633],[81.4761,6.4493],[81.4805,6.4191],[81.4755,6.4086],[81.4379,6.4204],[81.4274,6.4186],[81.42,6.4087],[81.4022,6.4069],[81.4011,6.4151],[81.3944,6.417],[81.3819,6.3971],[81.3323,6.38],[81.3265,6.3827]]]}},{"type":"Feature","properties":{"ds_code":"BA4","ds_division":"Haldummulla","district":"Badulla","province":"Uva"},"geometry":{"type":"Polygon","coordinates":[[[80.9079,6.6777],[80.8923,6.6749],[80.8839,6.663],[80.8632,6.6656],[80.8569,6.6571],[80.848,6.6661],[80.8296,6.669],[80.8261,6.6896],[80.814,6.7035],[80.8528,6.7191],[80.8504,6.731],[80.8582,6.7414],[80.8367,6.7439],[80.8275,6.7597],[80.8141,6.7545],[80.8086,6.7917],[80.8274,6.7934],[80.8373,6.8119],[80.8512,6.8045],[80.8566,6.7926],[80.8522,6.7875],[80.8624,6.7791],[80.8693,6.7782],[80.8746,6.7872],[80.9099,6.7777],[80.9532,6.7634],[80.9466,6.7533],[80.9605,6.7552],[80.9603,6.7495],[80.9689,6.7497],[80.995,6.769],[81.0176,6.7711],[81.0295,6.7899],[81.0446,6.7906],[81.0659,6.8131],[81.061,6.7806],[81.0656,6.7595],[81.0529,6.7393],[81.0575,6.7349],[81.072,6.7381],[81.085,6.7284],[81.0789,6.7175],[81.0796,6.6974],[81.064,6.6836],[81.0614,6.6467],[81.0868,6.6074],[81.0769,6.6122],[81.0656,6.6041],[81.0594,6.5942],[81.0627,6.5765],[81.0425,6.5889],[81.0357,6.5837],[81.0257,6.5706],[81.0237,6.5425],[80.9955,6.577],[80.9994,6.6144],[80.9905,6.6204],[80.978,6.6163],[80.9762,6.6424],[80.9678,6.6534],[80.9535,6.6557],[80.9516,6.6715],[80.9407,6.6772],[80.939,6.693],[80.9141,6.6924],[80.9079,6.6777]]]}},{"type":"Feature","properties":{"ds_code":"BA1","ds_division":"Badulla","district":"Badulla","province":"Uva"},"geometry":{"type":"Polygon","coordinates":[[[81.1258,6.9618],[81.1115,6.9447],[81.0888,6.9579],[81.08,6.9735],[81.072,6.9732],[81.0706,6.96],[81.0526,6.9854],[81.0478,6.9801],[81.039,6.9854],[81.053,7.0126],[81.0693,7.0177],[81.0811,7.0126],[81.0866,7.0186],[81.1164,7.0071],[81.1279,6.9914],[81.123,6.9872],[81.1258,6.9618]]]}},{"type":"Feature","properties":{"ds_code":"BA3","ds_division":"Ella","district":"Badulla","province":"Uva"},"geometry":{"type":"Polygon","coordinates":[[[81.0203,6.8379],[81.0024,6.8357],[81.0081,6.86],[80.9992,6.8935],[81.03,6.9123],[81.0476,6.9059],[81.0514,6.9135],[81.079,6.9149],[81.0921,6.9073],[81.1097,6.9106],[81.1131,6.8767],[81.1262,6.8793],[81.111,6.8642],[81.1377,6.8393],[81.1163,6.8279],[81.0969,6.8281],[81.0988,6.8118],[81.0865,6.8072],[81.0567,6.8389],[81.0257,6.8442],[81.0203,6.8379]]]}},{"type":"Feature","properties":{"ds_code":"MO11","ds_division":"Wellawaya","district":"Monaragala","province":"Uva"},"geometry":{"type":"Polygon","coordinates":[[[81.23,6.5224],[81.2323,6.5041],[81.244,6.4914],[81.2282,6.4942],[81.1967,6.4618],[81.1787,6.4611],[81.1621,6.4473],[81.1532,6.454],[81.1361,6.4468],[81.1306,6.4615],[81.108,6.4561],[81.087,6.47],[81.0545,6.4608],[81.0516,6.4727],[81.0192,6.4878],[81.0348,6.5066],[81.0334,6.5252],[81.0235,6.5426],[81.0273,6.5736],[81.0423,6.5889],[81.0627,6.5765],[81.0594,6.5942],[81.0656,6.6041],[81.0769,6.6122],[81.0868,6.6074],[81.0614,6.6467],[81.064,6.6836],[81.0796,6.6974],[81.0789,6.7175],[81.085,6.7284],[81.072,6.7381],[81.0575,6.7349],[81.0529,6.7393],[81.0656,6.7595],[81.061,6.7806],[81.0662,6.8135],[81.0807,6.8141],[81.0864,6.8072],[81.0988,6.8118],[81.0945,6.8241],[81.1049,6.8304],[81.1301,6.8328],[81.1404,6.8206],[81.1468,6.8224],[81.1527,6.7851],[81.1382,6.7743],[81.1741,6.7493],[81.1785,6.7379],[81.1691,6.7304],[81.175,6.708],[81.1687,6.7004],[81.184,6.6715],[81.1795,6.6391],[81.187,6.5998],[81.1816,6.5862],[81.1892,6.5727],[81.201,6.5712],[81.1931,6.5551],[81.2179,6.5387],[81.23,6.5224]]]}},{"type":"Feature","properties":{"ds_code":"BA14","ds_division":"Uvaparanagama","district":"Badulla","province":"Uva"},"geometry":{"type":"Polygon","coordinates":[[[80.9587,6.924],[80.9549,6.9162],[80.9391,6.9171],[80.9242,6.9065],[80.922,6.9111],[80.9124,6.9071],[80.9043,6.9171],[80.8887,6.9123],[80.8646,6.9203],[80.851,6.915],[80.8299,6.9282],[80.8357,6.9551],[80.864,6.9788],[80.8965,6.9761],[80.9199,6.9903],[80.9314,7.0371],[80.942,7.0537],[80.9575,7.0631],[80.967,7.0613],[80.9618,7.0222],[80.9684,7.0075],[80.9775,7.0075],[80.9862,6.9964],[80.9839,6.9807],[80.9887,6.9773],[80.9667,6.9636],[80.9518,6.9296],[80.9587,6.924]]]}},{"type":"Feature","properties":{"ds_code":"BA12","ds_division":"Rideemaliyadda","district":"Badulla","province":"Uva"},"geometry":{"type":"Polygon","coordinates":[[[81.1858,7.1746],[81.1729,7.1705],[81.1634,7.1735],[81.1495,7.1963],[81.1102,7.151],[81.0936,7.1575],[81.0794,7.1507],[81.0648,7.1719],[81.0572,7.1727],[81.0406,7.2056],[81.0204,7.2161],[81.0323,7.2217],[81.0329,7.2315],[81.0534,7.2531],[81.0534,7.2703],[81.0612,7.284],[81.0425,7.2987],[81.0464,7.3044],[81.0309,7.3155],[81.0258,7.3326],[81.0369,7.3437],[81.0333,7.3596],[81.0483,7.4109],[81.0597,7.4091],[81.0696,7.3879],[81.0701,7.3823],[81.0583,7.3756],[81.0632,7.3685],[81.0913,7.3816],[81.1205,7.3705],[81.1309,7.3586],[81.1529,7.3798],[81.1776,7.3722],[81.1897,7.345],[81.1755,7.3208],[81.1805,7.2994],[81.1761,7.2806],[81.1817,7.2723],[81.208,7.2892],[81.2062,7.3036],[81.2235,7.3098],[81.2236,7.3316],[81.2373,7.3428],[81.2636,7.3113],[81.2708,7.278],[81.23,7.2693],[81.2359,7.2395],[81.2054,7.2021],[81.1876,7.1907],[81.1858,7.1746]]]}},{"type":"Feature","properties":{"ds_code":"BA10","ds_division":"Meegahakiula","district":"Badulla","province":"Uva"},"geometry":{"type":"Polygon","coordinates":[[[81.1075,7.0761],[81.0929,7.0728],[81.0924,7.0652],[81.0667,7.0862],[81.0515,7.077],[81.0477,7.0901],[81.0345,7.0849],[81.0319,7.1238],[81.0397,7.1344],[81.0356,7.1415],[81.0407,7.1769],[81.0291,7.1846],[81.0263,7.2109],[81.0162,7.2161],[81.0279,7.2157],[81.0398,7.2064],[81.0572,7.1727],[81.0648,7.1719],[81.0794,7.1507],[81.0936,7.1575],[81.1102,7.151],[81.1217,7.16],[81.1278,7.1408],[81.1403,7.136],[81.1591,7.1128],[81.1613,7.1028],[81.1509,7.106],[81.1326,7.0875],[81.1215,7.092],[81.1048,7.0874],[81.1075,7.0761]]]}},{"type":"Feature","properties":{"ds_code":"MO7","ds_division":"Monaragala","district":"Monaragala","province":"Uva"},"geometry":{"type":"Polygon","coordinates":[[[81.4234,6.7318],[81.4096,6.72],[81.3746,6.7456],[81.3368,6.7447],[81.3241,6.7738],[81.3233,6.7659],[81.3075,6.7842],[81.2982,6.7871],[81.2961,6.7824],[81.2815,6.7953],[81.2643,6.796],[81.2668,6.8332],[81.2801,6.8559],[81.2879,6.8593],[81.2892,6.8506],[81.2962,6.8541],[81.2993,6.8804],[81.2884,6.9135],[81.2876,6.9371],[81.3056,6.9426],[81.3156,6.9661],[81.3262,6.9337],[81.347,6.9247],[81.3407,6.9117],[81.3527,6.9035],[81.3868,6.901],[81.3921,6.8786],[81.4151,6.8787],[81.4261,6.8857],[81.4335,6.8785],[81.4502,6.8813],[81.4237,6.8397],[81.4259,6.7847],[81.4355,6.7701],[81.4234,6.7318]]]}},{"type":"Feature","properties":{"ds_code":"BA13","ds_division":"Soranathota","district":"Badulla","province":"Uva"},"geometry":{"type":"Polygon","coordinates":[[[81.0237,6.9994],[81.006,7.0231],[81.0092,7.0461],[81.0029,7.048],[80.9992,7.0608],[81.0198,7.0886],[81.0404,7.0838],[81.0477,7.0901],[81.0515,7.077],[81.0667,7.0862],[81.0951,7.0628],[81.1047,7.0345],[81.1016,7.017],[81.0917,7.0138],[81.0861,7.0186],[81.0811,7.0126],[81.0634,7.0173],[81.0466,7.0011],[81.0237,6.9994]]]}},{"type":"Feature","properties":{"ds_code":"JA15","ds_division":"Valikamam West(chankanai)","district":"Jaffna","province":"Northern"},"geometry":{"type":"MultiPolygon","coordinates":[[[[79.9098,9.7482],[79.9079,9.7454],[79.9036,9.7499],[79.9098,9.7482]]],[[[79.9539,9.6892],[79.9496,9.6937],[79.9451,9.6893],[79.9248,9.7398],[79.9197,9.7441],[79.8988,9.7415],[79.92,9.7443],[79.9063,9.7581],[79.9104,9.7748],[79.9429,9.7863],[79.9588,9.7731],[79.9622,9.7584],[79.9773,9.7567],[79.9877,9.7649],[79.975,9.7435],[79.9745,9.7211],[79.9539,9.6892]]]]}},{"type":"Feature","properties":{"ds_code":"MU2","ds_division":"Maritimepattu","district":"Mullaitivu","province":"Northern"},"geometry":{"type":"Polygon","coordinates":[[[80.9088,8.9854],[80.8952,8.9993],[80.9013,9.0044],[80.8869,9.0119],[80.8774,9.0275],[80.8625,9.0247],[80.8907,9.0381],[80.8946,9.0512],[80.8534,9.0394],[80.8327,9.0135],[80.8001,9.0025],[80.7225,9.0503],[80.7427,9.0692],[80.7518,9.1066],[80.7346,9.1077],[80.7184,9.0985],[80.6937,9.1066],[80.6928,9.1247],[80.7159,9.1242],[80.7192,9.1703],[80.7131,9.1966],[80.6988,9.2069],[80.6954,9.2176],[80.7137,9.2496],[80.7212,9.2783],[80.7315,9.286],[80.7363,9.2993],[80.7286,9.3045],[80.7307,9.3144],[80.7446,9.3294],[80.7333,9.3472],[80.6913,9.3514],[80.6757,9.3832],[80.6095,9.4275],[80.6228,9.4588],[80.8115,9.291],[80.8438,9.2314],[80.8777,9.1358],[80.9672,8.9867],[80.9088,8.9854]]]}},{"type":"Feature","properties":{"ds_code":"JA7","ds_division":"Thenmaradchi(chavakachcheri)","district":"Jaffna","province":"Northern"},"geometry":{"type":"MultiPolygon","coordinates":[[[[80.1774,9.6059],[80.177,9.6056],[80.1773,9.6062],[80.1774,9.6059]]],[[[80.1788,9.6066],[80.179,9.6066],[80.1787,9.6065],[80.1785,9.6066],[80.1788,9.6066]]],[[[80.1776,9.6067],[80.1776,9.6068],[80.1778,9.6067],[80.1776,9.6067]]],[[[80.1777,9.6064],[80.1777,9.6065],[80.178,9.6064],[80.1777,9.6064]]],[[[80.1977,9.5898],[80.1969,9.591],[80.1936,9.5922],[80.1969,9.5919],[80.1977,9.5898]]],[[[80.1998,9.5932],[80.2034,9.5927],[80.1999,9.5928],[80.1961,9.5945],[80.1998,9.5932]]],[[[80.195,9.5988],[80.1945,9.5985],[80.1951,9.599],[80.1959,9.5991],[80.195,9.5988]]],[[[80.1903,9.5944],[80.1901,9.5943],[80.1878,9.5949],[80.1903,9.5944]]],[[[80.201,9.5951],[80.2006,9.5942],[80.1965,9.5952],[80.201,9.5951]]],[[[80.1813,9.6043],[80.1816,9.6044],[80.1817,9.6042],[80.1813,9.6043]]],[[[80.1783,9.6046],[80.1778,9.6043],[80.1777,9.605],[80.1783,9.6046]]],[[[80.1805,9.605],[80.1808,9.6052],[80.1808,9.6051],[80.1805,9.605]]],[[[80.1808,9.6047],[80.181,9.6048],[80.181,9.6047],[80.1808,9.6047]]],[[[80.1807,9.6048],[80.1805,9.6049],[80.1809,9.6049],[80.1807,9.6048]]],[[[80.1789,9.6048],[80.1787,9.6053],[80.1788,9.6052],[80.1789,9.6048]]],[[[80.1807,9.6053],[80.1802,9.605],[80.1795,9.6054],[80.1798,9.6059],[80.1807,9.6053]]],[[[80.1957,9.5987],[80.1968,9.5994],[80.1974,9.5994],[80.1957,9.5987]]],[[[80.1927,9.6],[80.1931,9.6003],[80.1932,9.6],[80.1927,9.6]]],[[[80.1914,9.6006],[80.1926,9.596],[80.1846,9.5961],[80.1899,9.6021],[80.1914,9.6006]]],[[[80.1953,9.5996],[80.1943,9.5994],[80.1946,9.6022],[80.1953,9.5996]]],[[[80.181,9.6055],[80.1809,9.6059],[80.1812,9.6056],[80.181,9.6055]]],[[[80.1814,9.617],[80.1811,9.6162],[80.1809,9.618],[80.1814,9.617]]],[[[80.2016,9.6179],[80.2019,9.6181],[80.202,9.6177],[80.2016,9.6179]]],[[[80.1929,9.618],[80.1929,9.6181],[80.193,9.6181],[80.1929,9.618]]],[[[80.1923,9.6189],[80.1941,9.6181],[80.1935,9.6179],[80.1925,9.6187],[80.1916,9.6186],[80.1908,9.6196],[80.1905,9.6205],[80.1923,9.6189]]],[[[80.1953,9.619],[80.1945,9.6181],[80.1941,9.6181],[80.1953,9.619]]],[[[80.1834,9.6155],[80.1829,9.614],[80.1801,9.6141],[80.1834,9.6155]]],[[[80.1879,9.6145],[80.1819,9.6104],[80.1822,9.6119],[80.1785,9.6087],[80.187,9.6178],[80.1879,9.6145]]],[[[80.1901,9.6069],[80.1853,9.6048],[80.179,9.607],[80.1908,9.6138],[80.1901,9.6069]]],[[[80.1768,9.6293],[80.1767,9.6303],[80.1773,9.6297],[80.1768,9.6293]]],[[[80.1744,9.6317],[80.1747,9.6326],[80.1748,9.6317],[80.1744,9.6317]]],[[[80.1865,9.6221],[80.1856,9.6229],[80.1861,9.6235],[80.1865,9.6221]]],[[[80.1911,9.6229],[80.1912,9.6219],[80.1879,9.6236],[80.1911,9.6229]]],[[[80.1937,9.6242],[80.1942,9.6229],[80.1916,9.6237],[80.1915,9.6246],[80.1937,9.6242]]],[[[80.1785,9.6258],[80.1782,9.6256],[80.1779,9.6262],[80.1785,9.6258]]],[[[80.1815,9.628],[80.1815,9.6282],[80.1818,9.628],[80.1815,9.628]]],[[[80.2007,9.6255],[80.1988,9.6271],[80.2004,9.6267],[80.2007,9.6255]]],[[[80.0792,9.6525],[80.0789,9.6527],[80.079,9.6528],[80.0792,9.6525]]],[[[80.2569,9.6114],[80.2078,9.6405],[80.1717,9.656],[80.1672,9.6549],[80.1656,9.6564],[80.1651,9.6562],[80.1628,9.6555],[80.1551,9.646],[80.1624,9.6427],[80.1601,9.6407],[80.1635,9.6322],[80.1631,9.6366],[80.1728,9.6371],[80.1653,9.6259],[80.172,9.6232],[80.1593,9.6242],[80.175,9.6179],[80.1819,9.623],[80.1786,9.61],[80.17,9.6085],[80.1725,9.604],[80.1861,9.6025],[80.1804,9.5929],[80.2085,9.5856],[80.2003,9.5806],[80.1711,9.5981],[80.1427,9.6238],[80.0793,9.6529],[80.0693,9.6617],[80.069,9.6743],[80.0999,9.7093],[80.1141,9.7031],[80.1203,9.71],[80.1444,9.7135],[80.1638,9.7328],[80.1845,9.7234],[80.2077,9.7274],[80.2196,9.757],[80.2344,9.7629],[80.2648,9.7119],[80.2994,9.6849],[80.2894,9.6566],[80.2773,9.6506],[80.2569,9.6114]]],[[[80.2026,9.6397],[80.2015,9.6389],[80.1995,9.6391],[80.199,9.6393],[80.2026,9.6397]]],[[[80.1658,9.6388],[80.166,9.6382],[80.163,9.6366],[80.1658,9.6388]]],[[[80.1733,9.643],[80.1649,9.6396],[80.1643,9.6427],[80.1733,9.643]]],[[[80.195,9.6433],[80.1947,9.6439],[80.1947,9.6444],[80.195,9.6433]]],[[[80.1632,9.6449],[80.1625,9.6448],[80.1627,9.645],[80.1632,9.6449]]],[[[80.1623,9.6448],[80.1604,9.6449],[80.1602,9.6456],[80.1623,9.6448]]],[[[80.1655,9.6455],[80.1645,9.6451],[80.1637,9.6462],[80.1655,9.6455]]],[[[80.1612,9.6469],[80.1601,9.6464],[80.1598,9.6478],[80.1612,9.6469]]],[[[80.1652,9.6485],[80.1646,9.6484],[80.1653,9.6487],[80.1652,9.6485]]],[[[80.1644,9.6482],[80.1625,9.6487],[80.1629,9.6497],[80.1644,9.6482]]],[[[80.1619,9.652],[80.1613,9.6517],[80.1613,9.6522],[80.1619,9.652]]],[[[80.165,9.6552],[80.1642,9.6552],[80.1651,9.6562],[80.165,9.6552]]]]}},{"type":"Feature","properties":{"ds_code":"KI1","ds_division":"Kandavalai","district":"Kilinochchi","province":"Northern"},"geometry":{"type":"MultiPolygon","coordinates":[[[[80.3604,9.4688],[80.3599,9.4682],[80.3592,9.4691],[80.3604,9.4688]]],[[[80.3612,9.4693],[80.3598,9.4696],[80.3604,9.4699],[80.3612,9.4693]]],[[[80.3646,9.4706],[80.3613,9.47],[80.367,9.4726],[80.3646,9.4706]]],[[[80.3689,9.4734],[80.3682,9.4732],[80.3685,9.4735],[80.3689,9.4734]]],[[[80.3608,9.4296],[80.3594,9.4208],[80.3515,9.4228],[80.3531,9.4384],[80.3463,9.4538],[80.3527,9.4682],[80.361,9.4679],[80.3924,9.483],[80.3967,9.5039],[80.3917,9.5184],[80.4625,9.5084],[80.4731,9.5184],[80.5013,9.5062],[80.5506,9.4721],[80.6172,9.452],[80.6051,9.4201],[80.5855,9.4087],[80.5853,9.3627],[80.5585,9.3765],[80.532,9.4051],[80.5284,9.3769],[80.5113,9.3448],[80.5048,9.3685],[80.493,9.3717],[80.4895,9.4093],[80.4786,9.4003],[80.4638,9.4057],[80.466,9.4113],[80.4547,9.4084],[80.4538,9.4374],[80.4229,9.4364],[80.4229,9.4228],[80.4078,9.4202],[80.3608,9.4296]]],[[[80.3678,9.4732],[80.3687,9.4741],[80.3691,9.4742],[80.3678,9.4732]]],[[[80.3693,9.4741],[80.3691,9.4736],[80.3691,9.4741],[80.3693,9.4741]]],[[[80.3741,9.4767],[80.3702,9.4746],[80.3715,9.476],[80.3741,9.4767]]],[[[80.3759,9.4771],[80.3767,9.4776],[80.3768,9.4775],[80.3759,9.4771]]],[[[80.3776,9.4785],[80.3772,9.4787],[80.3775,9.4787],[80.3776,9.4785]]],[[[80.3771,9.4786],[80.3766,9.4784],[80.3766,9.4779],[80.3759,9.478],[80.3766,9.4787],[80.3772,9.4787],[80.3771,9.4786]]],[[[80.3753,9.477],[80.3756,9.4778],[80.3759,9.478],[80.3753,9.477]]],[[[80.3734,9.4805],[80.3721,9.4769],[80.3732,9.4806],[80.3734,9.4805]]],[[[80.3767,9.4778],[80.3771,9.4786],[80.3776,9.4785],[80.3767,9.4778]]],[[[80.3773,9.4796],[80.3748,9.4782],[80.3753,9.4801],[80.3773,9.4796]]],[[[80.389,9.4835],[80.3873,9.4835],[80.3874,9.4836],[80.389,9.4835]]],[[[80.3791,9.4829],[80.3789,9.4823],[80.3779,9.4828],[80.3791,9.4829]]],[[[80.3866,9.4824],[80.387,9.482],[80.3851,9.4815],[80.384,9.4821],[80.3866,9.4824]]],[[[80.3862,9.4829],[80.3833,9.4831],[80.3867,9.4835],[80.3862,9.4829]]],[[[80.383,9.481],[80.3824,9.4813],[80.3827,9.4821],[80.383,9.481]]],[[[80.3824,9.484],[80.3836,9.4825],[80.3812,9.4816],[80.3817,9.4842],[80.3824,9.484]],[[80.382,9.4836],[80.3824,9.4837],[80.3822,9.484],[80.382,9.4836]]],[[[80.3796,9.4793],[80.3789,9.4799],[80.3796,9.4802],[80.3796,9.4793]]],[[[80.3783,9.479],[80.3777,9.4786],[80.3783,9.4809],[80.3783,9.479]]]]}},{"type":"Feature","properties":{"ds_code":"JA12","ds_division":"Valikamam North(thllippalai)","district":"Jaffna","province":"Northern"},"geometry":{"type":"Polygon","coordinates":[[[80.091,9.7648],[80.0473,9.7748],[80.0331,9.7663],[80.029,9.7533],[80.0162,9.7518],[79.9893,9.7694],[80.001,9.7875],[79.9936,9.7978],[79.9961,9.8058],[79.985,9.8003],[79.9844,9.81],[80.0361,9.8176],[80.0302,9.8234],[80.0441,9.8163],[80.0995,9.8091],[80.091,9.7648]]]}},{"type":"Feature","properties":{"ds_code":"JA13","ds_division":"Valikamam South West(sandilipay)","district":"Jaffna","province":"Northern"},"geometry":{"type":"Polygon","coordinates":[[[80.0014,9.6931],[79.9876,9.6917],[79.9834,9.6842],[79.9669,9.6983],[79.975,9.7435],[79.9882,9.7638],[79.9839,9.7667],[79.9773,9.7567],[79.9622,9.7584],[79.9588,9.7731],[79.9429,9.7863],[79.947,9.7948],[79.9838,9.8099],[79.9854,9.8002],[79.9961,9.8058],[79.9936,9.7978],[80.0009,9.7845],[79.9893,9.7694],[80.0034,9.7567],[79.9901,9.741],[80.004,9.7328],[80.0043,9.7211],[80.0099,9.719],[80.0014,9.6931]]]}},{"type":"Feature","properties":{"ds_code":"JA9","ds_division":"Vadamaradchchi South-west(karaveddy)","district":"Jaffna","province":"Northern"},"geometry":{"type":"Polygon","coordinates":[[[80.2458,9.7686],[80.2393,9.7606],[80.221,9.7588],[80.2087,9.728],[80.1845,9.7234],[80.1651,9.7315],[80.1571,9.747],[80.1618,9.7502],[80.1467,9.7528],[80.129,9.7856],[80.1289,9.8081],[80.1359,9.8022],[80.1611,9.8211],[80.1977,9.8138],[80.2052,9.8219],[80.2206,9.8156],[80.218,9.8033],[80.226,9.8002],[80.2191,9.7904],[80.2458,9.7686]]]}},{"type":"Feature","properties":{"ds_code":"MU3","ds_division":"Oddusuddan","district":"Mullaitivu","province":"Northern"},"geometry":{"type":"Polygon","coordinates":[[[80.4042,9.1153],[80.4004,9.1733],[80.3357,9.2115],[80.3509,9.2328],[80.3831,9.2455],[80.4054,9.2762],[80.4082,9.3398],[80.5226,9.3474],[80.5394,9.3385],[80.5388,9.3318],[80.5447,9.3368],[80.5908,9.3222],[80.5817,9.2837],[80.5837,9.2629],[80.5723,9.242],[80.5836,9.2298],[80.5864,9.2159],[80.6408,9.2307],[80.6549,9.2144],[80.6738,9.2059],[80.6954,9.2176],[80.6988,9.2069],[80.7131,9.1966],[80.7192,9.1703],[80.7159,9.1242],[80.6928,9.1247],[80.6937,9.1066],[80.7184,9.0985],[80.7346,9.1077],[80.7518,9.1065],[80.7427,9.0692],[80.7207,9.0535],[80.7259,9.0459],[80.7175,9.0505],[80.6797,9.0292],[80.6768,9.0418],[80.6875,9.05],[80.6923,9.0744],[80.6827,9.0838],[80.665,9.0742],[80.6516,9.0779],[80.6475,9.1153],[80.6415,9.1188],[80.582,9.1261],[80.5853,9.1121],[80.561,9.1076],[80.5309,9.0767],[80.5152,9.0752],[80.5104,9.0939],[80.4951,9.1138],[80.4042,9.1153]]]}},{"type":"Feature","properties":{"ds_code":"VA4","ds_division":"Vengalacheddikulam","district":"Vavuniya","province":"Northern"},"geometry":{"type":"MultiPolygon","coordinates":[[[[80.4051,8.6989],[80.3922,8.694],[80.3908,8.7034],[80.4026,8.7051],[80.4051,8.6989]]],[[[80.34,8.5472],[80.3172,8.5481],[80.3048,8.5587],[80.2878,8.5593],[80.2744,8.61],[80.2584,8.6181],[80.2498,8.6152],[80.236,8.6292],[80.2336,8.6838],[80.1942,8.733],[80.1688,8.7507],[80.181,8.7733],[80.1991,8.7654],[80.2283,8.8269],[80.2721,8.8224],[80.3057,8.7669],[80.2991,8.7611],[80.3035,8.7527],[80.341,8.7705],[80.3549,8.7426],[80.3617,8.7404],[80.3575,8.7346],[80.3451,8.7346],[80.3424,8.7157],[80.3506,8.7096],[80.3568,8.7192],[80.3656,8.7196],[80.3643,8.7363],[80.3875,8.7348],[80.3757,8.7008],[80.3531,8.6936],[80.3639,8.6852],[80.3598,8.6717],[80.3857,8.6726],[80.3807,8.658],[80.4025,8.656],[80.3968,8.6486],[80.4039,8.6429],[80.3887,8.6259],[80.3841,8.6341],[80.3732,8.6271],[80.3799,8.6208],[80.3811,8.5884],[80.361,8.5974],[80.3502,8.5921],[80.34,8.5472]]],[[[80.455,8.7074],[80.4132,8.6898],[80.4081,8.6996],[80.4109,8.712],[80.3952,8.7271],[80.4284,8.7353],[80.455,8.7074]]]]}},{"type":"Feature","properties":{"ds_code":"JA14","ds_division":"Valikamam South(uduvil)","district":"Jaffna","province":"Northern"},"geometry":{"type":"Polygon","coordinates":[[[80.0317,9.713],[80.0218,9.7168],[80.0154,9.6995],[80.0063,9.7029],[80.0099,9.719],[80.0043,9.7211],[80.004,9.7328],[79.9901,9.741],[80.0034,9.7567],[80.029,9.7533],[80.0331,9.7663],[80.0473,9.7748],[80.0861,9.7644],[80.0835,9.7529],[80.0623,9.7472],[80.0604,9.74],[80.0557,9.7455],[80.0449,9.744],[80.0297,9.7202],[80.0317,9.713]]]}},{"type":"Feature","properties":{"ds_code":"VA2","ds_division":"Vavuniya North","district":"Vavuniya","province":"Northern"},"geometry":{"type":"Polygon","coordinates":[[[80.745,8.9032],[80.7135,8.8995],[80.6647,8.8711],[80.5938,8.8689],[80.5987,8.9112],[80.5853,8.9104],[80.5763,8.9258],[80.5458,8.9381],[80.5185,8.9274],[80.5127,8.9411],[80.4863,8.9552],[80.3951,8.9606],[80.3749,8.9802],[80.4346,9.0314],[80.4273,9.045],[80.4259,9.0909],[80.405,9.0907],[80.4051,9.1156],[80.4951,9.1138],[80.5104,9.0939],[80.5152,9.0752],[80.5309,9.0767],[80.561,9.1076],[80.5853,9.1121],[80.582,9.1261],[80.6434,9.1178],[80.6522,9.0952],[80.6516,9.0779],[80.665,9.0742],[80.6827,9.0838],[80.6923,9.0744],[80.6875,9.05],[80.6768,9.0418],[80.6782,9.0298],[80.7175,9.0505],[80.7434,9.0358],[80.7254,9.0237],[80.731,9.0116],[80.7032,8.9843],[80.7122,8.946],[80.7386,8.9297],[80.745,8.9032]]]}},{"type":"Feature","properties":{"ds_code":"VA1","ds_division":"Vavuniya","district":"Vavuniya","province":"Northern"},"geometry":{"type":"Polygon","coordinates":[[[80.3549,8.7426],[80.341,8.7705],[80.3035,8.7527],[80.2991,8.7611],[80.3057,8.7669],[80.2722,8.8222],[80.2972,8.82],[80.3565,8.8418],[80.3636,8.838],[80.3894,8.8482],[80.4007,8.8601],[80.3766,8.9418],[80.34,8.959],[80.3749,8.9802],[80.3951,8.9606],[80.4959,8.9531],[80.5127,8.9411],[80.5185,8.9274],[80.5495,8.9376],[80.5763,8.9258],[80.5853,8.9104],[80.5987,8.9112],[80.5914,8.8483],[80.6253,8.8386],[80.6316,8.8283],[80.6109,8.8334],[80.5998,8.827],[80.587,8.8067],[80.5655,8.8161],[80.5622,8.8078],[80.5465,8.8247],[80.5304,8.8215],[80.5365,8.8064],[80.5211,8.8069],[80.5246,8.8222],[80.512,8.8259],[80.5055,8.8226],[80.5054,8.8101],[80.5182,8.8061],[80.5215,8.7857],[80.5319,8.7781],[80.5405,8.778],[80.5372,8.8058],[80.5536,8.8035],[80.5426,8.7687],[80.5312,8.7734],[80.5163,8.7565],[80.5243,8.7493],[80.5273,8.7298],[80.5195,8.7259],[80.5303,8.7153],[80.5286,8.7082],[80.553,8.6959],[80.5443,8.6792],[80.525,8.6665],[80.5062,8.6872],[80.4894,8.6858],[80.4874,8.6932],[80.4997,8.7043],[80.5028,8.7255],[80.4897,8.7208],[80.4747,8.7249],[80.4711,8.7159],[80.4518,8.7095],[80.4297,8.7351],[80.3866,8.7249],[80.3875,8.7348],[80.3767,8.738],[80.3734,8.7333],[80.3549,8.7426]],[[80.5068,8.804],[80.4967,8.8065],[80.4929,8.803],[80.5012,8.7931],[80.5068,8.804]]]}},{"type":"Feature","properties":{"ds_code":"JA11","ds_division":"Valikamam East(kopay)","district":"Jaffna","province":"Northern"},"geometry":{"type":"Polygon","coordinates":[[[80.0697,9.6641],[80.0625,9.6628],[80.0428,9.6729],[80.043,9.6846],[80.0375,9.6852],[80.0452,9.7069],[80.0317,9.713],[80.03,9.721],[80.0449,9.744],[80.0557,9.7455],[80.0604,9.74],[80.0623,9.7472],[80.0835,9.7529],[80.0954,9.7735],[80.1,9.809],[80.1339,9.8202],[80.129,9.7856],[80.1467,9.7528],[80.1618,9.7502],[80.1571,9.747],[80.1656,9.734],[80.1444,9.7135],[80.1203,9.71],[80.1141,9.7031],[80.0999,9.7093],[80.0688,9.6731],[80.0697,9.6641]]]}},{"type":"Feature","properties":{"ds_code":"JA1","ds_division":"Delft","district":"Jaffna","province":"Northern"},"geometry":{"type":"MultiPolygon","coordinates":[[[[79.5219,9.3876],[79.5231,9.3931],[79.5299,9.3887],[79.5283,9.3833],[79.5219,9.3876]]],[[[79.7256,9.5233],[79.7312,9.4894],[79.7218,9.4754],[79.7045,9.4759],[79.6548,9.5052],[79.6509,9.547],[79.6594,9.556],[79.6704,9.554],[79.6926,9.5312],[79.7256,9.5233]]]]}},{"type":"Feature","properties":{"ds_code":"MU1","ds_division":"Manthai East","district":"Mullaitivu","province":"Northern"},"geometry":{"type":"Polygon","coordinates":[[[80.1777,8.9727],[80.19,8.9794],[80.1762,8.9966],[80.1949,9.0458],[80.2199,9.0554],[80.2161,9.0973],[80.2257,9.1132],[80.2173,9.1421],[80.2299,9.1301],[80.2626,9.131],[80.3045,9.0953],[80.3226,9.1154],[80.3189,9.1282],[80.3354,9.2113],[80.4004,9.1733],[80.405,9.0907],[80.4259,9.0909],[80.4321,9.0284],[80.3909,8.9911],[80.34,8.959],[80.175,8.9503],[80.1777,8.9727]]]}},{"type":"Feature","properties":{"ds_code":"MN4","ds_division":"Musali","district":"Mannar","province":"Northern"},"geometry":{"type":"Polygon","coordinates":[[[79.9205,8.567],[79.9184,8.5892],[79.9464,8.6299],[79.9427,8.6529],[79.9522,8.6803],[79.9494,8.7088],[79.9596,8.7258],[79.9236,8.7963],[79.9279,8.8011],[79.9582,8.8066],[79.9811,8.7919],[80.0305,8.7993],[80.0345,8.7857],[80.0762,8.7873],[80.0838,8.7659],[80.0933,8.768],[80.0946,8.7498],[80.141,8.7379],[80.1454,8.6574],[80.1149,8.6496],[80.0794,8.6544],[80.044,8.6746],[80.056,8.6394],[80.0527,8.5253],[80.0131,8.5334],[80.0019,8.5448],[79.9891,8.5434],[79.9773,8.5529],[79.963,8.5507],[79.9484,8.5602],[79.941,8.5577],[79.9205,8.567]]]}},{"type":"Feature","properties":{"ds_code":"KI3","ds_division":"Pachchilaipalli","district":"Kilinochchi","province":"Northern"},"geometry":{"type":"MultiPolygon","coordinates":[[[[80.3482,9.5515],[80.349,9.5505],[80.3478,9.5514],[80.3478,9.5516],[80.3482,9.5515]]],[[[80.3597,9.543],[80.3599,9.5425],[80.3583,9.5425],[80.3597,9.543]]],[[[80.3498,9.5499],[80.3496,9.5499],[80.3497,9.5501],[80.3498,9.5499]]],[[[80.3585,9.545],[80.3588,9.5443],[80.3504,9.5497],[80.3585,9.545]]],[[[80.3035,9.5849],[80.3034,9.585],[80.3036,9.5853],[80.3035,9.5849]]],[[[80.3005,9.5857],[80.3011,9.5849],[80.2994,9.5856],[80.3005,9.5857]]],[[[80.3011,9.5859],[80.301,9.5861],[80.3018,9.5859],[80.3011,9.5859]]],[[[80.306,9.5847],[80.3062,9.584],[80.3044,9.5846],[80.306,9.5847]]],[[[80.439,9.5577],[80.4493,9.5259],[80.4726,9.5185],[80.4677,9.5089],[80.4204,9.5181],[80.3846,9.5138],[80.3572,9.5489],[80.3413,9.5629],[80.3086,9.5849],[80.2575,9.6132],[80.2773,9.6506],[80.2894,9.6566],[80.2994,9.6849],[80.3564,9.6357],[80.4411,9.5783],[80.439,9.5577]]],[[[80.2998,9.5858],[80.2973,9.587],[80.3008,9.5871],[80.2998,9.5858]]]]}},{"type":"Feature","properties":{"ds_code":"JA4","ds_division":"Jaffna","district":"Jaffna","province":"Northern"},"geometry":{"type":"Polygon","coordinates":[[[80.0535,9.6475],[80.0366,9.6461],[80.0187,9.6487],[80.0052,9.6627],[79.9995,9.6544],[80.0053,9.6632],[79.9987,9.6715],[80.0001,9.6947],[80.0126,9.6736],[80.034,9.6666],[80.0293,9.6607],[80.0348,9.6551],[80.0381,9.6594],[80.0575,9.6546],[80.0535,9.6475]]]}},{"type":"Feature","properties":{"ds_code":"JA8","ds_division":"Vadamaradchchi East","district":"Jaffna","province":"Northern"},"geometry":{"type":"Polygon","coordinates":[[[80.6228,9.4588],[80.6172,9.452],[80.5618,9.4676],[80.4947,9.51],[80.4511,9.5228],[80.439,9.5577],[80.442,9.5774],[80.3564,9.6357],[80.2648,9.7119],[80.2417,9.7505],[80.2422,9.7647],[80.2713,9.7858],[80.358,9.6684],[80.6228,9.4588]]]}},{"type":"Feature","properties":{"ds_code":"MU5","ds_division":"Thunukkai","district":"Mullaitivu","province":"Northern"},"geometry":{"type":"Polygon","coordinates":[[[80.3045,9.0953],[80.2618,9.1314],[80.228,9.1309],[80.1954,9.176],[80.1917,9.2372],[80.218,9.2326],[80.214,9.2714],[80.2292,9.2944],[80.2417,9.3003],[80.3132,9.3098],[80.3236,9.3077],[80.3231,9.3002],[80.3469,9.3058],[80.4069,9.3052],[80.4067,9.2787],[80.3879,9.2509],[80.3674,9.2359],[80.3509,9.2328],[80.3354,9.2113],[80.3189,9.1282],[80.3222,9.1172],[80.3045,9.0953]]]}},{"type":"Feature","properties":{"ds_code":"JA5","ds_division":"Karainagar","district":"Jaffna","province":"Northern"},"geometry":{"type":"MultiPolygon","coordinates":[[[[79.8484,9.7115],[79.8483,9.7111],[79.8477,9.7115],[79.8484,9.7115]]],[[[79.8923,9.7129],[79.8793,9.7038],[79.85,9.7127],[79.8613,9.7265],[79.8548,9.7496],[79.8634,9.7621],[79.8796,9.7611],[79.8957,9.7668],[79.9012,9.7672],[79.902,9.7665],[79.8941,9.763],[79.8941,9.7413],[79.8988,9.7415],[79.8891,9.7296],[79.8923,9.7129]]]]}},{"type":"Feature","properties":{"ds_code":"MN2","ds_division":"Mannar Town","district":"Mannar","province":"Northern"},"geometry":{"type":"MultiPolygon","coordinates":[[[[79.9154,8.9722],[79.9157,8.9743],[79.9159,8.9737],[79.9154,8.9722]]],[[[79.9541,8.9522],[79.9537,8.9519],[79.9539,8.9544],[79.9541,8.9522]]],[[[79.9231,8.9527],[79.9226,8.9525],[79.9226,8.953],[79.9231,8.9527]]],[[[79.9079,8.9583],[79.9015,8.9466],[79.8916,8.9552],[79.9034,8.9616],[79.9079,8.9583]]],[[[79.8916,8.9575],[79.8922,8.9575],[79.8912,8.9566],[79.8909,8.9569],[79.8909,8.9579],[79.8916,8.9575]]],[[[79.9163,8.9573],[79.916,8.9585],[79.9167,8.9575],[79.9163,8.9573]]],[[[79.9196,8.9507],[79.9192,8.9507],[79.919,8.9507],[79.9191,8.9511],[79.9196,8.9507]]],[[[79.9196,8.9533],[79.9196,8.9545],[79.9201,8.9541],[79.9196,8.9533]]],[[[79.9208,8.9559],[79.9204,8.9537],[79.9201,8.9541],[79.9174,8.9575],[79.9167,8.9577],[79.92,8.9589],[79.9208,8.9559]]],[[[79.9217,8.949],[79.9216,8.9493],[79.9218,8.9493],[79.9217,8.949]]],[[[79.9528,8.9501],[79.9526,8.9499],[79.9523,8.9502],[79.9528,8.9501]]],[[[79.9167,8.9581],[79.9165,8.9584],[79.9164,8.9585],[79.9161,8.9586],[79.917,8.9588],[79.9167,8.9581]]],[[[79.9196,8.9608],[79.92,8.9592],[79.9182,8.9584],[79.917,8.9589],[79.9161,8.9587],[79.9196,8.9608]]],[[[79.946,8.946],[79.9458,8.9462],[79.9459,8.9463],[79.946,8.946]]],[[[79.9169,8.9478],[79.9168,8.9476],[79.9164,8.9475],[79.9169,8.9478]]],[[[79.9174,8.9476],[79.9171,8.9477],[79.9174,8.9479],[79.9174,8.9476]]],[[[79.921,8.9485],[79.9212,8.9486],[79.9211,8.9484],[79.921,8.9485]]],[[[79.9479,8.9465],[79.9464,8.9466],[79.9472,8.9471],[79.9479,8.9465]]],[[[79.95,8.9487],[79.9504,8.9481],[79.9478,8.9472],[79.95,8.9487]]],[[[80.0091,8.904],[80.0268,8.8835],[80.0797,8.8889],[80.08,8.87],[80.0557,8.8626],[80.0478,8.8498],[80.0536,8.8373],[80.0291,8.8483],[80.0252,8.8449],[80.0152,8.8652],[80.0057,8.8686],[79.9731,8.8756],[79.9689,8.8681],[79.9566,8.8703],[79.9567,8.8768],[79.9414,8.8829],[79.9469,8.8901],[79.9403,8.9022],[79.9527,8.9099],[79.9252,8.9322],[79.9231,8.9474],[79.9542,8.9434],[79.9548,8.9577],[79.981,8.9734],[79.9737,8.9391],[79.9831,8.9314],[79.9831,8.9162],[79.9925,8.9112],[79.9923,8.903],[80.0091,8.904]]],[[[79.9218,8.9482],[79.9219,8.9485],[79.9221,8.9483],[79.9218,8.9482]]],[[[79.9531,8.9506],[79.9513,8.95],[79.953,8.9516],[79.9531,8.9506]]],[[[79.9509,8.9482],[79.9509,8.9496],[79.9513,8.95],[79.9509,8.9482]]],[[[79.6946,9.0798],[79.6952,9.08],[79.6953,9.0797],[79.6946,9.0798]]],[[[79.6959,9.0876],[79.6955,9.0875],[79.6952,9.0878],[79.6952,9.0881],[79.6959,9.0876]]],[[[79.6952,9.0883],[79.6956,9.0897],[79.6959,9.089],[79.6952,9.0883]]],[[[79.6957,9.0869],[79.6961,9.0864],[79.6957,9.0866],[79.6957,9.0869]]],[[[79.6971,9.0903],[79.6967,9.0895],[79.696,9.0904],[79.6971,9.0903]]],[[[79.6981,9.0928],[79.6976,9.0927],[79.698,9.0941],[79.6981,9.0928]]],[[[79.6977,9.0977],[79.6963,9.0949],[79.6971,9.0979],[79.6977,9.0977]]],[[[79.6977,9.0981],[79.6979,9.0984],[79.698,9.0982],[79.6977,9.0981]]],[[[79.6977,9.0946],[79.6975,9.0944],[79.6976,9.0949],[79.6977,9.0946]]],[[[79.6984,9.0984],[79.6991,9.099],[79.6989,9.0982],[79.6984,9.0984]]],[[[79.8949,8.9618],[79.8833,8.971],[79.8888,8.9606],[79.8539,9.0019],[79.8045,9.0402],[79.7294,9.0738],[79.6855,9.0761],[79.7018,9.0802],[79.6987,9.0805],[79.697,9.0916],[79.6951,9.0914],[79.6966,9.0929],[79.6905,9.0896],[79.6973,9.094],[79.697,9.0919],[79.6987,9.0922],[79.6993,9.0991],[79.6959,9.0984],[79.698,9.1],[79.7302,9.1099],[79.7918,9.0982],[79.8566,9.0759],[79.9269,9.011],[79.9182,9.0105],[79.8738,9.0353],[79.8712,9.0316],[79.8995,8.9973],[79.9263,8.9826],[79.9265,8.9756],[79.9127,8.9756],[79.8949,8.9618]]]]}},{"type":"Feature","properties":{"ds_code":"JA6","ds_division":"Nallur","district":"Jaffna","province":"Northern"},"geometry":{"type":"MultiPolygon","coordinates":[[[[80.0826,9.6437],[80.0822,9.6439],[80.0831,9.6443],[80.0826,9.6437]]],[[[80.0889,9.6426],[80.0924,9.6421],[80.0859,9.6427],[80.0823,9.6471],[80.0889,9.6426]]],[[[80.0768,9.6513],[80.077,9.6524],[80.0769,9.6515],[80.0768,9.6513]]],[[[80.0751,9.6507],[80.0765,9.6506],[80.0751,9.6487],[80.0751,9.6483],[80.0753,9.6477],[80.0763,9.6472],[80.0766,9.6475],[80.0752,9.6486],[80.0774,9.6505],[80.0815,9.6482],[80.0768,9.6453],[80.0813,9.6411],[80.0978,9.6349],[80.1174,9.6142],[80.1353,9.6097],[80.1302,9.6067],[80.0965,9.6191],[80.0535,9.6475],[80.0575,9.6546],[80.0381,9.6594],[80.035,9.6549],[80.0293,9.6607],[80.034,9.6666],[80.0097,9.6769],[80.002,9.6997],[80.0154,9.6995],[80.0218,9.7168],[80.0355,9.7135],[80.0452,9.7069],[80.0375,9.6852],[80.043,9.6846],[80.0428,9.6729],[80.0694,9.6639],[80.0751,9.6507]]]]}},{"type":"Feature","properties":{"ds_code":"JA3","ds_division":"Islands South(velanai)","district":"Jaffna","province":"Northern"},"geometry":{"type":"MultiPolygon","coordinates":[[[[79.8002,9.5795],[79.8008,9.5802],[79.801,9.5795],[79.8002,9.5795]]],[[[79.8385,9.6236],[79.8374,9.6246],[79.8384,9.6249],[79.8385,9.6236]]],[[[79.8429,9.62],[79.8426,9.6203],[79.843,9.6201],[79.8429,9.62]]],[[[79.7738,9.5846],[79.7634,9.5898],[79.7627,9.6134],[79.7705,9.6221],[79.7773,9.6186],[79.7738,9.5846]]],[[[79.8012,9.5949],[79.8015,9.5956],[79.8023,9.5949],[79.8012,9.5949]]],[[[79.9703,9.608],[79.9702,9.6079],[79.9696,9.608],[79.9694,9.6083],[79.9703,9.608]]],[[[79.9678,9.608],[79.9666,9.6084],[79.9667,9.6091],[79.9678,9.608]]],[[[79.9341,9.6668],[79.9343,9.6674],[79.9346,9.6669],[79.9341,9.6668]]],[[[79.9342,9.6682],[79.9327,9.6664],[79.934,9.6704],[79.9342,9.6682]]],[[[79.9346,9.6692],[79.935,9.6696],[79.935,9.6692],[79.9346,9.6692]]],[[[79.9334,9.6697],[79.9331,9.6698],[79.9336,9.6708],[79.9334,9.6697]]],[[[79.939,9.6741],[79.9396,9.6744],[79.9396,9.674],[79.939,9.6741]]],[[[79.9375,9.6745],[79.9383,9.6762],[79.9392,9.6748],[79.9375,9.6745]]],[[[79.939,9.6768],[79.9388,9.6777],[79.9398,9.6769],[79.939,9.6768]]],[[[79.9055,9.6774],[79.9052,9.6778],[79.9058,9.6776],[79.9055,9.6774]]],[[[79.917,9.6793],[79.9152,9.68],[79.916,9.6808],[79.917,9.6793]]],[[[79.9358,9.6651],[79.9353,9.6783],[79.9363,9.6772],[79.9378,9.6763],[79.9361,9.6688],[79.9358,9.6651]]],[[[79.9368,9.6772],[79.9351,9.6794],[79.9367,9.679],[79.9368,9.6772]]],[[[79.9903,9.6527],[79.9897,9.6537],[79.9932,9.6532],[79.9903,9.6527]]],[[[80.0075,9.6198],[80.0069,9.6195],[80.0066,9.6199],[80.0067,9.6203],[80.0075,9.6198]]],[[[80.0053,9.6181],[80.005,9.6182],[80.0049,9.6185],[80.0053,9.6181]]],[[[79.8639,9.6249],[79.862,9.6229],[79.8613,9.6242],[79.8639,9.6249]]],[[[79.9814,9.6221],[79.9813,9.6222],[79.9817,9.6221],[79.9814,9.6221]]],[[[79.9821,9.5977],[79.9678,9.6046],[79.965,9.6078],[79.9645,9.6105],[79.9681,9.6056],[79.9776,9.6052],[79.985,9.613],[79.983,9.6211],[79.9836,9.6209],[79.9839,9.6198],[79.986,9.6372],[79.9885,9.6396],[79.9887,9.6404],[79.9891,9.6405],[79.9886,9.6416],[79.9932,9.6453],[79.9993,9.6545],[79.9995,9.6544],[79.9952,9.6481],[79.9974,9.643],[80.0027,9.6423],[79.9975,9.6416],[80.0059,9.6389],[79.9976,9.6398],[79.9979,9.6335],[80.0027,9.628],[80.0076,9.6305],[80.0003,9.6042],[79.9821,9.5977]]],[[[79.9698,9.6126],[79.9488,9.6259],[79.9174,9.6328],[79.9076,9.6171],[79.892,9.6233],[79.8623,9.607],[79.8615,9.5711],[79.8517,9.5672],[79.8037,9.5768],[79.8031,9.589],[79.7958,9.5806],[79.7918,9.5883],[79.7956,9.5892],[79.7966,9.5922],[79.7924,9.5895],[79.7896,9.601],[79.8,9.5891],[79.8088,9.5901],[79.8104,9.5991],[79.8052,9.6026],[79.8126,9.627],[79.8184,9.6205],[79.8206,9.6256],[79.8222,9.6101],[79.8342,9.6108],[79.8443,9.6194],[79.8624,9.6072],[79.8925,9.6237],[79.8754,9.6359],[79.8871,9.6564],[79.885,9.668],[79.894,9.6749],[79.9007,9.6701],[79.9304,9.6815],[79.9352,9.6758],[79.9321,9.6727],[79.9318,9.665],[79.934,9.6637],[79.9262,9.6639],[79.9241,9.6598],[79.9664,9.6332],[79.9845,9.6352],[79.9822,9.6298],[79.9841,9.6251],[79.9809,9.6222],[79.983,9.6211],[79.9698,9.6126]]],[[[79.982,9.6163],[79.9823,9.6167],[79.9823,9.6164],[79.982,9.6163]]],[[[79.9823,9.613],[79.982,9.6131],[79.982,9.6134],[79.9823,9.613]]],[[[79.9819,9.6143],[79.9824,9.6147],[79.9828,9.6138],[79.9819,9.6143]]],[[[79.9824,9.6172],[79.9825,9.6173],[79.9825,9.6172],[79.9824,9.6172]]],[[[79.982,9.6168],[79.9822,9.6172],[79.9823,9.617],[79.982,9.6168]]],[[[79.8586,9.6169],[79.8583,9.6177],[79.8588,9.6169],[79.8586,9.6169]]],[[[79.8601,9.6165],[79.86,9.6167],[79.8601,9.617],[79.8602,9.6166],[79.8601,9.6165]]],[[[79.853,9.6168],[79.852,9.6178],[79.8553,9.6171],[79.853,9.6168]]],[[[79.8617,9.6174],[79.8609,9.6166],[79.8605,9.6167],[79.8602,9.6169],[79.8601,9.617],[79.8591,9.6182],[79.8603,9.6172],[79.8617,9.6174]]],[[[79.8621,9.6267],[79.8613,9.6242],[79.8611,9.6235],[79.8621,9.622],[79.8631,9.6227],[79.8607,9.6181],[79.8537,9.6241],[79.8556,9.6349],[79.8621,9.6267]]],[[[80.006,9.6331],[80.0061,9.6302],[80.0029,9.6298],[79.9998,9.6348],[80.006,9.6331]]],[[[80.0054,9.6414],[80.0058,9.641],[80.0043,9.6417],[80.0054,9.6414]]],[[[79.985,9.6306],[79.9838,9.6296],[79.9828,9.6304],[79.985,9.6306]]],[[[79.9846,9.6421],[79.9846,9.6432],[79.9883,9.6415],[79.9846,9.6421]]],[[[80.0009,9.645],[80.003,9.6431],[80.0039,9.642],[80.0009,9.645]]],[[[79.9899,9.6442],[79.9907,9.6435],[79.9899,9.6436],[79.9899,9.6442]]],[[[80.0073,9.6478],[80.0138,9.6414],[80.0055,9.645],[80.0031,9.6471],[80.0031,9.649],[80.0073,9.6478]]]]}},{"type":"Feature","properties":{"ds_code":"MN3","ds_division":"Manthai West","district":"Mannar","province":"Northern"},"geometry":{"type":"MultiPolygon","coordinates":[[[[80.1079,9.1978],[80.1083,9.1984],[80.1082,9.1975],[80.1079,9.1978]]],[[[80.0091,8.904],[80.0018,8.8978],[79.9923,8.903],[79.9925,8.9112],[79.9831,8.9162],[79.9831,8.9314],[79.9737,8.9391],[79.9909,8.9954],[80.0149,9.0123],[80.0413,9.0162],[80.0383,9.0195],[80.0687,9.0659],[80.0713,9.0917],[80.0784,9.098],[80.076,9.1262],[80.0855,9.1508],[80.0967,9.1541],[80.101,9.1623],[80.1064,9.1829],[80.1048,9.192],[80.1048,9.1942],[80.1054,9.1901],[80.1055,9.1969],[80.1075,9.2022],[80.1062,9.1978],[80.1071,9.1992],[80.1081,9.1998],[80.1076,9.197],[80.1107,9.1979],[80.1187,9.2117],[80.1496,9.2113],[80.1917,9.2372],[80.1954,9.176],[80.2171,9.1432],[80.2257,9.1132],[80.2161,9.0973],[80.2199,9.0554],[80.1949,9.0458],[80.1762,8.9966],[80.19,8.9794],[80.1777,8.9727],[80.1742,8.9449],[80.1428,8.938],[80.1362,8.9038],[80.1414,8.8522],[80.0917,8.8486],[80.0842,8.8531],[80.0562,8.8394],[80.0478,8.8498],[80.0615,8.8673],[80.08,8.87],[80.0797,8.8889],[80.0268,8.8835],[80.0091,8.904]]]]}},{"type":"Feature","properties":{"ds_code":"MU4","ds_division":"Puthukkudiyiruppu","district":"Mullaitivu","province":"Northern"},"geometry":{"type":"Polygon","coordinates":[[[80.7137,9.2496],[80.6877,9.2089],[80.6738,9.2059],[80.6553,9.2141],[80.6408,9.2307],[80.5864,9.2159],[80.5836,9.2298],[80.5723,9.242],[80.5837,9.2629],[80.5817,9.2837],[80.5926,9.3208],[80.5447,9.3368],[80.5388,9.3318],[80.5394,9.3385],[80.5226,9.3474],[80.5135,9.3443],[80.5293,9.3796],[80.5308,9.4039],[80.5585,9.3765],[80.5853,9.3627],[80.5855,9.4087],[80.6127,9.4255],[80.6757,9.3832],[80.6913,9.3514],[80.7338,9.3467],[80.7447,9.3278],[80.7307,9.3144],[80.7286,9.3045],[80.7362,9.2991],[80.7137,9.2496]]]}},{"type":"Feature","properties":{"ds_code":"MU6","ds_division":"Welioya","district":"Mullaitivu","province":"Northern"},"geometry":{"type":"Polygon","coordinates":[[[80.7618,8.9361],[80.7551,8.9058],[80.745,8.9032],[80.7386,8.9297],[80.7122,8.946],[80.7032,8.9843],[80.731,9.0116],[80.7254,9.0237],[80.7434,9.0358],[80.8035,9.0026],[80.8331,9.0138],[80.8534,9.0394],[80.8946,9.0512],[80.8907,9.0381],[80.8625,9.0247],[80.8774,9.0275],[80.8869,9.0119],[80.9013,9.0044],[80.8952,8.9993],[80.9014,8.9909],[80.9067,8.9884],[80.9088,8.9854],[80.9001,8.979],[80.8897,8.9809],[80.8873,8.9725],[80.8744,8.969],[80.8655,8.9586],[80.8331,8.9606],[80.8276,8.9552],[80.7756,8.9472],[80.7618,8.9361]]]}},{"type":"Feature","properties":{"ds_code":"KI2","ds_division":"Karachchi","district":"Kilinochchi","province":"Northern"},"geometry":{"type":"MultiPolygon","coordinates":[[[[80.3304,9.4553],[80.3306,9.4555],[80.3308,9.4553],[80.3304,9.4553]]],[[[80.336,9.4586],[80.3361,9.4588],[80.3361,9.4587],[80.336,9.4586]]],[[[80.3358,9.4589],[80.3359,9.4591],[80.336,9.459],[80.3358,9.4589]]],[[[80.3032,9.4813],[80.3031,9.4825],[80.3039,9.4822],[80.3032,9.4813]]],[[[80.3026,9.4618],[80.3024,9.4618],[80.303,9.462],[80.3026,9.4618]]],[[[80.3011,9.462],[80.3023,9.4623],[80.301,9.4619],[80.3011,9.462]]],[[[80.2979,9.4623],[80.2976,9.4623],[80.2973,9.4624],[80.2973,9.4627],[80.2979,9.4623]]],[[[80.2292,9.2944],[80.214,9.2714],[80.218,9.2326],[80.1922,9.2373],[80.1812,9.23],[80.1713,9.264],[80.1745,9.2913],[80.2018,9.3344],[80.2108,9.3685],[80.2073,9.3764],[80.2179,9.3819],[80.2451,9.3727],[80.2727,9.3785],[80.2957,9.3945],[80.2938,9.4235],[80.3006,9.4297],[80.2954,9.4377],[80.306,9.4535],[80.305,9.4563],[80.3003,9.4571],[80.2998,9.4584],[80.3122,9.4626],[80.3292,9.4552],[80.3306,9.4551],[80.3308,9.4553],[80.332,9.4562],[80.3327,9.4559],[80.3355,9.4588],[80.3355,9.4578],[80.3345,9.4571],[80.3344,9.4563],[80.3366,9.4554],[80.3376,9.469],[80.3385,9.4682],[80.3413,9.4704],[80.3429,9.4692],[80.3463,9.468],[80.3402,9.4737],[80.3504,9.4665],[80.3461,9.4629],[80.3544,9.4649],[80.3463,9.453],[80.3554,9.4196],[80.3677,9.4323],[80.4078,9.4202],[80.4229,9.4228],[80.4229,9.4364],[80.4538,9.4374],[80.4509,9.4133],[80.4576,9.4132],[80.4554,9.4079],[80.466,9.4113],[80.4638,9.4057],[80.4786,9.4003],[80.4895,9.4093],[80.493,9.3717],[80.5048,9.3685],[80.5077,9.3568],[80.5084,9.3454],[80.4082,9.3398],[80.4069,9.3052],[80.3469,9.3058],[80.3231,9.3002],[80.3236,9.3077],[80.3132,9.3098],[80.2814,9.3025],[80.2524,9.3035],[80.2292,9.2944]]],[[[80.3373,9.469],[80.34,9.4739],[80.3402,9.4737],[80.3373,9.469]]],[[[80.3361,9.4632],[80.3363,9.4635],[80.3365,9.4631],[80.3361,9.4632]]],[[[80.2969,9.4645],[80.2973,9.4646],[80.2966,9.4633],[80.2969,9.4645]]],[[[80.2994,9.4627],[80.2994,9.4626],[80.2987,9.4626],[80.2984,9.4628],[80.2987,9.4633],[80.2994,9.4627]]],[[[80.3356,9.4628],[80.3357,9.463],[80.3357,9.4628],[80.3356,9.4628]]],[[[80.3349,9.4632],[80.335,9.4633],[80.3351,9.4632],[80.3349,9.4632]]],[[[80.3357,9.4632],[80.3358,9.4634],[80.3359,9.4634],[80.3357,9.4632]]],[[[80.3044,9.463],[80.3043,9.4633],[80.3053,9.4636],[80.3044,9.463]]],[[[80.3353,9.4634],[80.3354,9.4635],[80.3355,9.4634],[80.3353,9.4634]]],[[[80.3357,9.4637],[80.3358,9.4638],[80.3358,9.4637],[80.3357,9.4637]]],[[[80.3007,9.4634],[80.3,9.4634],[80.3003,9.4642],[80.3007,9.4634]]],[[[80.3517,9.4673],[80.3518,9.4674],[80.3519,9.4673],[80.3517,9.4673]]],[[[80.3506,9.4672],[80.3506,9.4673],[80.3507,9.4673],[80.3506,9.4672]]],[[[80.3511,9.4671],[80.3509,9.4674],[80.3513,9.4675],[80.3511,9.4671]]],[[[80.3521,9.466],[80.3519,9.4656],[80.3514,9.4665],[80.3521,9.466]]],[[[80.3509,9.4668],[80.3511,9.4668],[80.3511,9.4667],[80.3509,9.4668]]],[[[80.3504,9.4667],[80.3506,9.4669],[80.3506,9.4667],[80.3504,9.4667]]],[[[80.3108,9.4736],[80.3108,9.4741],[80.3112,9.4736],[80.3108,9.4736]]],[[[80.3182,9.4696],[80.3174,9.4699],[80.3176,9.47],[80.3182,9.4696]]],[[[80.2963,9.467],[80.2962,9.4672],[80.2971,9.4674],[80.2963,9.467]]],[[[80.2967,9.4677],[80.2966,9.4681],[80.297,9.468],[80.2967,9.4677]]],[[[80.296,9.4679],[80.2963,9.4682],[80.2965,9.4676],[80.296,9.4679]]],[[[80.3376,9.4692],[80.3376,9.4693],[80.3377,9.4694],[80.3376,9.4692]]],[[[80.315,9.4672],[80.3184,9.4672],[80.3177,9.4667],[80.3146,9.4671],[80.313,9.468],[80.3131,9.4681],[80.315,9.4672]]],[[[80.3112,9.4674],[80.3107,9.4673],[80.3105,9.4674],[80.3105,9.4676],[80.3107,9.4678],[80.3114,9.4681],[80.3112,9.4674]]],[[[80.3493,9.4652],[80.3499,9.4654],[80.3495,9.465],[80.3493,9.4652]]],[[[80.3193,9.4609],[80.3114,9.4633],[80.314,9.4657],[80.3193,9.4609]]],[[[80.3318,9.4638],[80.3337,9.4642],[80.3321,9.4631],[80.3274,9.4639],[80.3318,9.4638]]],[[[80.3006,9.4647],[80.2999,9.4644],[80.2997,9.4646],[80.3006,9.4647]]],[[[80.3106,9.4641],[80.3093,9.4638],[80.3062,9.4639],[80.3106,9.4641]]],[[[80.3277,9.465],[80.3273,9.464],[80.3267,9.4653],[80.3277,9.465]]],[[[80.3266,9.4653],[80.3266,9.4647],[80.3251,9.4653],[80.3266,9.4653]]],[[[80.2997,9.4654],[80.3,9.466],[80.3003,9.4653],[80.2997,9.4654]]],[[[80.3072,9.4651],[80.3057,9.4648],[80.3091,9.4665],[80.3072,9.4651]]],[[[80.3042,9.4656],[80.3042,9.4661],[80.3047,9.4664],[80.3042,9.4656]]],[[[80.2993,9.4649],[80.297,9.4649],[80.297,9.4665],[80.2993,9.4649]]],[[[80.3031,9.4681],[80.304,9.4671],[80.3035,9.4653],[80.3031,9.4681]]],[[[80.3074,9.4786],[80.3225,9.4677],[80.3228,9.467],[80.3248,9.466],[80.325,9.4654],[80.3174,9.4705],[80.3127,9.4691],[80.3133,9.4713],[80.3158,9.4714],[80.3082,9.4771],[80.3122,9.47],[80.312,9.4682],[80.3038,9.4836],[80.3074,9.4786]],[[80.3081,9.4773],[80.3065,9.479],[80.3069,9.4781],[80.3081,9.4773]],[[80.3138,9.4706],[80.3143,9.4705],[80.3141,9.4707],[80.3138,9.4706]]]]}},{"type":"Feature","properties":{"ds_code":"KI4","ds_division":"Poonakary","district":"Kilinochchi","province":"Northern"},"geometry":{"type":"MultiPolygon","coordinates":[[[[79.9981,9.2836],[79.9981,9.2837],[79.9963,9.285],[79.9977,9.2898],[80.002,9.2864],[80.007,9.2867],[80.0068,9.2826],[80.0023,9.2803],[80.0044,9.2763],[80.0078,9.2821],[80.0083,9.2765],[80.0062,9.2737],[80.0013,9.2705],[79.994,9.2834],[79.9789,9.28],[79.9758,9.2818],[79.9729,9.2869],[79.9735,9.2958],[79.988,9.3068],[79.9938,9.3032],[79.9893,9.3021],[79.9955,9.2925],[79.9931,9.2943],[79.9915,9.2929],[79.9944,9.2861],[79.9982,9.2834],[79.9971,9.2821],[79.9983,9.2815],[79.9984,9.2806],[79.9985,9.2806],[79.9986,9.2805],[79.9986,9.2804],[79.999,9.2805],[79.9986,9.2791],[79.9988,9.2776],[79.9989,9.2776],[79.9991,9.2805],[79.9984,9.2833],[79.9983,9.2835],[79.9981,9.2836]],[[79.999,9.2773],[79.9993,9.2774],[79.9989,9.2776],[79.999,9.2773]],[[79.9999,9.2761],[79.9997,9.2767],[79.9993,9.2774],[79.9999,9.2761]],[[79.9995,9.2753],[79.9997,9.2751],[79.9998,9.2746],[79.9999,9.2759],[79.9999,9.2761],[79.9995,9.2753]],[[79.99,9.2984],[79.9908,9.2989],[79.9906,9.2991],[79.99,9.2984]],[[79.9894,9.2905],[79.99,9.2899],[79.9906,9.2914],[79.9905,9.2906],[79.9907,9.2902],[79.9914,9.2928],[79.9894,9.2905]],[[79.9893,9.2905],[79.9895,9.2898],[79.9894,9.2905],[79.9893,9.2905]],[[79.9892,9.2899],[79.9889,9.2898],[79.9895,9.2897],[79.9895,9.2898],[79.9892,9.2899]],[[79.9923,9.2896],[79.9923,9.2903],[79.9919,9.2911],[79.9923,9.2896]],[[79.9914,9.2898],[79.9914,9.2894],[79.9918,9.2894],[79.9914,9.2898]],[[79.992,9.2887],[79.9914,9.288],[79.9926,9.2882],[79.992,9.2887]],[[79.9922,9.2873],[79.9932,9.2875],[79.9931,9.2877],[79.9922,9.2873]],[[79.9909,9.2874],[79.9906,9.287],[79.9911,9.2873],[79.9909,9.2874]],[[79.9785,9.281],[79.9778,9.2815],[79.9778,9.2813],[79.9785,9.281]],[[80.0023,9.2718],[80.0025,9.2714],[80.0031,9.272],[80.0023,9.2718]],[[80.0072,9.2755],[80.0074,9.276],[80.0067,9.2754],[80.0068,9.2749],[80.0072,9.2755]],[[80.0005,9.2755],[80.0002,9.2755],[80.0003,9.2752],[80.0005,9.2755]],[[80.0078,9.2766],[80.0078,9.2764],[80.0081,9.2768],[80.0078,9.2766]],[[80.0024,9.2779],[80.0002,9.2775],[80.001,9.2766],[80.0024,9.2779]],[[80.0065,9.2861],[80.0068,9.2858],[80.0069,9.2859],[80.0065,9.2861]]],[[[79.9982,9.2823],[79.9983,9.2827],[79.9983,9.2828],[79.9984,9.2833],[79.9984,9.282],[79.9982,9.2823]]],[[[79.9981,9.2826],[79.9982,9.283],[79.9983,9.2828],[79.9981,9.2826]]],[[[80.004,9.2779],[80.0041,9.2782],[80.0042,9.278],[80.004,9.2779]]],[[[80.0043,9.278],[80.0042,9.278],[80.0041,9.2784],[80.0044,9.2781],[80.0043,9.278]]],[[[80.0039,9.2789],[80.0041,9.279],[80.0042,9.2789],[80.0039,9.2789]]],[[[80.0041,9.2792],[80.0049,9.2812],[80.0046,9.2791],[80.0041,9.2792]]],[[[80.0024,9.2865],[80.0031,9.2873],[80.0032,9.287],[80.0024,9.2865]]],[[[80.0594,9.3406],[80.0589,9.3297],[80.052,9.3379],[80.0565,9.346],[80.0594,9.3406]]],[[[80.0884,9.3138],[80.0884,9.3142],[80.0887,9.3139],[80.0884,9.3138]]],[[[80.0843,9.3183],[80.0847,9.3195],[80.0851,9.3189],[80.0843,9.3183]]],[[[80.0839,9.3192],[80.084,9.3201],[80.0846,9.3196],[80.0839,9.3192]]],[[[80.1252,9.4292],[80.1258,9.43],[80.1258,9.4298],[80.1252,9.4292]]],[[[80.083,9.3211],[80.0848,9.3168],[80.0882,9.3144],[80.0871,9.3127],[80.0909,9.312],[80.0792,9.3131],[80.0742,9.3224],[80.083,9.3211]]],[[[80.2949,9.4605],[80.2958,9.4615],[80.2976,9.4596],[80.2947,9.4603],[80.2949,9.4605]]],[[[80.2096,9.5363],[80.2121,9.5314],[80.2035,9.5367],[80.2096,9.5363]]],[[[80.2271,9.534],[80.2265,9.5334],[80.2248,9.5346],[80.2271,9.534]]],[[[80.2239,9.5364],[80.2237,9.5372],[80.2241,9.5372],[80.2239,9.5364]]],[[[80.2032,9.5375],[80.2028,9.537],[80.2021,9.5376],[80.2032,9.5375]]],[[[80.2232,9.5377],[80.2232,9.5367],[80.2189,9.5382],[80.2232,9.5377]]],[[[80.2181,9.5391],[80.2188,9.5394],[80.2188,9.5391],[80.2181,9.5391]]],[[[80.2019,9.5416],[80.201,9.5391],[80.1988,9.5421],[80.2019,9.5416]]],[[[80.1946,9.5449],[80.1944,9.5451],[80.1946,9.5452],[80.1946,9.5449]]],[[[80.0947,9.5981],[80.1015,9.5947],[80.1045,9.5943],[80.099,9.5948],[80.0888,9.5988],[80.0907,9.5992],[80.0947,9.5981]],[[80.0939,9.5975],[80.0947,9.5977],[80.0929,9.5981],[80.0939,9.5975]],[[80.0976,9.5961],[80.0976,9.5963],[80.0974,9.5963],[80.0976,9.5961]],[[80.0981,9.5955],[80.0977,9.5957],[80.0976,9.5956],[80.0981,9.5955]]],[[[80.0776,9.6028],[80.087,9.5986],[80.0728,9.6045],[80.0678,9.6099],[80.0776,9.6028]]],[[[80.0823,9.61],[80.0843,9.609],[80.076,9.6117],[80.0823,9.61]]],[[[80.1569,9.4549],[80.1574,9.455],[80.1572,9.4549],[80.1569,9.4549]]],[[[80.1568,9.4485],[80.1564,9.448],[80.1561,9.4485],[80.1568,9.4485]]],[[[80.1562,9.4494],[80.1565,9.4503],[80.1571,9.4498],[80.1562,9.4494]]],[[[80.1792,9.2283],[80.149,9.2111],[80.1187,9.2117],[80.1207,9.2602],[80.11,9.2752],[80.122,9.2999],[80.0906,9.3262],[80.0706,9.3256],[80.0619,9.3349],[80.0544,9.392],[80.1472,9.4376],[80.1664,9.4579],[80.1696,9.4658],[80.1823,9.473],[80.1858,9.4866],[80.1655,9.5166],[80.1335,9.5469],[80.0519,9.5988],[80.0609,9.6115],[80.0643,9.6006],[80.0756,9.6011],[80.1001,9.5851],[80.103,9.5898],[80.1142,9.5745],[80.1204,9.5778],[80.1272,9.5774],[80.1392,9.5606],[80.17,9.5436],[80.1936,9.5426],[80.1955,9.5457],[80.1965,9.5526],[80.1963,9.5375],[80.2198,9.5281],[80.2203,9.5365],[80.2294,9.5294],[80.2322,9.5337],[80.2307,9.5286],[80.2456,9.5175],[80.2601,9.5092],[80.2551,9.5134],[80.2644,9.5136],[80.2845,9.4958],[80.2822,9.4969],[80.2828,9.4957],[80.2785,9.4931],[80.2685,9.4984],[80.2605,9.4993],[80.259,9.498],[80.2591,9.4988],[80.2559,9.5014],[80.2516,9.5028],[80.2483,9.5063],[80.2489,9.4961],[80.2585,9.4867],[80.2779,9.4757],[80.2656,9.4772],[80.2576,9.4717],[80.251,9.4744],[80.2498,9.4689],[80.2796,9.4554],[80.3058,9.4552],[80.2954,9.4377],[80.3006,9.4297],[80.2938,9.4235],[80.2919,9.3958],[80.296,9.3947],[80.2727,9.3785],[80.2451,9.3727],[80.2179,9.3819],[80.2073,9.3764],[80.2108,9.3685],[80.2018,9.3344],[80.1745,9.2913],[80.1792,9.2283]]],[[[80.2889,9.4584],[80.2888,9.4585],[80.2889,9.4592],[80.2889,9.4584]]],[[[80.2631,9.4666],[80.2643,9.465],[80.2644,9.4638],[80.2638,9.4632],[80.2591,9.4668],[80.2631,9.4666]]],[[[80.2695,9.4668],[80.2715,9.4663],[80.2694,9.4663],[80.2685,9.4668],[80.2695,9.4668]]],[[[80.2728,9.4684],[80.273,9.4685],[80.273,9.4683],[80.2728,9.4684]]],[[[80.2759,9.4656],[80.2744,9.4663],[80.2749,9.4662],[80.2759,9.4656]]],[[[80.2872,9.464],[80.2873,9.4642],[80.2875,9.4642],[80.2872,9.464]]],[[[80.2864,9.4642],[80.2864,9.4646],[80.2867,9.4645],[80.2864,9.4642]]],[[[80.292,9.4651],[80.2922,9.4654],[80.2923,9.4653],[80.292,9.4651]]],[[[80.295,9.4673],[80.2938,9.4678],[80.295,9.4689],[80.295,9.4673]]],[[[80.2899,9.4675],[80.2899,9.4677],[80.2902,9.4677],[80.2899,9.4675]]],[[[80.2869,9.4679],[80.2862,9.4668],[80.2864,9.468],[80.2869,9.4679]]],[[[80.2755,9.467],[80.2756,9.4674],[80.2764,9.4663],[80.2755,9.467]]],[[[80.2751,9.4674],[80.2742,9.4675],[80.2743,9.4682],[80.2751,9.4674]]],[[[80.2805,9.4606],[80.2802,9.4604],[80.28,9.4606],[80.2801,9.4608],[80.2805,9.4606]]],[[[80.2828,9.4595],[80.2823,9.4591],[80.2814,9.4592],[80.2809,9.4596],[80.2828,9.4595]]],[[[80.2933,9.4603],[80.2928,9.4603],[80.2931,9.4604],[80.2933,9.4603]]],[[[80.2915,9.4609],[80.2926,9.4603],[80.292,9.4602],[80.2915,9.4609]]],[[[80.2853,9.4618],[80.2851,9.4622],[80.2852,9.4625],[80.2853,9.4618]]],[[[80.2877,9.4612],[80.2882,9.4629],[80.2887,9.4627],[80.2877,9.4612]]],[[[80.2796,9.4627],[80.2792,9.4621],[80.2785,9.4619],[80.2781,9.462],[80.2783,9.4643],[80.2789,9.4656],[80.2793,9.466],[80.2801,9.4634],[80.2796,9.4627]],[[80.2791,9.4631],[80.2783,9.4621],[80.2796,9.4627],[80.2791,9.4631]]],[[[80.2873,9.4632],[80.2875,9.4636],[80.2877,9.463],[80.2873,9.4632]]],[[[80.2907,9.4668],[80.2913,9.4679],[80.2933,9.4665],[80.2902,9.465],[80.2904,9.4597],[80.2887,9.4679],[80.2907,9.4668]]],[[[80.286,9.4658],[80.2849,9.4626],[80.2839,9.465],[80.286,9.4658]]],[[[80.2942,9.4701],[80.2936,9.4683],[80.2894,9.4701],[80.2942,9.4701]]],[[[80.2534,9.4705],[80.2533,9.471],[80.2536,9.4708],[80.2534,9.4705]]],[[[80.2692,9.4669],[80.2658,9.4693],[80.2693,9.4691],[80.2692,9.4669]]],[[[80.2732,9.4683],[80.2732,9.4696],[80.2739,9.4691],[80.2732,9.4683]]],[[[80.2746,9.469],[80.2739,9.4687],[80.2755,9.4701],[80.2746,9.469]]],[[[80.2594,9.4707],[80.2586,9.4706],[80.2583,9.4707],[80.2594,9.4707]]],[[[80.2748,9.4707],[80.2735,9.4698],[80.2722,9.4709],[80.2748,9.4707]]],[[[80.2594,9.4722],[80.2599,9.4723],[80.26,9.472],[80.2594,9.4722]]],[[[80.2572,9.4715],[80.2569,9.4714],[80.2554,9.4721],[80.2538,9.4731],[80.2572,9.4715]]],[[[80.2589,9.4717],[80.2591,9.4718],[80.2592,9.4714],[80.2589,9.4717]]],[[[80.2578,9.4714],[80.2584,9.4718],[80.2582,9.4715],[80.2578,9.4714]]],[[[80.2764,9.4729],[80.2759,9.4739],[80.2761,9.4739],[80.2764,9.4729]]],[[[80.2695,9.4759],[80.2698,9.4766],[80.2701,9.4763],[80.2695,9.4759]]],[[[80.2823,9.4777],[80.283,9.4766],[80.281,9.4778],[80.2823,9.4777]]],[[[80.2868,9.4754],[80.2829,9.4742],[80.2817,9.4742],[80.2801,9.4746],[80.2868,9.4754]]],[[[80.2779,9.4778],[80.2779,9.478],[80.2782,9.478],[80.2779,9.4778]]],[[[80.2668,9.4866],[80.267,9.4868],[80.2679,9.4861],[80.2668,9.4866]]],[[[80.2655,9.4842],[80.266,9.4845],[80.2662,9.484],[80.2655,9.4842]]],[[[80.2674,9.4845],[80.2678,9.4842],[80.2662,9.4833],[80.2668,9.4849],[80.2674,9.4845]]],[[[80.2632,9.4875],[80.2635,9.4876],[80.2636,9.4872],[80.2632,9.4875]]],[[[80.261,9.4878],[80.2618,9.488],[80.2617,9.4878],[80.261,9.4878]]],[[[80.2772,9.493],[80.2773,9.4932],[80.2773,9.493],[80.2772,9.493]]],[[[80.2544,9.4912],[80.255,9.4913],[80.255,9.4911],[80.2544,9.4912]]],[[[80.2605,9.4946],[80.261,9.4947],[80.261,9.4946],[80.2605,9.4946]]],[[[80.2572,9.4936],[80.2581,9.4946],[80.2597,9.4936],[80.2555,9.4912],[80.2572,9.4936]]],[[[80.2613,9.495],[80.2618,9.4952],[80.2617,9.4949],[80.2613,9.495]]],[[[80.265,9.4949],[80.2621,9.4948],[80.2632,9.4961],[80.265,9.4949]]],[[[80.262,9.4958],[80.2622,9.4959],[80.2621,9.4957],[80.262,9.4958]]],[[[80.2521,9.4969],[80.2523,9.4979],[80.2528,9.4968],[80.2521,9.4969]]],[[[80.2641,9.498],[80.2645,9.4983],[80.2645,9.4982],[80.2641,9.498]]],[[[80.2607,9.4967],[80.2603,9.4968],[80.2608,9.4973],[80.2607,9.4967]]],[[[80.2609,9.4975],[80.2597,9.4975],[80.2604,9.4983],[80.2609,9.4975]]],[[[80.2571,9.49],[80.2565,9.4902],[80.2572,9.4906],[80.2571,9.49]]],[[[80.2569,9.4908],[80.2552,9.4905],[80.2552,9.4909],[80.2569,9.4908]]],[[[80.2789,9.4896],[80.2654,9.4954],[80.2796,9.4918],[80.2836,9.4956],[80.2815,9.4933],[80.2811,9.4918],[80.283,9.4941],[80.2875,9.4967],[80.2789,9.4896]]],[[[80.2574,9.491],[80.2567,9.4913],[80.2574,9.4918],[80.2574,9.491]]],[[[80.2576,9.4909],[80.2588,9.4922],[80.2588,9.4912],[80.2576,9.4909]]],[[[80.2618,9.4983],[80.2616,9.4986],[80.2622,9.4987],[80.2618,9.4983]]],[[[80.2567,9.4985],[80.2573,9.499],[80.2573,9.4985],[80.2567,9.4985]]],[[[80.2576,9.4992],[80.2578,9.4993],[80.2579,9.4989],[80.2576,9.4992]]]]}},{"type":"Feature","properties":{"ds_code":"MN1","ds_division":"Madhu","district":"Mannar","province":"Northern"},"geometry":{"type":"Polygon","coordinates":[[[80.2352,8.6804],[80.1454,8.6574],[80.141,8.7379],[80.0971,8.7485],[80.0933,8.768],[80.0826,8.7676],[80.082,8.7827],[80.0938,8.7896],[80.1016,8.8061],[80.0902,8.8154],[80.0823,8.8135],[80.0865,8.8245],[80.0813,8.8266],[80.0804,8.849],[80.1414,8.8522],[80.1362,8.9038],[80.1427,8.9375],[80.1742,8.9449],[80.1746,8.9503],[80.3386,8.9597],[80.3723,8.9452],[80.3797,8.9366],[80.4007,8.8601],[80.3869,8.8468],[80.2972,8.82],[80.2283,8.8269],[80.1991,8.7654],[80.181,8.7733],[80.1689,8.7524],[80.2352,8.6804]]]}},{"type":"Feature","properties":{"ds_code":"VA3","ds_division":"Vavuniya South","district":"Vavuniya","province":"Northern"},"geometry":{"type":"MultiPolygon","coordinates":[[[[80.3811,8.5884],[80.3788,8.5805],[80.3465,8.5663],[80.3502,8.5921],[80.3695,8.5956],[80.3811,8.5884]]],[[[80.3881,8.6253],[80.3722,8.623],[80.3735,8.6276],[80.3841,8.6341],[80.3881,8.6253]]],[[[80.5068,8.804],[80.5045,8.7912],[80.4929,8.803],[80.5068,8.804]]],[[[80.3968,8.6486],[80.4025,8.656],[80.3807,8.658],[80.3857,8.6726],[80.3598,8.6717],[80.3639,8.6852],[80.3531,8.6936],[80.3757,8.7008],[80.3737,8.7071],[80.387,8.7258],[80.3997,8.7256],[80.4095,8.7146],[80.4132,8.6898],[80.4497,8.7033],[80.4583,8.7149],[80.4717,8.7164],[80.4747,8.7249],[80.4897,8.7208],[80.5028,8.7255],[80.4997,8.7043],[80.4874,8.6932],[80.495,8.6829],[80.5044,8.6878],[80.5119,8.6834],[80.525,8.6665],[80.5201,8.6589],[80.506,8.6581],[80.4501,8.6932],[80.4243,8.674],[80.422,8.6624],[80.4097,8.6595],[80.4032,8.6434],[80.3968,8.6486]],[[80.395,8.6926],[80.4073,8.7014],[80.4024,8.7081],[80.3908,8.6994],[80.395,8.6926]]],[[[80.3693,8.7361],[80.3614,8.7287],[80.3656,8.7196],[80.3568,8.7192],[80.3506,8.7096],[80.3424,8.7157],[80.3451,8.7346],[80.3657,8.7412],[80.3693,8.7361]]],[[[80.5889,8.7229],[80.5715,8.7176],[80.5687,8.7001],[80.553,8.6959],[80.5286,8.7082],[80.5303,8.7153],[80.5195,8.7259],[80.5273,8.7298],[80.5243,8.7493],[80.5163,8.7565],[80.5312,8.7734],[80.5426,8.7687],[80.5536,8.8035],[80.5372,8.8058],[80.5405,8.778],[80.5286,8.7795],[80.5175,8.7942],[80.5182,8.8061],[80.5054,8.8101],[80.5061,8.8243],[80.5246,8.8222],[80.5211,8.8069],[80.5365,8.8064],[80.5304,8.8215],[80.5465,8.8247],[80.5622,8.8078],[80.5655,8.8161],[80.587,8.8067],[80.5998,8.827],[80.6109,8.8334],[80.6316,8.8283],[80.6521,8.7933],[80.6344,8.7813],[80.6177,8.7528],[80.6019,8.7457],[80.5889,8.7229]]]]}},{"type":"Feature","properties":{"ds_code":"MN5","ds_division":"Nanaddan","district":"Mannar","province":"Northern"},"geometry":{"type":"MultiPolygon","coordinates":[[[[79.9158,8.8104],[79.9158,8.8125],[79.9166,8.8105],[79.9158,8.8104]]],[[[79.9205,8.8115],[79.9201,8.8118],[79.921,8.812],[79.9205,8.8115]]],[[[79.92,8.8093],[79.9196,8.8102],[79.9203,8.8099],[79.92,8.8093]]],[[[79.9191,8.8101],[79.9194,8.8096],[79.9185,8.8095],[79.9181,8.8103],[79.9191,8.8101]]],[[[79.917,8.8125],[79.9178,8.8112],[79.9168,8.8114],[79.917,8.8125]]],[[[79.9184,8.818],[79.9177,8.82],[79.9199,8.8183],[79.9184,8.818]]],[[[79.9164,8.8202],[79.9171,8.8205],[79.9179,8.8183],[79.9158,8.8184],[79.9164,8.8202]]],[[[79.9187,8.8203],[79.9183,8.821],[79.9191,8.8211],[79.9187,8.8203]]],[[[79.9176,8.821],[79.9173,8.8223],[79.9178,8.8233],[79.9176,8.821]]],[[[79.9181,8.8231],[79.9187,8.8234],[79.9183,8.8222],[79.9181,8.8231]]],[[[79.9281,8.9002],[79.9281,8.9003],[79.9282,8.9003],[79.9281,8.9002]]],[[[79.9136,8.9235],[79.9135,8.9238],[79.9138,8.9238],[79.9136,8.9235]]],[[[79.9146,8.9246],[79.9138,8.9261],[79.9141,8.9259],[79.9146,8.9246]]],[[[79.9018,8.9421],[79.9019,8.9426],[79.9024,8.9422],[79.9018,8.9421]]],[[[79.9282,8.9083],[79.9285,8.9092],[79.9292,8.9084],[79.9282,8.9083]]],[[[79.9258,8.9115],[79.9249,8.9072],[79.9216,8.913],[79.9182,8.916],[79.9167,8.9213],[79.9258,8.9115]]],[[[79.9091,8.9346],[79.9111,8.926],[79.9136,8.9235],[79.9151,8.922],[79.9159,8.9188],[79.9182,8.916],[79.9217,8.9117],[79.9255,8.9023],[79.8903,8.9542],[79.8897,8.9554],[79.89,8.9574],[79.9044,8.9374],[79.9091,8.9346]]],[[[80.1016,8.8061],[80.0938,8.7896],[80.0819,8.7827],[80.0753,8.7875],[80.0345,8.7857],[80.0311,8.7993],[79.9811,8.7919],[79.9582,8.8066],[79.9235,8.7968],[79.9203,8.7998],[79.9162,8.8088],[79.9213,8.807],[79.9219,8.8116],[79.9211,8.8121],[79.9189,8.8129],[79.9164,8.8132],[79.9131,8.8205],[79.9169,8.8145],[79.9203,8.818],[79.923,8.8327],[79.9204,8.8393],[79.9171,8.8295],[79.9295,8.8737],[79.926,8.9023],[79.9285,8.8971],[79.9331,8.8983],[79.927,8.9009],[79.9323,8.9019],[79.9301,8.9118],[79.9218,8.9176],[79.9188,8.9346],[79.9114,8.9384],[79.9133,8.9365],[79.9116,8.9278],[79.9126,8.9269],[79.913,8.9249],[79.9167,8.923],[79.9158,8.9219],[79.9156,8.9234],[79.9128,8.9247],[79.9113,8.9277],[79.9104,8.9321],[79.911,8.9392],[79.914,8.9413],[79.9058,8.9391],[79.9046,8.9482],[79.91,8.9451],[79.9342,8.9245],[79.9449,8.9188],[79.9527,8.9099],[79.9403,8.9022],[79.9469,8.8901],[79.9414,8.8829],[79.9567,8.8768],[79.9566,8.8703],[79.9689,8.8681],[79.9731,8.8756],[80.0057,8.8686],[80.0152,8.8652],[80.0252,8.8449],[80.0291,8.8483],[80.0536,8.8373],[80.0673,8.8487],[80.0804,8.8484],[80.0813,8.8266],[80.0865,8.8245],[80.0814,8.8156],[80.1016,8.8061]]],[[[79.9168,8.8252],[79.9172,8.826],[79.9171,8.828],[79.9173,8.8283],[79.9174,8.8259],[79.9168,8.8252]]],[[[79.9171,8.8217],[79.9163,8.8226],[79.9173,8.8241],[79.9171,8.8217]]],[[[79.9183,8.8283],[79.9181,8.8284],[79.9183,8.8285],[79.9183,8.8283]]],[[[79.9194,8.8314],[79.9188,8.83],[79.9194,8.833],[79.9194,8.8314]]],[[[79.9183,8.8273],[79.9188,8.8284],[79.9195,8.8275],[79.9183,8.8273]]],[[[79.919,8.8326],[79.9189,8.8322],[79.9186,8.8332],[79.919,8.8326]]]]}},{"type":"Feature","properties":{"ds_code":"JA10","ds_division":"Vadamaradchi North(point Pedro)","district":"Jaffna","province":"Northern"},"geometry":{"type":"Polygon","coordinates":[[[80.1292,9.8098],[80.1396,9.8253],[80.1694,9.8249],[80.2135,9.8358],[80.2517,9.8258],[80.2713,9.7858],[80.2472,9.7674],[80.2191,9.7904],[80.226,9.8002],[80.218,9.8033],[80.2206,9.8156],[80.2052,9.8219],[80.1977,9.8138],[80.1611,9.8211],[80.1361,9.8022],[80.1292,9.8098]]]}},{"type":"Feature","properties":{"ds_code":"JA2","ds_division":"Islands North(kayts)","district":"Jaffna","province":"Northern"},"geometry":{"type":"MultiPolygon","coordinates":[[[[79.8585,9.6398],[79.8578,9.6394],[79.8574,9.6401],[79.8585,9.6398]]],[[[79.8603,9.6409],[79.8602,9.6404],[79.8572,9.6418],[79.8603,9.6409]]],[[[79.7748,9.6441],[79.7636,9.6582],[79.7828,9.6872],[79.787,9.6658],[79.7748,9.6441]]],[[[79.8728,9.6348],[79.8689,9.639],[79.8644,9.6581],[79.8441,9.6833],[79.8504,9.6917],[79.8411,9.7032],[79.8586,9.705],[79.8725,9.693],[79.8854,9.6997],[79.8996,9.6844],[79.9004,9.6785],[79.8849,9.6676],[79.8871,9.6564],[79.8728,9.6348]]],[[[79.7911,9.685],[79.7927,9.6892],[79.7936,9.6884],[79.7935,9.6783],[79.7911,9.685]]],[[[79.8099,9.6868],[79.8076,9.6955],[79.8143,9.7161],[79.8099,9.6868]]]]}},{"type":"Feature","properties":{"ds_code":"AN2","ds_division":"Galnewa","district":"Anuradhapura","province":"North Central"},"geometry":{"type":"Polygon","coordinates":[[[80.4485,7.9547],[80.4349,7.9461],[80.4177,7.9496],[80.4261,7.9639],[80.4154,8.0064],[80.4198,8.0431],[80.4052,8.0562],[80.3928,8.0482],[80.3697,8.0575],[80.3603,8.0703],[80.366,8.0772],[80.3758,8.0754],[80.3762,8.0862],[80.3835,8.0829],[80.3841,8.0899],[80.4016,8.083],[80.409,8.0887],[80.4496,8.0795],[80.4612,8.0739],[80.4657,8.0627],[80.4879,8.0523],[80.4962,8.0351],[80.5079,8.0288],[80.5169,8.0055],[80.497,7.9825],[80.4941,7.9483],[80.474,7.9511],[80.4581,7.9454],[80.4485,7.9547]]]}},{"type":"Feature","properties":{"ds_code":"PO4","ds_division":"Lankapura","district":"Polonnaruwa","province":"North Central"},"geometry":{"type":"Polygon","coordinates":[[[81.1339,7.9787],[81.1039,7.9742],[81.0918,7.9804],[81.0928,7.9861],[81.1009,7.9849],[81.1013,7.9864],[81.0942,8.0052],[81.0658,7.9916],[81.0299,8.0102],[81.0269,8.0258],[81.0136,8.0252],[81.0151,8.0477],[80.999,8.0504],[81.0067,8.0654],[81.0261,8.0692],[81.0181,8.0751],[81.0204,8.0883],[81.0133,8.0983],[81.034,8.1074],[81.0475,8.0992],[81.0777,8.0984],[81.0914,8.104],[81.0897,8.085],[81.1095,8.0803],[81.1195,8.0932],[81.1199,8.1052],[81.1293,8.1098],[81.126,8.1185],[81.1351,8.1355],[81.1639,8.1344],[81.1739,8.1496],[81.1826,8.1507],[81.1908,8.1325],[81.1829,8.128],[81.1886,8.1226],[81.1758,8.106],[81.1702,8.0819],[81.1637,8.0849],[81.1633,8.0758],[81.1557,8.0766],[81.148,8.0618],[81.1482,8.0426],[81.1404,8.0254],[81.1492,8.0177],[81.1348,7.9994],[81.1339,7.9787]]]}},{"type":"Feature","properties":{"ds_code":"AN6","ds_division":"Kebithigollewa","district":"Anuradhapura","province":"North Central"},"geometry":{"type":"Polygon","coordinates":[[[80.6769,8.55],[80.6542,8.5572],[80.6416,8.5874],[80.6255,8.5917],[80.6434,8.6226],[80.6196,8.6261],[80.6126,8.6398],[80.5992,8.6474],[80.583,8.6924],[80.5688,8.7002],[80.5715,8.7176],[80.59,8.7236],[80.6019,8.7457],[80.6169,8.7519],[80.6248,8.77],[80.6524,8.7947],[80.6253,8.8386],[80.5918,8.8474],[80.5963,8.8699],[80.6708,8.871],[80.6881,8.8398],[80.7296,8.8112],[80.7162,8.8049],[80.7292,8.8021],[80.7351,8.7915],[80.728,8.7785],[80.7358,8.7714],[80.7477,8.7937],[80.7482,8.7872],[80.7545,8.7913],[80.7559,8.7849],[80.7694,8.7957],[80.7698,8.7851],[80.7791,8.7923],[80.7802,8.7558],[80.7898,8.7707],[80.7901,8.787],[80.7967,8.789],[80.7906,8.8023],[80.807,8.8016],[80.8059,8.7889],[80.8268,8.7925],[80.8366,8.8059],[80.8589,8.8116],[80.8761,8.8261],[80.9135,8.8271],[80.8836,8.7876],[80.8803,8.7506],[80.8616,8.7608],[80.8515,8.7566],[80.8324,8.7386],[80.8255,8.7392],[80.8254,8.7263],[80.8047,8.717],[80.8079,8.7011],[80.7853,8.6833],[80.7875,8.6418],[80.7705,8.6196],[80.7464,8.6081],[80.7221,8.5791],[80.6769,8.55]]]}},{"type":"Feature","properties":{"ds_code":"PO2","ds_division":"Elahera","district":"Polonnaruwa","province":"North Central"},"geometry":{"type":"Polygon","coordinates":[[[80.8778,7.6815],[80.8698,7.6896],[80.8535,7.6889],[80.8524,7.7018],[80.8376,7.6806],[80.8084,7.6712],[80.8044,7.6791],[80.7801,7.6784],[80.7608,7.6951],[80.7712,7.692],[80.774,7.7062],[80.7634,7.7345],[80.7657,7.7856],[80.7615,7.792],[80.7686,7.802],[80.7963,7.8043],[80.7934,7.8185],[80.8031,7.8218],[80.8058,7.8308],[80.8177,7.9245],[80.8324,7.9549],[80.8527,7.9626],[80.8326,7.9707],[80.8435,7.9859],[80.8701,7.9824],[80.8671,7.9756],[80.8834,7.9517],[80.9039,7.9538],[80.9065,7.9594],[80.9161,7.9506],[80.9044,7.8303],[80.8778,7.6815]]]}},{"type":"Feature","properties":{"ds_code":"AN5","ds_division":"Kahatagasdigiliya","district":"Anuradhapura","province":"North Central"},"geometry":{"type":"Polygon","coordinates":[[[80.6569,8.3306],[80.6425,8.3399],[80.6169,8.3393],[80.6137,8.3644],[80.6306,8.368],[80.6311,8.3869],[80.6226,8.3892],[80.6042,8.3811],[80.6042,8.3976],[80.5969,8.3998],[80.6017,8.4232],[80.6218,8.4344],[80.6213,8.4536],[80.6511,8.4522],[80.6788,8.4751],[80.676,8.4885],[80.6552,8.5002],[80.6596,8.5187],[80.6682,8.5268],[80.6602,8.5534],[80.6769,8.55],[80.7126,8.5719],[80.7214,8.5679],[80.7218,8.5596],[80.7066,8.5323],[80.7167,8.5188],[80.7446,8.5147],[80.7365,8.4862],[80.7784,8.4731],[80.8018,8.4857],[80.8062,8.4578],[80.7981,8.4511],[80.8065,8.4432],[80.805,8.4267],[80.7857,8.4099],[80.812,8.3909],[80.8152,8.3785],[80.825,8.3729],[80.8091,8.349],[80.8074,8.3292],[80.7721,8.3282],[80.769,8.3486],[80.7535,8.3498],[80.7528,8.3335],[80.7504,8.3439],[80.7152,8.3531],[80.6882,8.327],[80.6848,8.3377],[80.6674,8.3515],[80.6569,8.3306]]]}},{"type":"Feature","properties":{"ds_code":"PO1","ds_division":"Dimbulagala","district":"Polonnaruwa","province":"North Central"},"geometry":{"type":"Polygon","coordinates":[[[81.0563,7.7223],[81.0384,7.7032],[81.0349,7.7186],[81.0308,7.715],[81.03,7.7185],[81.0284,7.7203],[81.0212,7.712],[81.008,7.73],[81.0036,7.7237],[80.9881,7.7255],[80.9832,7.8149],[80.9886,7.8239],[81.0019,7.8247],[81.0227,7.8498],[81.0592,7.8498],[81.0641,7.8776],[81.0864,7.9027],[81.0907,7.921],[81.1182,7.9481],[81.1236,7.9746],[81.1339,7.9787],[81.1357,7.9702],[81.1282,7.961],[81.1344,7.9426],[81.1264,7.9303],[81.1305,7.9186],[81.146,7.9075],[81.1511,7.8915],[81.1589,7.8841],[81.1657,7.8894],[81.1637,7.8587],[81.178,7.8715],[81.216,7.8722],[81.2375,7.9046],[81.2366,7.8871],[81.2279,7.876],[81.2322,7.8434],[81.2248,7.821],[81.2273,7.7772],[81.2378,7.7601],[81.2404,7.7404],[81.2342,7.7228],[81.2411,7.7152],[81.241,7.6814],[81.2238,7.6736],[81.2209,7.6528],[81.2118,7.6527],[81.2129,7.6412],[81.1948,7.6577],[81.1903,7.651],[81.1771,7.6673],[81.179,7.6534],[81.1715,7.6525],[81.1718,7.6435],[81.1642,7.6483],[81.1522,7.6428],[81.1472,7.6577],[81.1364,7.6543],[81.1169,7.6646],[81.1012,7.663],[81.1044,7.6766],[81.0967,7.6849],[81.1098,7.694],[81.1062,7.7218],[81.0862,7.7285],[81.0754,7.7163],[81.0664,7.7174],[81.0511,7.7369],[81.0563,7.7223]]]}},{"type":"Feature","properties":{"ds_code":"AN19","ds_division":"Rambewa","district":"Anuradhapura","province":"North Central"},"geometry":{"type":"Polygon","coordinates":[[[80.4593,8.4014],[80.4504,8.4415],[80.4337,8.45],[80.4085,8.4489],[80.4046,8.4648],[80.3983,8.4677],[80.4022,8.4762],[80.3932,8.5059],[80.396,8.5216],[80.4585,8.4904],[80.4737,8.4974],[80.4767,8.5053],[80.5001,8.5114],[80.5191,8.5096],[80.542,8.4905],[80.5665,8.4933],[80.5753,8.5005],[80.5868,8.4983],[80.5986,8.5146],[80.5942,8.5318],[80.6005,8.5578],[80.6262,8.5881],[80.6416,8.5874],[80.6682,8.5273],[80.6552,8.5002],[80.676,8.4885],[80.6764,8.4713],[80.6511,8.4522],[80.6213,8.4536],[80.6218,8.4344],[80.6017,8.4232],[80.6036,8.4163],[80.5917,8.3972],[80.5579,8.3953],[80.5504,8.4038],[80.5471,8.3972],[80.5448,8.4064],[80.5386,8.3955],[80.5231,8.4231],[80.5105,8.4179],[80.4917,8.4332],[80.4862,8.4299],[80.4854,8.4151],[80.4593,8.4014]]]}},{"type":"Feature","properties":{"ds_code":"PO6","ds_division":"Thamankaduwa","district":"Polonnaruwa","province":"North Central"},"geometry":{"type":"Polygon","coordinates":[[[80.9801,7.7159],[80.9282,7.7086],[80.9052,7.7162],[80.8829,7.7154],[80.8919,7.7433],[80.9153,7.9404],[80.9334,7.9477],[80.938,7.9557],[80.9527,7.9569],[80.9626,7.9758],[80.9903,7.9943],[80.9847,8.0058],[81.0004,8.0121],[81.0103,8.0266],[81.0224,8.0278],[81.0294,8.0222],[81.0299,8.0102],[81.0627,7.9922],[81.0942,8.0052],[81.1013,7.9864],[81.0928,7.9861],[81.0922,7.9797],[81.1039,7.9742],[81.1253,7.9755],[81.1249,7.9679],[81.1091,7.9342],[81.0907,7.921],[81.0864,7.9027],[81.0623,7.8746],[81.0592,7.8498],[81.0227,7.8498],[81.0019,7.8247],[80.9886,7.8239],[80.9843,7.8174],[80.9881,7.7255],[80.9801,7.7159]]]}},{"type":"Feature","properties":{"ds_code":"AN7","ds_division":"Kekirawa","district":"Anuradhapura","province":"North Central"},"geometry":{"type":"Polygon","coordinates":[[[80.6322,7.9002],[80.6112,7.9403],[80.5968,7.93],[80.5989,7.9361],[80.5924,7.9359],[80.5883,7.9582],[80.5841,7.9494],[80.5653,7.9466],[80.5441,7.9684],[80.5578,7.9726],[80.5487,7.9782],[80.5549,7.9799],[80.5534,7.9889],[80.5479,7.9877],[80.5389,7.9995],[80.5369,8.0325],[80.5454,8.0259],[80.5499,8.0318],[80.5326,8.0633],[80.5432,8.0708],[80.5685,8.0638],[80.5827,8.0681],[80.5759,8.0924],[80.5634,8.1062],[80.5627,8.1211],[80.5548,8.1217],[80.5497,8.1306],[80.5515,8.1529],[80.5854,8.1759],[80.5877,8.141],[80.602,8.1286],[80.6131,8.1281],[80.6229,8.1115],[80.629,8.1109],[80.6412,8.1209],[80.6404,8.1419],[80.6569,8.1355],[80.6624,8.155],[80.6556,8.1685],[80.6629,8.1911],[80.6756,8.1953],[80.6801,8.2107],[80.6896,8.2111],[80.7177,8.1923],[80.7234,8.1735],[80.7293,8.1767],[80.7365,8.1681],[80.7297,8.1317],[80.7048,8.1213],[80.6918,8.1085],[80.6659,8.1096],[80.6746,8.0933],[80.6649,8.0851],[80.6652,8.0688],[80.6512,8.0641],[80.6625,8.0527],[80.6666,8.0378],[80.6625,8.0025],[80.6688,7.9934],[80.6568,7.9904],[80.6617,7.9648],[80.6526,7.9437],[80.6539,7.9138],[80.6322,7.9002]]]}},{"type":"Feature","properties":{"ds_code":"AN4","ds_division":"Ipalogama","district":"Anuradhapura","province":"North Central"},"geometry":{"type":"Polygon","coordinates":[[[80.5414,7.9953],[80.5252,7.9943],[80.5079,8.0288],[80.4962,8.0351],[80.4879,8.0523],[80.4657,8.0627],[80.4612,8.0739],[80.4496,8.0795],[80.4124,8.0863],[80.4126,8.0941],[80.4344,8.0989],[80.4376,8.1091],[80.4721,8.1164],[80.4604,8.1301],[80.474,8.1394],[80.4981,8.1399],[80.4989,8.1478],[80.5149,8.1525],[80.5288,8.1477],[80.5326,8.126],[80.5499,8.1306],[80.5548,8.1217],[80.5627,8.1211],[80.5634,8.1062],[80.5759,8.0924],[80.5827,8.0681],[80.5685,8.0638],[80.5432,8.0708],[80.5332,8.0648],[80.5499,8.0318],[80.5454,8.0259],[80.537,8.0329],[80.5414,7.9953]]]}},{"type":"Feature","properties":{"ds_code":"AN13","ds_division":"Nuwaragam Palatha Central","district":"Anuradhapura","province":"North Central"},"geometry":{"type":"Polygon","coordinates":[[[80.3852,8.3113],[80.3743,8.3155],[80.3712,8.3355],[80.3683,8.3254],[80.3357,8.3051],[80.3376,8.2979],[80.3549,8.2981],[80.3608,8.2869],[80.3421,8.2758],[80.3152,8.2924],[80.3006,8.2959],[80.2873,8.2912],[80.2811,8.3304],[80.2742,8.3333],[80.2697,8.356],[80.2758,8.3666],[80.2717,8.3658],[80.2663,8.3863],[80.2945,8.4101],[80.2777,8.4254],[80.2902,8.4389],[80.2762,8.4572],[80.3058,8.5037],[80.2833,8.5252],[80.2829,8.55],[80.2899,8.5606],[80.3048,8.5587],[80.3172,8.5481],[80.3425,8.5474],[80.3813,8.5201],[80.396,8.5216],[80.3932,8.5059],[80.4022,8.4762],[80.3983,8.4677],[80.4046,8.4648],[80.4085,8.4489],[80.4337,8.45],[80.4515,8.44],[80.463,8.3912],[80.4566,8.374],[80.4492,8.362],[80.4412,8.3666],[80.4317,8.354],[80.409,8.352],[80.3852,8.3113]]]}},{"type":"Feature","properties":{"ds_code":"AN21","ds_division":"Thambuththegama","district":"Anuradhapura","province":"North Central"},"geometry":{"type":"Polygon","coordinates":[[[80.3758,8.0754],[80.366,8.0772],[80.361,8.0672],[80.3093,8.1183],[80.2683,8.1188],[80.2726,8.1243],[80.2573,8.1345],[80.2731,8.1359],[80.2724,8.1583],[80.2649,8.1734],[80.2511,8.1762],[80.2642,8.1813],[80.2701,8.1985],[80.3048,8.2109],[80.3225,8.2274],[80.3486,8.2227],[80.3448,8.2028],[80.3603,8.1782],[80.3572,8.1684],[80.348,8.164],[80.3489,8.1565],[80.345,8.1623],[80.335,8.156],[80.3448,8.1417],[80.3344,8.1225],[80.3853,8.0851],[80.3762,8.0862],[80.3758,8.0754]]]}},{"type":"Feature","properties":{"ds_code":"AN16","ds_division":"Palagala","district":"Anuradhapura","province":"North Central"},"geometry":{"type":"Polygon","coordinates":[[[80.6004,7.8555],[80.5908,7.8674],[80.5744,7.8691],[80.5638,7.8487],[80.5261,7.8271],[80.5021,7.8271],[80.5013,7.8169],[80.4838,7.8235],[80.4786,7.8421],[80.4688,7.85],[80.4799,7.881],[80.4646,7.9095],[80.4604,7.9468],[80.4941,7.9483],[80.497,7.9825],[80.5088,7.9905],[80.5118,8.0028],[80.5169,8.0055],[80.5314,7.9916],[80.5421,7.9953],[80.5533,7.989],[80.5549,7.9799],[80.5487,7.9782],[80.5572,7.971],[80.5441,7.9684],[80.565,7.9467],[80.5841,7.9494],[80.5883,7.9582],[80.5874,7.947],[80.5924,7.9359],[80.5995,7.9352],[80.5968,7.93],[80.6115,7.94],[80.6387,7.8909],[80.6232,7.8838],[80.6235,7.8699],[80.6004,7.8555]]]}},{"type":"Feature","properties":{"ds_code":"AN17","ds_division":"Palugaswewa","district":"Anuradhapura","province":"North Central"},"geometry":{"type":"Polygon","coordinates":[[[80.7639,8.0191],[80.7556,8.0115],[80.7053,7.9906],[80.6818,7.9556],[80.6594,7.9588],[80.6568,7.9904],[80.6688,7.9934],[80.6625,8.0025],[80.6666,8.0378],[80.6625,8.0527],[80.6512,8.0641],[80.6652,8.0688],[80.6649,8.0851],[80.6746,8.0933],[80.6659,8.1096],[80.6918,8.1085],[80.7048,8.1213],[80.7297,8.1317],[80.7363,8.17],[80.7284,8.177],[80.7234,8.1735],[80.7171,8.1927],[80.7317,8.19],[80.7348,8.1985],[80.7385,8.1936],[80.743,8.197],[80.7339,8.2061],[80.7411,8.2166],[80.7485,8.2131],[80.7526,8.2223],[80.7895,8.2304],[80.7865,8.2044],[80.7602,8.151],[80.757,8.0701],[80.7765,8.0683],[80.7573,8.0368],[80.7639,8.0191]]]}},{"type":"Feature","properties":{"ds_code":"AN8","ds_division":"Mahawilachchiya","district":"Anuradhapura","province":"North Central"},"geometry":{"type":"Polygon","coordinates":[[[80.2302,8.4123],[80.2215,8.3873],[80.2142,8.3829],[80.1888,8.3913],[80.1729,8.3891],[80.1576,8.423],[80.1573,8.4401],[80.1291,8.4381],[80.1269,8.4949],[80.0931,8.4935],[80.0525,8.5223],[80.056,8.6394],[80.044,8.6746],[80.0794,8.6545],[80.1149,8.6496],[80.2352,8.6804],[80.236,8.6292],[80.2498,8.6152],[80.2587,8.6181],[80.2746,8.6097],[80.2879,8.5606],[80.2838,8.5236],[80.3058,8.5037],[80.2762,8.4572],[80.2902,8.4389],[80.2777,8.4254],[80.2945,8.4101],[80.2834,8.405],[80.2768,8.3904],[80.263,8.3844],[80.245,8.4107],[80.2302,8.4123]]]}},{"type":"Feature","properties":{"ds_code":"AN20","ds_division":"Thalawa","district":"Anuradhapura","province":"North Central"},"geometry":{"type":"Polygon","coordinates":[[[80.4344,8.0989],[80.4158,8.0977],[80.4008,8.083],[80.3604,8.1022],[80.3344,8.1225],[80.3448,8.1417],[80.335,8.156],[80.345,8.1623],[80.3489,8.1565],[80.348,8.164],[80.3572,8.1684],[80.3603,8.1782],[80.3448,8.2028],[80.3483,8.2229],[80.3225,8.2274],[80.3066,8.2139],[80.2966,8.2191],[80.2978,8.2257],[80.2876,8.2224],[80.2833,8.238],[80.2891,8.2463],[80.2815,8.2622],[80.2881,8.2854],[80.2947,8.2836],[80.2977,8.2949],[80.3156,8.2923],[80.3387,8.2757],[80.3543,8.2807],[80.3592,8.2649],[80.3732,8.2539],[80.3827,8.2616],[80.3971,8.259],[80.3773,8.2335],[80.3878,8.2309],[80.3822,8.2219],[80.3988,8.2206],[80.4064,8.2081],[80.408,8.1871],[80.4005,8.1766],[80.4026,8.1675],[80.4055,8.1796],[80.4296,8.2094],[80.4333,8.2013],[80.4356,8.2109],[80.4472,8.2056],[80.4462,8.1955],[80.4523,8.2016],[80.472,8.1981],[80.4607,8.184],[80.4682,8.1621],[80.4569,8.1585],[80.4575,8.1409],[80.4846,8.1449],[80.4914,8.1395],[80.4775,8.1409],[80.4604,8.1301],[80.4721,8.1164],[80.4663,8.1192],[80.4597,8.11],[80.4341,8.1058],[80.4344,8.0989]]]}},{"type":"Feature","properties":{"ds_code":"PO7","ds_division":"Welikanda","district":"Polonnaruwa","province":"North Central"},"geometry":{"type":"Polygon","coordinates":[[[81.3288,7.934],[81.3066,7.9366],[81.2895,7.9477],[81.2747,7.9373],[81.2569,7.9384],[81.2371,7.9216],[81.235,7.9023],[81.2219,7.8762],[81.2102,7.8705],[81.178,7.8715],[81.1637,7.8587],[81.1657,7.8894],[81.1589,7.8841],[81.1511,7.8915],[81.146,7.9075],[81.1305,7.9186],[81.1264,7.9303],[81.1344,7.9427],[81.1282,7.961],[81.1357,7.9702],[81.1331,8.0024],[81.1492,8.0177],[81.1404,8.0254],[81.1482,8.0426],[81.148,8.0618],[81.1557,8.0766],[81.1633,8.0758],[81.1637,8.0849],[81.1702,8.0819],[81.1758,8.106],[81.1886,8.1226],[81.1829,8.128],[81.1907,8.132],[81.1857,8.147],[81.2314,8.1557],[81.2341,8.1744],[81.2431,8.1802],[81.2377,8.1963],[81.2432,8.196],[81.252,8.2112],[81.2498,8.226],[81.2688,8.2344],[81.2665,8.2422],[81.2732,8.2413],[81.287,8.2617],[81.3142,8.2483],[81.3066,8.0292],[81.3346,7.9702],[81.3401,7.9411],[81.3288,7.934]]]}},{"type":"Feature","properties":{"ds_code":"AN11","ds_division":"Nachchaduwa","district":"Anuradhapura","province":"North Central"},"geometry":{"type":"Polygon","coordinates":[[[80.4714,8.2046],[80.4483,8.2266],[80.4355,8.2108],[80.4349,8.2011],[80.4297,8.2095],[80.4178,8.1984],[80.4026,8.1675],[80.4064,8.2081],[80.3988,8.2206],[80.3822,8.2219],[80.3878,8.2309],[80.3773,8.2334],[80.3773,8.2335],[80.3974,8.2586],[80.368,8.2575],[80.3583,8.2666],[80.3543,8.2807],[80.3616,8.2831],[80.3553,8.2977],[80.3376,8.2979],[80.3354,8.3049],[80.3514,8.316],[80.3908,8.3141],[80.3942,8.2991],[80.4164,8.2865],[80.4245,8.2714],[80.433,8.2742],[80.4366,8.2675],[80.4545,8.262],[80.4936,8.2716],[80.4882,8.2519],[80.4989,8.2594],[80.5014,8.251],[80.51,8.2531],[80.5193,8.2399],[80.5127,8.2329],[80.5021,8.2423],[80.4988,8.2354],[80.4899,8.2431],[80.4929,8.226],[80.4714,8.2046]]]}},{"type":"Feature","properties":{"ds_code":"AN12","ds_division":"Nochchiyagama","district":"Anuradhapura","province":"North Central"},"geometry":{"type":"Polygon","coordinates":[[[80.1393,8.2336],[80.1263,8.22],[80.1141,8.2266],[80.1252,8.2364],[80.1045,8.227],[80.0852,8.233],[80.0786,8.2234],[80.0637,8.2191],[80.0374,8.2365],[80.0236,8.2247],[80.0,8.2278],[79.9964,8.2537],[79.9826,8.2777],[79.9748,8.3384],[79.9518,8.3698],[79.9554,8.395],[79.9813,8.3996],[79.9913,8.4158],[79.9889,8.4219],[80.0199,8.4454],[80.0431,8.4983],[80.033,8.5264],[80.0518,8.5251],[80.0931,8.4935],[80.1269,8.4949],[80.1291,8.4381],[80.1573,8.4401],[80.1576,8.423],[80.1729,8.3891],[80.1888,8.3913],[80.2142,8.3829],[80.2215,8.3873],[80.2302,8.4123],[80.2483,8.4077],[80.2628,8.3847],[80.2705,8.3834],[80.2717,8.3658],[80.2758,8.3666],[80.2696,8.3574],[80.2742,8.3333],[80.2811,8.3304],[80.2873,8.2912],[80.2956,8.2923],[80.2815,8.2622],[80.2891,8.2463],[80.2833,8.238],[80.2876,8.2224],[80.2978,8.2257],[80.2966,8.2191],[80.3065,8.2139],[80.312,8.2209],[80.3048,8.2109],[80.2701,8.1985],[80.2627,8.1798],[80.2481,8.1768],[80.2359,8.1829],[80.2244,8.1781],[80.2248,8.189],[80.2184,8.1851],[80.2028,8.2067],[80.1826,8.1929],[80.1718,8.2063],[80.1773,8.2103],[80.17,8.2281],[80.1424,8.2374],[80.1418,8.2488],[80.1305,8.2373],[80.1393,8.2336]]]}},{"type":"Feature","properties":{"ds_code":"AN22","ds_division":"Thirappane","district":"Anuradhapura","province":"North Central"},"geometry":{"type":"Polygon","coordinates":[[[80.4997,8.1484],[80.4935,8.1387],[80.4846,8.1449],[80.4583,8.1398],[80.4569,8.1585],[80.4682,8.1621],[80.4607,8.184],[80.472,8.1981],[80.4523,8.2016],[80.4462,8.1955],[80.4472,8.2056],[80.4356,8.2109],[80.4483,8.2266],[80.4714,8.2046],[80.4928,8.2255],[80.49,8.2431],[80.5145,8.2335],[80.5184,8.2448],[80.51,8.2531],[80.5014,8.251],[80.4989,8.2594],[80.4883,8.2519],[80.4945,8.2702],[80.4843,8.2718],[80.5005,8.2875],[80.5101,8.288],[80.5207,8.279],[80.5284,8.2913],[80.576,8.2701],[80.5757,8.2884],[80.5851,8.2937],[80.5896,8.2869],[80.6118,8.2825],[80.6224,8.2918],[80.621,8.3071],[80.6377,8.2984],[80.646,8.2693],[80.6349,8.2669],[80.6275,8.2507],[80.6,8.2473],[80.6002,8.23],[80.6152,8.2128],[80.6108,8.1958],[80.6416,8.1836],[80.6381,8.1644],[80.6552,8.1646],[80.6624,8.155],[80.6569,8.1355],[80.6404,8.1419],[80.6401,8.1183],[80.6229,8.1115],[80.6131,8.1281],[80.602,8.1286],[80.5877,8.141],[80.5853,8.1759],[80.5499,8.1512],[80.5497,8.1306],[80.5406,8.1266],[80.5326,8.126],[80.5288,8.1477],[80.4997,8.1484]]]}},{"type":"Feature","properties":{"ds_code":"AN9","ds_division":"Medawachchiya","district":"Anuradhapura","province":"North Central"},"geometry":{"type":"Polygon","coordinates":[[[80.597,8.5094],[80.5868,8.4983],[80.5753,8.5005],[80.5665,8.4933],[80.542,8.4905],[80.5191,8.5096],[80.5001,8.5114],[80.4767,8.5053],[80.4737,8.4974],[80.4585,8.4904],[80.4429,8.4957],[80.4329,8.5069],[80.3697,8.526],[80.3398,8.5526],[80.3527,8.5724],[80.3788,8.5805],[80.3799,8.6211],[80.3992,8.634],[80.4097,8.6595],[80.422,8.6624],[80.4243,8.674],[80.4479,8.692],[80.506,8.6581],[80.5192,8.6586],[80.5299,8.674],[80.5472,8.6822],[80.5538,8.6967],[80.5699,8.7004],[80.5852,8.6891],[80.5992,8.6474],[80.6126,8.6398],[80.6196,8.6261],[80.6437,8.6218],[80.6229,8.5825],[80.5956,8.5497],[80.597,8.5094]]]}},{"type":"Feature","properties":{"ds_code":"AN14","ds_division":"Nuwaragam Palatha East","district":"Anuradhapura","province":"North Central"},"geometry":{"type":"MultiPolygon","coordinates":[[[[80.3744,8.3162],[80.3514,8.316],[80.3683,8.3254],[80.3712,8.3355],[80.3744,8.3162]]],[[[80.4529,8.2621],[80.433,8.2742],[80.4245,8.2714],[80.4164,8.2865],[80.3942,8.2991],[80.391,8.322],[80.4111,8.3536],[80.4409,8.352],[80.4456,8.3392],[80.4333,8.3404],[80.4377,8.3357],[80.4564,8.3353],[80.4682,8.3431],[80.495,8.34],[80.5011,8.3328],[80.5004,8.2846],[80.47,8.2645],[80.4529,8.2621]]]]}},{"type":"Feature","properties":{"ds_code":"AN18","ds_division":"Rajanganaya","district":"Anuradhapura","province":"North Central"},"geometry":{"type":"Polygon","coordinates":[[[80.2573,8.1346],[80.2726,8.1243],[80.2683,8.1188],[80.2814,8.1192],[80.2671,8.1153],[80.2526,8.1327],[80.2138,8.1438],[80.2058,8.1535],[80.1874,8.1512],[80.1838,8.162],[80.1218,8.1809],[80.1,8.1981],[80.0957,8.2094],[80.0853,8.2117],[80.0798,8.2267],[80.0852,8.233],[80.1045,8.227],[80.1252,8.2364],[80.1141,8.2266],[80.1263,8.22],[80.1393,8.2336],[80.1305,8.2376],[80.1418,8.2488],[80.1424,8.2374],[80.17,8.2281],[80.1773,8.2103],[80.1718,8.2063],[80.1826,8.1929],[80.2028,8.2067],[80.2184,8.1851],[80.2248,8.189],[80.2228,8.1785],[80.2359,8.1829],[80.2649,8.1734],[80.2736,8.1388],[80.2573,8.1346]]]}},{"type":"Feature","properties":{"ds_code":"PO5","ds_division":"Medirigiriya","district":"Polonnaruwa","province":"North Central"},"geometry":{"type":"Polygon","coordinates":[[[80.9499,8.0744],[80.9346,8.0688],[80.9325,8.0879],[80.9382,8.1036],[80.9066,8.103],[80.9042,8.1177],[80.8776,8.1344],[80.8913,8.1448],[80.9083,8.1875],[80.9065,8.2029],[80.9203,8.2021],[80.9304,8.2097],[80.9368,8.2399],[80.9323,8.2489],[80.9544,8.3061],[80.9687,8.3172],[80.9806,8.3126],[80.9883,8.2727],[81.0391,8.2789],[81.0784,8.2727],[81.1087,8.2551],[81.1264,8.2637],[81.1417,8.2592],[81.1665,8.2333],[81.2026,8.2277],[81.2028,8.1834],[81.2131,8.1803],[81.2086,8.1665],[81.1851,8.1458],[81.1739,8.1496],[81.1639,8.1344],[81.1351,8.1355],[81.126,8.1185],[81.1293,8.1098],[81.1199,8.1052],[81.1195,8.0932],[81.1096,8.0803],[81.0897,8.085],[81.0914,8.104],[81.0734,8.098],[81.0586,8.1029],[81.0455,8.0994],[81.0377,8.1072],[81.0191,8.105],[81.013,8.096],[81.0204,8.0883],[81.0173,8.0748],[81.0034,8.0779],[80.9983,8.0879],[80.9787,8.0897],[80.9877,8.1075],[80.9779,8.1067],[80.9638,8.0908],[80.9484,8.0918],[80.9499,8.0744]]]}},{"type":"Feature","properties":{"ds_code":"AN10","ds_division":"Mihinthale","district":"Anuradhapura","province":"North Central"},"geometry":{"type":"Polygon","coordinates":[[[80.4564,8.3353],[80.4354,8.3363],[80.4334,8.3404],[80.4445,8.3374],[80.4445,8.3459],[80.4409,8.352],[80.4336,8.3502],[80.4311,8.3597],[80.4413,8.3666],[80.4512,8.3638],[80.463,8.3912],[80.4593,8.4014],[80.4738,8.4033],[80.4745,8.4125],[80.4854,8.4151],[80.4862,8.4299],[80.4917,8.4332],[80.5105,8.4179],[80.5231,8.4231],[80.5386,8.3955],[80.5448,8.4064],[80.5471,8.3972],[80.5504,8.4038],[80.5579,8.3953],[80.6041,8.3977],[80.6042,8.3811],[80.6281,8.389],[80.6306,8.368],[80.6137,8.3644],[80.6169,8.3393],[80.6425,8.3399],[80.6569,8.3306],[80.6551,8.3223],[80.6409,8.3254],[80.6289,8.3033],[80.621,8.3071],[80.6224,8.2918],[80.6143,8.2837],[80.5896,8.2869],[80.5866,8.2941],[80.576,8.2889],[80.576,8.2701],[80.5285,8.2913],[80.5207,8.279],[80.5101,8.288],[80.5005,8.2875],[80.5011,8.3328],[80.495,8.34],[80.4564,8.3353]]]}},{"type":"Feature","properties":{"ds_code":"AN15","ds_division":"Padaviya","district":"Anuradhapura","province":"North Central"},"geometry":{"type":"Polygon","coordinates":[[[80.8589,8.8116],[80.8366,8.8059],[80.8268,8.7925],[80.8059,8.7889],[80.807,8.8016],[80.7906,8.8023],[80.7967,8.789],[80.7901,8.787],[80.7898,8.7707],[80.7802,8.7558],[80.7791,8.7923],[80.7698,8.7851],[80.7694,8.7957],[80.7559,8.7849],[80.7545,8.7913],[80.7482,8.7872],[80.7477,8.7937],[80.7358,8.7714],[80.728,8.7785],[80.7351,8.7915],[80.7292,8.8021],[80.7162,8.8049],[80.7296,8.8112],[80.6881,8.8398],[80.6682,8.872],[80.7135,8.8995],[80.7543,8.9056],[80.7863,8.9216],[80.8077,8.9177],[80.885,8.8695],[80.9134,8.8299],[80.8707,8.8226],[80.8589,8.8116]]]}},{"type":"Feature","properties":{"ds_code":"AN3","ds_division":"Horowpathana","district":"Anuradhapura","province":"North Central"},"geometry":{"type":"Polygon","coordinates":[[[80.9268,8.3665],[80.9298,8.3505],[80.9412,8.3423],[80.9305,8.3456],[80.9116,8.3255],[80.9,8.2799],[80.8228,8.279],[80.8183,8.3013],[80.8036,8.2921],[80.8091,8.3047],[80.8091,8.349],[80.825,8.3729],[80.8152,8.3785],[80.812,8.3909],[80.7857,8.4099],[80.805,8.4267],[80.8065,8.4432],[80.7981,8.4511],[80.8062,8.4578],[80.8018,8.4857],[80.7784,8.4731],[80.7509,8.4783],[80.7358,8.4881],[80.7446,8.5147],[80.7167,8.5188],[80.7066,8.5323],[80.7218,8.5596],[80.7214,8.5679],[80.7126,8.5719],[80.7333,8.5865],[80.7464,8.6081],[80.7705,8.6196],[80.7875,8.6418],[80.7853,8.6833],[80.8079,8.7011],[80.8047,8.717],[80.8254,8.7263],[80.8257,8.7395],[80.8322,8.7385],[80.8373,8.7474],[80.8616,8.7608],[80.8925,8.7421],[80.8934,8.7167],[80.9124,8.6851],[80.9107,8.6679],[80.9012,8.6644],[80.8931,8.6459],[80.8941,8.6221],[80.9139,8.61],[80.9142,8.5898],[80.9468,8.5561],[80.9489,8.5081],[80.9653,8.4991],[80.9653,8.4874],[80.9934,8.4835],[80.9897,8.4689],[80.9749,8.4682],[80.9764,8.4611],[80.9588,8.4439],[80.9346,8.3986],[80.9268,8.3665]]]}},{"type":"Feature","properties":{"ds_code":"PO3","ds_division":"Higurakgoda","district":"Polonnaruwa","province":"North Central"},"geometry":{"type":"Polygon","coordinates":[[[80.9039,7.9538],[80.8834,7.9517],[80.8671,7.9756],[80.8701,7.9824],[80.8439,7.9859],[80.8326,7.9707],[80.8232,7.9703],[80.8139,7.9828],[80.8005,7.9768],[80.7996,7.9582],[80.7876,7.9613],[80.7776,7.9671],[80.7781,7.9968],[80.7595,8.0052],[80.7481,8.0227],[80.7603,8.0307],[80.7581,8.0438],[80.7706,8.0585],[80.7703,8.068],[80.757,8.0701],[80.7602,8.151],[80.7865,8.2044],[80.7951,8.2538],[80.8059,8.2789],[80.9,8.2799],[80.9116,8.3255],[80.9351,8.3456],[80.9519,8.3219],[80.9605,8.3251],[80.9687,8.3172],[80.9544,8.3061],[80.9323,8.2489],[80.9368,8.2399],[80.9304,8.2097],[80.9203,8.2021],[80.9065,8.2029],[80.9083,8.1875],[80.8913,8.1448],[80.8776,8.1344],[80.9042,8.1177],[80.9066,8.103],[80.9382,8.1036],[80.9325,8.0879],[80.9346,8.0688],[80.9499,8.0744],[80.9484,8.0918],[80.972,8.0943],[80.9806,8.1081],[80.9904,8.1054],[80.9804,8.0984],[80.9815,8.0873],[80.9983,8.0879],[81.0034,8.0779],[81.0261,8.0692],[81.0067,8.0654],[80.999,8.0504],[81.0151,8.0477],[81.0155,8.0309],[81.0004,8.0121],[80.9847,8.0058],[80.9903,7.9943],[80.9626,7.9758],[80.953,7.9571],[80.938,7.9557],[80.915,7.9395],[80.9158,7.9524],[80.9065,7.9594],[80.9039,7.9538]]]}},{"type":"Feature","properties":{"ds_code":"AN1","ds_division":"Galenbidunuwewa","district":"Anuradhapura","province":"North Central"},"geometry":{"type":"Polygon","coordinates":[[[80.771,8.2247],[80.7526,8.2223],[80.7485,8.2131],[80.7411,8.2166],[80.7339,8.2061],[80.7441,8.1985],[80.7385,8.1936],[80.7348,8.1985],[80.7317,8.19],[80.7087,8.194],[80.6941,8.2095],[80.6814,8.2116],[80.6756,8.1953],[80.6625,8.1904],[80.6555,8.1645],[80.6381,8.1644],[80.6418,8.1834],[80.6098,8.1972],[80.6152,8.2128],[80.6003,8.2294],[80.6,8.2473],[80.6275,8.2507],[80.6349,8.2669],[80.646,8.2693],[80.6452,8.2855],[80.629,8.3058],[80.6409,8.3254],[80.6551,8.3223],[80.6642,8.3509],[80.6911,8.3268],[80.7152,8.3531],[80.7504,8.3439],[80.7528,8.3335],[80.7509,8.3448],[80.7572,8.3504],[80.769,8.3486],[80.7721,8.3282],[80.8092,8.3288],[80.8036,8.2921],[80.8157,8.302],[80.821,8.2967],[80.8228,8.279],[80.8059,8.2789],[80.7895,8.2304],[80.7746,8.2306],[80.771,8.2247]]]}},{"type":"Feature","properties":{"ds_code":"BT3","ds_division":"Kattankudy","district":"Batticaloa","province":"Eastern"},"geometry":{"type":"Polygon","coordinates":[[[81.7353,7.6949],[81.7461,7.678],[81.7252,7.6729],[81.7227,7.6853],[81.7353,7.6949]]]}},{"type":"Feature","properties":{"ds_code":"TR5","ds_division":"Morawewa","district":"Trincomalee","province":"Eastern"},"geometry":{"type":"Polygon","coordinates":[[[81.054,8.7235],[81.0557,8.7332],[81.0626,8.7317],[81.1128,8.6559],[81.1234,8.6572],[81.1363,8.6433],[81.1381,8.629],[81.1264,8.5867],[81.1124,8.589],[81.091,8.6102],[81.073,8.6092],[81.0651,8.5917],[81.0228,8.5435],[80.9497,8.569],[80.9421,8.5601],[80.9137,8.5905],[80.9139,8.61],[80.8941,8.6221],[80.897,8.6335],[80.8912,8.6385],[80.8996,8.6621],[80.9103,8.6676],[80.9154,8.655],[80.9173,8.6667],[80.925,8.6676],[80.9289,8.6572],[80.9476,8.6489],[80.9954,8.6622],[81.0185,8.6398],[81.0311,8.6547],[81.0301,8.6975],[81.0396,8.7166],[81.054,8.7235]]]}},{"type":"Feature","properties":{"ds_code":"AM18","ds_division":"Tirukkovil","district":"Ampara","province":"Eastern"},"geometry":{"type":"Polygon","coordinates":[[[81.8582,7.1004],[81.8754,7.0313],[81.8407,7.0244],[81.8386,7.0366],[81.8238,7.0318],[81.8234,7.0418],[81.8163,7.0427],[81.7966,7.0361],[81.7805,7.0187],[81.685,7.0405],[81.6836,7.0632],[81.699,7.0723],[81.6951,7.0862],[81.7073,7.0891],[81.7336,7.133],[81.7544,7.1401],[81.7867,7.1277],[81.8029,7.1394],[81.8233,7.142],[81.8355,7.1369],[81.8273,7.1521],[81.829,7.1623],[81.8585,7.1854],[81.8582,7.1004]]]}},{"type":"Feature","properties":{"ds_code":"AM14","ds_division":"Padiyathalawa","district":"Ampara","province":"Eastern"},"geometry":{"type":"Polygon","coordinates":[[[81.2051,7.592],[81.2101,7.6112],[81.2219,7.5903],[81.2518,7.5926],[81.2613,7.5858],[81.3018,7.5228],[81.28,7.5109],[81.304,7.479],[81.3041,7.4559],[81.3222,7.4443],[81.3064,7.4186],[81.3124,7.4151],[81.3006,7.4028],[81.2881,7.406],[81.296,7.3918],[81.319,7.4019],[81.3274,7.3976],[81.3205,7.3891],[81.3254,7.3814],[81.3652,7.3572],[81.3671,7.3435],[81.3574,7.3387],[81.3316,7.3339],[81.3206,7.3382],[81.3162,7.3167],[81.3245,7.2983],[81.3171,7.2782],[81.3215,7.2652],[81.2855,7.2423],[81.2632,7.3119],[81.2377,7.3429],[81.2206,7.3326],[81.1946,7.3761],[81.2023,7.3914],[81.183,7.4425],[81.1992,7.4696],[81.2068,7.538],[81.205,7.558],[81.1893,7.5728],[81.2051,7.592]]]}},{"type":"Feature","properties":{"ds_code":"AM16","ds_division":"Sainthamaruthu","district":"Ampara","province":"Eastern"},"geometry":{"type":"Polygon","coordinates":[[[81.8429,7.4009],[81.846,7.3896],[81.8204,7.3831],[81.8221,7.3955],[81.8429,7.4009]]]}},{"type":"Feature","properties":{"ds_code":"AM6","ds_division":"Dehiattakandiya","district":"Ampara","province":"Eastern"},"geometry":{"type":"Polygon","coordinates":[[[81.0664,7.7174],[81.0754,7.7163],[81.0862,7.7285],[81.1062,7.7218],[81.1098,7.694],[81.0967,7.6849],[81.1044,7.6766],[81.104,7.6605],[81.1169,7.6646],[81.1364,7.6543],[81.1472,7.6577],[81.1519,7.6429],[81.1642,7.6483],[81.1718,7.6435],[81.1715,7.6525],[81.179,7.6534],[81.1775,7.6673],[81.1903,7.651],[81.1948,7.6577],[81.2146,7.6424],[81.2056,7.6213],[81.2107,7.6068],[81.1933,7.576],[81.1331,7.5577],[81.0778,7.5109],[81.0452,7.5041],[81.0385,7.506],[81.029,7.5363],[81.0144,7.5513],[81.0144,7.594],[80.9859,7.6097],[80.9795,7.6216],[80.9967,7.6597],[80.988,7.6887],[80.9924,7.6981],[80.9881,7.7255],[81.0036,7.7237],[81.008,7.73],[81.0212,7.712],[81.0284,7.7203],[81.0308,7.715],[81.0349,7.7186],[81.0384,7.7032],[81.0563,7.7223],[81.0531,7.7367],[81.0664,7.7174]]]}},{"type":"Feature","properties":{"ds_code":"TR6","ds_division":"Muthur","district":"Trincomalee","province":"Eastern"},"geometry":{"type":"Polygon","coordinates":[[[81.3727,8.4096],[81.3631,8.4063],[81.3539,8.4157],[81.3386,8.4042],[81.3126,8.4032],[81.3034,8.3681],[81.2788,8.3349],[81.2697,8.338],[81.2761,8.3642],[81.264,8.3605],[81.2578,8.369],[81.2453,8.3604],[81.2291,8.3629],[81.2548,8.3783],[81.2542,8.4046],[81.2355,8.4126],[81.2352,8.4105],[81.2178,8.4012],[81.2109,8.4035],[81.2185,8.4094],[81.2107,8.4225],[81.2242,8.4234],[81.2159,8.4309],[81.2242,8.4497],[81.2208,8.458],[81.2787,8.4653],[81.2881,8.4855],[81.2804,8.5072],[81.3019,8.5093],[81.3188,8.5255],[81.3535,8.4957],[81.3727,8.4096]]]}},{"type":"Feature","properties":{"ds_code":"TR9","ds_division":"Thambalagamuwa","district":"Trincomalee","province":"Eastern"},"geometry":{"type":"Polygon","coordinates":[[[80.9497,8.569],[81.0228,8.5435],[81.0651,8.5917],[81.073,8.6092],[81.091,8.6102],[81.1124,8.589],[81.1264,8.5867],[81.1152,8.5409],[81.1329,8.5126],[81.1205,8.5049],[81.128,8.4931],[81.1404,8.4912],[81.1406,8.4816],[81.1067,8.4613],[81.0937,8.41],[81.0737,8.4153],[81.0564,8.4108],[81.0507,8.4236],[81.0298,8.439],[80.9625,8.4492],[80.9764,8.4611],[80.9755,8.4689],[80.9897,8.4689],[80.9934,8.4835],[80.9653,8.4874],[80.9653,8.4991],[80.9489,8.5081],[80.9488,8.5463],[80.9421,8.5601],[80.9497,8.569]]]}},{"type":"Feature","properties":{"ds_code":"AM19","ds_division":"Uhana","district":"Ampara","province":"Eastern"},"geometry":{"type":"Polygon","coordinates":[[[81.5239,7.508],[81.6174,7.5076],[81.6502,7.5235],[81.6479,7.5037],[81.6613,7.4702],[81.6571,7.4544],[81.6629,7.453],[81.664,7.3994],[81.674,7.414],[81.7058,7.4342],[81.7191,7.4308],[81.7259,7.4172],[81.7359,7.4133],[81.7351,7.3979],[81.7447,7.39],[81.7317,7.3764],[81.7312,7.3628],[81.7403,7.3495],[81.7363,7.342],[81.7169,7.3281],[81.7164,7.3179],[81.7098,7.3203],[81.7083,7.3146],[81.6936,7.3102],[81.6783,7.3298],[81.6461,7.3205],[81.6227,7.3039],[81.6314,7.2898],[81.6229,7.2904],[81.6201,7.2754],[81.6126,7.2745],[81.5955,7.288],[81.5683,7.2883],[81.5566,7.3065],[81.5453,7.3023],[81.5211,7.3218],[81.4811,7.3211],[81.4787,7.3249],[81.4912,7.3357],[81.4726,7.3935],[81.478,7.4219],[81.4622,7.428],[81.4828,7.4571],[81.4945,7.5136],[81.5239,7.508]]]}},{"type":"Feature","properties":{"ds_code":"AM11","ds_division":"Mahaoya","district":"Ampara","province":"Eastern"},"geometry":{"type":"Polygon","coordinates":[[[81.254,7.7302],[81.2634,7.7354],[81.3219,7.7346],[81.3672,7.6661],[81.4449,7.6415],[81.4481,7.6193],[81.4326,7.571],[81.4514,7.5422],[81.5004,7.5182],[81.4943,7.5131],[81.4827,7.4569],[81.4551,7.4589],[81.4381,7.4438],[81.4071,7.4317],[81.4061,7.4159],[81.3868,7.4068],[81.3747,7.4094],[81.3741,7.3956],[81.3865,7.3696],[81.3741,7.3576],[81.3446,7.3667],[81.3254,7.3814],[81.3205,7.3891],[81.3274,7.3976],[81.319,7.4019],[81.296,7.3918],[81.2926,7.3963],[81.2881,7.406],[81.3006,7.4028],[81.3124,7.4151],[81.3064,7.4186],[81.3222,7.4434],[81.3041,7.4559],[81.304,7.479],[81.2798,7.5114],[81.3018,7.5228],[81.2613,7.5858],[81.2518,7.5926],[81.2219,7.5903],[81.2057,7.6202],[81.216,7.6451],[81.2118,7.6527],[81.2209,7.6528],[81.2234,7.6731],[81.241,7.6814],[81.2411,7.7152],[81.2342,7.7228],[81.2404,7.7395],[81.254,7.7302]]]}},{"type":"Feature","properties":{"ds_code":"AM9","ds_division":"Karaitivu","district":"Ampara","province":"Eastern"},"geometry":{"type":"Polygon","coordinates":[[[81.846,7.3896],[81.8546,7.3649],[81.8154,7.361],[81.8204,7.3831],[81.846,7.3896]]]}},{"type":"Feature","properties":{"ds_code":"TR4","ds_division":"Kuchchaweli","district":"Trincomalee","province":"Eastern"},"geometry":{"type":"Polygon","coordinates":[[[80.9976,8.9407],[81.0076,8.9385],[81.0403,8.8793],[81.0664,8.8574],[81.0797,8.8687],[81.0775,8.8624],[81.0854,8.8602],[81.0938,8.8315],[81.1177,8.7946],[81.1393,8.7701],[81.1479,8.7684],[81.159,8.7472],[81.1747,8.7334],[81.2175,8.6583],[81.1854,8.6262],[81.1745,8.6477],[81.1648,8.6518],[81.1558,8.6491],[81.1532,8.6358],[81.1379,8.628],[81.1363,8.6433],[81.1234,8.6572],[81.1128,8.6559],[81.0597,8.7336],[81.0668,8.743],[81.0607,8.756],[81.0108,8.8057],[81.0096,8.8197],[80.9703,8.8282],[80.971,8.8363],[80.953,8.8523],[80.9473,8.868],[80.9316,8.8553],[80.9046,8.9045],[80.9143,8.9122],[80.9042,8.9068],[80.896,8.9111],[80.89,8.9484],[80.8964,8.9503],[80.8891,8.9555],[80.8986,8.9673],[80.8903,8.9778],[80.9239,8.9884],[80.9676,8.9847],[80.9976,8.9407]]]}},{"type":"Feature","properties":{"ds_code":"AM5","ds_division":"Damana","district":"Ampara","province":"Eastern"},"geometry":{"type":"Polygon","coordinates":[[[81.6958,7.2776],[81.6916,7.2585],[81.6976,7.2495],[81.678,7.237],[81.6885,7.2368],[81.6845,7.2259],[81.6951,7.2206],[81.7027,7.193],[81.7438,7.1962],[81.7567,7.1732],[81.7445,7.1643],[81.7523,7.1383],[81.731,7.1306],[81.7073,7.0891],[81.6951,7.0862],[81.699,7.0723],[81.6836,7.0632],[81.6894,6.9675],[81.6178,6.9811],[81.6219,6.9982],[81.615,7.0029],[81.6076,7.0288],[81.619,7.0492],[81.6136,7.0676],[81.5204,7.0988],[81.5117,7.1176],[81.514,7.1366],[81.501,7.1499],[81.5119,7.1815],[81.5415,7.214],[81.6005,7.2346],[81.616,7.2264],[81.6487,7.2705],[81.6958,7.2776]]]}},{"type":"Feature","properties":{"ds_code":"TR7","ds_division":"Padavi Sri Pura","district":"Trincomalee","province":"Eastern"},"geometry":{"type":"Polygon","coordinates":[[[80.89,8.9761],[80.8982,8.9629],[80.8891,8.9555],[80.8964,8.9503],[80.89,8.9484],[80.8956,8.9119],[80.9042,8.9068],[80.9143,8.9122],[80.9046,8.9045],[80.9338,8.8532],[80.9209,8.8484],[80.922,8.8415],[80.9126,8.8326],[80.885,8.8695],[80.8298,8.8999],[80.8118,8.9164],[80.7863,8.9216],[80.7551,8.9058],[80.7618,8.9361],[80.7756,8.9472],[80.8333,8.9606],[80.8655,8.9586],[80.8962,8.9807],[80.89,8.9761]]]}},{"type":"Feature","properties":{"ds_code":"TR3","ds_division":"Kinniya","district":"Trincomalee","province":"Eastern"},"geometry":{"type":"Polygon","coordinates":[[[81.1707,8.514],[81.1904,8.5058],[81.2022,8.4721],[81.2305,8.4605],[81.2203,8.4572],[81.2242,8.4497],[81.217,8.4397],[81.2163,8.4294],[81.224,8.4223],[81.2098,8.4207],[81.2185,8.4098],[81.2106,8.4043],[81.2184,8.404],[81.214,8.3881],[81.2191,8.383],[81.2109,8.3828],[81.2082,8.3683],[81.1941,8.3754],[81.1809,8.3688],[81.16,8.3739],[81.1523,8.3832],[81.1311,8.3796],[81.1079,8.3974],[81.112,8.4114],[81.0925,8.4108],[81.1067,8.4613],[81.1312,8.4785],[81.1383,8.4769],[81.1395,8.492],[81.1496,8.5074],[81.1707,8.514]]]}},{"type":"Feature","properties":{"ds_code":"AM3","ds_division":"Alayadivembu","district":"Ampara","province":"Eastern"},"geometry":{"type":"Polygon","coordinates":[[[81.8401,7.222],[81.8622,7.2095],[81.8619,7.1858],[81.829,7.1623],[81.8273,7.1521],[81.8355,7.1369],[81.8233,7.142],[81.8029,7.1394],[81.7867,7.1277],[81.7524,7.1389],[81.7445,7.1643],[81.7654,7.1782],[81.7737,7.2064],[81.8026,7.2126],[81.8215,7.1984],[81.829,7.2177],[81.8401,7.222]]]}},{"type":"Feature","properties":{"ds_code":"TR1","ds_division":"Gomarankadawala","district":"Trincomalee","province":"Eastern"},"geometry":{"type":"Polygon","coordinates":[[[80.922,8.8415],[80.9209,8.8484],[80.9314,8.8492],[80.9473,8.868],[80.953,8.8523],[80.971,8.8363],[80.9701,8.8284],[81.0096,8.8197],[81.0108,8.8057],[81.0607,8.756],[81.0668,8.743],[81.0552,8.7327],[81.0538,8.7233],[81.0338,8.712],[81.0314,8.6562],[81.0185,8.6398],[80.9954,8.6622],[80.9578,8.6492],[80.9289,8.6572],[80.9228,8.6681],[80.9164,8.6655],[80.9161,8.6555],[80.9105,8.6592],[80.9116,8.6883],[80.8934,8.7167],[80.8925,8.7421],[80.8794,8.7524],[80.8836,8.7876],[80.9123,8.823],[80.9126,8.8326],[80.922,8.8415]]]}},{"type":"Feature","properties":{"ds_code":"AM13","ds_division":"Nintavur","district":"Ampara","province":"Eastern"},"geometry":{"type":"Polygon","coordinates":[[[81.8608,7.3467],[81.867,7.3005],[81.8554,7.305],[81.8338,7.2904],[81.8139,7.2931],[81.8208,7.3607],[81.8508,7.364],[81.8608,7.3467]]]}},{"type":"Feature","properties":{"ds_code":"AM15","ds_division":"Pottuvil","district":"Ampara","province":"Eastern"},"geometry":{"type":"Polygon","coordinates":[[[81.8386,7.0366],[81.8407,7.0244],[81.8754,7.0313],[81.8791,7.0224],[81.844,6.9072],[81.8463,6.8717],[81.8333,6.8568],[81.8321,6.8433],[81.8404,6.8367],[81.8262,6.8228],[81.8249,6.8098],[81.7791,6.8228],[81.7604,6.8386],[81.7653,6.8828],[81.759,6.91],[81.733,6.9588],[81.6894,6.9675],[81.6843,7.0406],[81.7805,7.0187],[81.7966,7.0361],[81.8135,7.0423],[81.8234,7.0418],[81.8239,7.032],[81.8386,7.0366]]]}},{"type":"Feature","properties":{"ds_code":"TR10","ds_division":"Town & Gravets","district":"Trincomalee","province":"Eastern"},"geometry":{"type":"Polygon","coordinates":[[[81.227,8.6288],[81.2193,8.6205],[81.22,8.6087],[81.233,8.5801],[81.2406,8.5763],[81.246,8.5826],[81.2389,8.5704],[81.2465,8.5595],[81.246,8.5463],[81.2273,8.5356],[81.2323,8.5474],[81.2218,8.5443],[81.2331,8.5656],[81.2242,8.5759],[81.2075,8.5654],[81.2199,8.5844],[81.2027,8.5681],[81.2002,8.5789],[81.2005,8.5724],[81.1923,8.5716],[81.2004,8.5632],[81.1917,8.5631],[81.1918,8.5558],[81.2064,8.554],[81.1916,8.5443],[81.2027,8.5426],[81.1983,8.537],[81.2053,8.5357],[81.2004,8.5307],[81.2077,8.53],[81.2129,8.5092],[81.1975,8.5059],[81.1858,8.512],[81.1848,8.5361],[81.1796,8.536],[81.1776,8.5258],[81.1527,8.5464],[81.1494,8.532],[81.1313,8.5134],[81.1157,8.5388],[81.1149,8.5553],[81.1379,8.628],[81.1532,8.6358],[81.1586,8.6508],[81.1745,8.6477],[81.1854,8.6262],[81.2019,8.6372],[81.2169,8.6549],[81.2164,8.6623],[81.2259,8.6502],[81.227,8.6288]]]}},{"type":"Feature","properties":{"ds_code":"BT1","ds_division":"Eravur Pattu","district":"Batticaloa","province":"Eastern"},"geometry":{"type":"Polygon","coordinates":[[[81.5669,7.8259],[81.5646,7.8336],[81.5791,7.8486],[81.6051,7.8242],[81.6202,7.8287],[81.6478,7.783],[81.6363,7.7657],[81.6535,7.7573],[81.6384,7.7477],[81.612,7.7681],[81.6168,7.7764],[81.6038,7.7844],[81.596,7.7597],[81.5855,7.7555],[81.5882,7.7497],[81.5801,7.7437],[81.5796,7.7288],[81.5664,7.7208],[81.5548,7.6798],[81.5165,7.6439],[81.5221,7.6316],[81.5168,7.6257],[81.5131,7.5769],[81.5173,7.5545],[81.5076,7.5346],[81.5493,7.535],[81.5472,7.5078],[81.4967,7.5127],[81.5004,7.5182],[81.4896,7.5261],[81.4506,7.5431],[81.4317,7.574],[81.4481,7.6193],[81.4449,7.6415],[81.3672,7.6661],[81.3219,7.7346],[81.2635,7.7354],[81.2517,7.7305],[81.2368,7.7471],[81.2357,7.7575],[81.244,7.7619],[81.3627,7.7706],[81.3994,7.7675],[81.4081,7.7756],[81.407,7.788],[81.4398,7.7801],[81.4526,7.7831],[81.4789,7.8183],[81.5052,7.8065],[81.5283,7.8221],[81.5405,7.8173],[81.5487,7.8243],[81.5669,7.8259]]]}},{"type":"Feature","properties":{"ds_code":"AM7","ds_division":"Irakkamam","district":"Ampara","province":"Eastern"},"geometry":{"type":"Polygon","coordinates":[[[81.7558,7.2901],[81.7756,7.2977],[81.7813,7.2904],[81.775,7.2787],[81.7584,7.27],[81.7526,7.256],[81.7577,7.2216],[81.7489,7.2178],[81.7448,7.1984],[81.7246,7.1917],[81.7119,7.1964],[81.712,7.1898],[81.7027,7.193],[81.6951,7.2206],[81.6845,7.2259],[81.6885,7.2368],[81.678,7.237],[81.6976,7.2495],[81.6916,7.2585],[81.6958,7.2776],[81.7177,7.2768],[81.7372,7.2673],[81.7517,7.2774],[81.7558,7.2901]]]}},{"type":"Feature","properties":{"ds_code":"AM1","ds_division":"Addalaichenai","district":"Ampara","province":"Eastern"},"geometry":{"type":"Polygon","coordinates":[[[81.8338,7.2904],[81.8554,7.305],[81.867,7.3005],[81.8699,7.2752],[81.8632,7.2348],[81.8006,7.2426],[81.781,7.2282],[81.7677,7.23],[81.7573,7.2217],[81.7526,7.256],[81.7587,7.2703],[81.7767,7.2814],[81.7813,7.2902],[81.7756,7.2977],[81.7944,7.2871],[81.8001,7.2938],[81.8338,7.2904]]]}},{"type":"Feature","properties":{"ds_code":"TR11","ds_division":"Verugal","district":"Trincomalee","province":"Eastern"},"geometry":{"type":"Polygon","coordinates":[[[81.3539,8.4157],[81.3631,8.4063],[81.3727,8.4096],[81.3824,8.3733],[81.3929,8.3595],[81.388,8.338],[81.4034,8.2685],[81.4005,8.249],[81.3937,8.2512],[81.3927,8.2616],[81.3858,8.2534],[81.3547,8.2574],[81.3541,8.2688],[81.3246,8.263],[81.3228,8.2946],[81.3335,8.3075],[81.3473,8.3126],[81.3438,8.3212],[81.3515,8.3758],[81.3621,8.3715],[81.3386,8.4042],[81.3539,8.4157]]]}},{"type":"Feature","properties":{"ds_code":"TR2","ds_division":"Kantale","district":"Trincomalee","province":"Eastern"},"geometry":{"type":"Polygon","coordinates":[[[81.0298,8.439],[81.0507,8.4236],[81.0564,8.4108],[81.0737,8.4153],[81.0899,8.4088],[81.112,8.4114],[81.1079,8.3974],[81.1311,8.3796],[81.1523,8.3832],[81.1571,8.3747],[81.1809,8.3688],[81.1941,8.3754],[81.2092,8.3694],[81.1938,8.3523],[81.1916,8.3373],[81.1693,8.3304],[81.1718,8.3076],[81.1603,8.2988],[81.1686,8.2871],[81.1664,8.2688],[81.1796,8.2582],[81.1711,8.2537],[81.1857,8.2429],[81.1818,8.2297],[81.1662,8.2334],[81.1417,8.2592],[81.1264,8.2637],[81.1087,8.2551],[81.0784,8.2727],[81.0391,8.2789],[80.9878,8.273],[80.9806,8.3126],[80.9619,8.3247],[80.9519,8.3219],[80.9391,8.3464],[80.9298,8.3505],[80.9268,8.3665],[80.9327,8.3791],[80.9292,8.3905],[80.9625,8.4492],[81.0298,8.439]]]}},{"type":"Feature","properties":{"ds_code":"TR8","ds_division":"Seruvila","district":"Trincomalee","province":"Eastern"},"geometry":{"type":"Polygon","coordinates":[[[81.2109,8.3828],[81.219,8.3827],[81.2142,8.3985],[81.2355,8.4126],[81.2542,8.4046],[81.2548,8.3783],[81.2291,8.3629],[81.2453,8.3604],[81.2578,8.369],[81.264,8.3605],[81.2761,8.3642],[81.2714,8.3352],[81.2788,8.3349],[81.3034,8.3681],[81.3126,8.4032],[81.3386,8.4042],[81.3621,8.3715],[81.3515,8.3758],[81.3438,8.3212],[81.3473,8.3126],[81.3335,8.3075],[81.3228,8.2946],[81.3247,8.2626],[81.3106,8.2516],[81.2874,8.2616],[81.2804,8.2569],[81.2814,8.2499],[81.2662,8.2419],[81.2692,8.2348],[81.2498,8.226],[81.252,8.2112],[81.2432,8.196],[81.2377,8.1963],[81.2431,8.1802],[81.2341,8.1744],[81.2318,8.1562],[81.2179,8.1566],[81.2061,8.1481],[81.1917,8.1541],[81.2055,8.1617],[81.213,8.1794],[81.2028,8.1834],[81.2028,8.2271],[81.1799,8.2308],[81.1857,8.2429],[81.1711,8.2537],[81.1796,8.2582],[81.1664,8.2688],[81.1686,8.2871],[81.1603,8.2988],[81.1718,8.3076],[81.1693,8.3304],[81.1916,8.3373],[81.1938,8.3523],[81.2092,8.3694],[81.2109,8.3828]]]}},{"type":"Feature","properties":{"ds_code":"AM10","ds_division":"Lahugala","district":"Ampara","province":"Eastern"},"geometry":{"type":"Polygon","coordinates":[[[81.733,6.9588],[81.7645,6.8942],[81.7604,6.8386],[81.7791,6.8228],[81.8249,6.8098],[81.8189,6.7868],[81.8266,6.7641],[81.8103,6.7466],[81.801,6.729],[81.801,6.7091],[81.7728,6.6707],[81.7778,6.6467],[81.7602,6.608],[81.7632,6.5957],[81.7403,6.5742],[81.707,6.5107],[81.6746,6.521],[81.6625,6.5407],[81.6386,6.5422],[81.6209,6.5716],[81.6085,6.5801],[81.6276,6.9107],[81.6379,6.9585],[81.6178,6.9811],[81.733,6.9588]]]}},{"type":"Feature","properties":{"ds_code":"AM17","ds_division":"Sammanthurai","district":"Ampara","province":"Eastern"},"geometry":{"type":"Polygon","coordinates":[[[81.8223,7.3951],[81.8162,7.3726],[81.8205,7.3322],[81.8139,7.2931],[81.8001,7.2938],[81.7944,7.2871],[81.7758,7.2977],[81.7552,7.2897],[81.7515,7.2764],[81.7372,7.2673],[81.7036,7.2796],[81.6977,7.2862],[81.7122,7.3113],[81.72,7.3137],[81.7169,7.3281],[81.7403,7.3492],[81.7312,7.3628],[81.7316,7.3737],[81.7448,7.3806],[81.7445,7.3721],[81.7581,7.3607],[81.7686,7.3686],[81.794,7.373],[81.7997,7.3911],[81.8129,7.3975],[81.8223,7.3951]]]}},{"type":"Feature","properties":{"ds_code":"AM4","ds_division":"Ampara","district":"Ampara","province":"Eastern"},"geometry":{"type":"Polygon","coordinates":[[[81.7098,7.3203],[81.72,7.3137],[81.7122,7.3113],[81.6977,7.2862],[81.7129,7.2766],[81.683,7.2791],[81.6519,7.2725],[81.6162,7.2264],[81.6005,7.2346],[81.5628,7.2176],[81.5211,7.243],[81.5274,7.2531],[81.52,7.2879],[81.4811,7.3211],[81.5211,7.3218],[81.5453,7.3023],[81.5566,7.3065],[81.5683,7.2883],[81.5955,7.288],[81.6123,7.2745],[81.6201,7.2754],[81.6229,7.2904],[81.6314,7.2898],[81.6227,7.3039],[81.6521,7.3235],[81.6783,7.3298],[81.691,7.3109],[81.7098,7.3203]]]}},{"type":"Feature","properties":{"ds_code":"BT10","ds_division":"Manmunai Pattu (Araipattai)","district":"Batticaloa","province":"Eastern"},"geometry":{"type":"Polygon","coordinates":[[[81.7461,7.678],[81.7857,7.6022],[81.7647,7.5955],[81.7521,7.6363],[81.7475,7.6414],[81.7325,7.6381],[81.7207,7.6575],[81.7288,7.6741],[81.7461,7.678]]]}},{"type":"Feature","properties":{"ds_code":"BT2","ds_division":"Eravur Town","district":"Batticaloa","province":"Eastern"},"geometry":{"type":"Polygon","coordinates":[[[81.6045,7.785],[81.6168,7.7764],[81.612,7.7681],[81.6009,7.7711],[81.6045,7.785]]]}},{"type":"Feature","properties":{"ds_code":"AM12","ds_division":"Navithanveli","district":"Ampara","province":"Eastern"},"geometry":{"type":"Polygon","coordinates":[[[81.7968,7.4098],[81.8129,7.3975],[81.7997,7.3911],[81.794,7.373],[81.7686,7.3686],[81.7578,7.3606],[81.7445,7.3721],[81.7448,7.3806],[81.7316,7.3737],[81.7447,7.39],[81.7351,7.3979],[81.7359,7.4133],[81.7077,7.4348],[81.7141,7.4442],[81.7261,7.4551],[81.7516,7.4558],[81.7742,7.4842],[81.795,7.4663],[81.7863,7.4518],[81.7968,7.4098]]]}},{"type":"Feature","properties":{"ds_code":"BT11","ds_division":"Manmunai South & Eruvil Pattu","district":"Batticaloa","province":"Eastern"},"geometry":{"type":"Polygon","coordinates":[[[81.7857,7.6022],[81.7965,7.5696],[81.818,7.4601],[81.8127,7.4608],[81.8034,7.4404],[81.7955,7.4398],[81.7948,7.4489],[81.7971,7.459],[81.8047,7.4514],[81.8079,7.4582],[81.805,7.4989],[81.7954,7.4747],[81.7699,7.4971],[81.7704,7.5088],[81.783,7.5196],[81.7722,7.5564],[81.7743,7.5785],[81.7807,7.5833],[81.7647,7.5955],[81.7857,7.6022]],[[81.8134,7.4682],[81.8154,7.4651],[81.8163,7.4645],[81.8054,7.4994],[81.8134,7.4682]]]}},{"type":"Feature","properties":{"ds_code":"AM2","ds_division":"Akkaraipattu","district":"Ampara","province":"Eastern"},"geometry":{"type":"Polygon","coordinates":[[[81.8008,7.2426],[81.8632,7.2348],[81.8622,7.2095],[81.836,7.2223],[81.8283,7.2199],[81.8215,7.1984],[81.8026,7.2126],[81.7745,7.2071],[81.7654,7.1782],[81.7567,7.1732],[81.7463,7.1881],[81.7504,7.1925],[81.7434,7.1963],[81.7513,7.2104],[81.7489,7.2178],[81.7671,7.2299],[81.781,7.2282],[81.8008,7.2426]]]}},{"type":"Feature","properties":{"ds_code":"AM8","ds_division":"Kalmunai","district":"Ampara","province":"Eastern"},"geometry":{"type":"MultiPolygon","coordinates":[[[[81.8217,7.4427],[81.8253,7.4319],[81.8037,7.4239],[81.7979,7.4399],[81.8217,7.4427]]],[[[81.8253,7.4101],[81.8219,7.4123],[81.8309,7.4232],[81.8253,7.4101]]],[[[81.8059,7.4205],[81.8111,7.425],[81.814,7.4168],[81.8086,7.4091],[81.8059,7.4205]]],[[[81.8429,7.4009],[81.8133,7.3944],[81.8077,7.4036],[81.8386,7.4134],[81.8429,7.4009]]]]}},{"type":"Feature","properties":{"ds_code":"AM20","ds_division":"Kalmunai Tamil Division","district":"Ampara","province":"Eastern"},"geometry":{"type":"MultiPolygon","coordinates":[[[[81.8217,7.4427],[81.8034,7.4404],[81.8127,7.4608],[81.8217,7.4427]]],[[[81.8037,7.4239],[81.8253,7.4319],[81.8314,7.4235],[81.8219,7.4123],[81.8253,7.4101],[81.833,7.4219],[81.8391,7.4135],[81.8209,7.4052],[81.8009,7.4063],[81.7884,7.4396],[81.7955,7.4398],[81.8037,7.4239]],[[81.814,7.4168],[81.8111,7.425],[81.8059,7.4205],[81.8086,7.4091],[81.814,7.4168]]]]}},{"type":"Feature","properties":{"ds_code":"BT14","ds_division":"Porativu Pattu","district":"Batticaloa","province":"Eastern"},"geometry":{"type":"MultiPolygon","coordinates":[[[[81.7449,7.5637],[81.756,7.5524],[81.7641,7.5608],[81.7704,7.5512],[81.7689,7.5367],[81.7557,7.5371],[81.745,7.5477],[81.7395,7.5421],[81.7448,7.5286],[81.7539,7.5351],[81.7658,7.5341],[81.7715,7.5224],[81.7816,7.5212],[81.7682,7.5109],[81.7672,7.5019],[81.7461,7.5097],[81.7686,7.4789],[81.7593,7.4786],[81.7516,7.4558],[81.7258,7.455],[81.6965,7.4238],[81.674,7.414],[81.664,7.3994],[81.6629,7.453],[81.6571,7.4544],[81.6613,7.4706],[81.6479,7.5037],[81.6482,7.5309],[81.6386,7.5355],[81.6366,7.5464],[81.6633,7.5559],[81.6831,7.5481],[81.7121,7.5616],[81.7156,7.5519],[81.7449,7.5637]]],[[[81.7708,7.5368],[81.7713,7.5372],[81.7715,7.5369],[81.7708,7.5368]]]]}},{"type":"Feature","properties":{"ds_code":"BT12","ds_division":"Manmunai South West","district":"Batticaloa","province":"Eastern"},"geometry":{"type":"MultiPolygon","coordinates":[[[[81.731,7.6342],[81.7316,7.6363],[81.7327,7.6353],[81.731,7.6342]]],[[[81.7259,7.6406],[81.7274,7.6424],[81.7285,7.6416],[81.7281,7.6365],[81.7259,7.6406]]],[[[81.7114,7.6285],[81.7224,7.6475],[81.7304,7.6285],[81.7277,7.6249],[81.7276,7.6213],[81.7376,7.626],[81.7548,7.5986],[81.7527,7.594],[81.7467,7.5994],[81.7456,7.5986],[81.7495,7.5902],[81.7705,7.5798],[81.7599,7.5656],[81.7336,7.5621],[81.7156,7.5519],[81.7121,7.5616],[81.701,7.5602],[81.6972,7.5521],[81.6884,7.5549],[81.677,7.5473],[81.6633,7.5559],[81.6541,7.5539],[81.6366,7.5464],[81.6386,7.5355],[81.6482,7.5309],[81.6459,7.5228],[81.6186,7.5078],[81.5472,7.5078],[81.5514,7.5437],[81.5772,7.546],[81.5984,7.5783],[81.6194,7.5765],[81.63,7.5843],[81.6553,7.5787],[81.6699,7.6112],[81.6998,7.6144],[81.7092,7.6033],[81.6991,7.622],[81.7036,7.6405],[81.7114,7.6285]]]]}},{"type":"Feature","properties":{"ds_code":"BT9","ds_division":"Manmunai North","district":"Batticaloa","province":"Eastern"},"geometry":{"type":"MultiPolygon","coordinates":[[[[81.6664,7.7019],[81.6623,7.6966],[81.6588,7.7013],[81.6664,7.7019]]],[[[81.6861,7.7504],[81.7061,7.7248],[81.7,7.7143],[81.6775,7.7294],[81.6829,7.7184],[81.6796,7.7096],[81.6875,7.7026],[81.6787,7.6903],[81.6701,7.6955],[81.6667,7.7334],[81.6452,7.7499],[81.6535,7.7573],[81.6363,7.7657],[81.6478,7.783],[81.6834,7.7599],[81.6861,7.7504]]],[[[81.7065,7.6993],[81.7094,7.6877],[81.6959,7.6705],[81.6907,7.6951],[81.6979,7.7039],[81.7065,7.6993]]],[[[81.6989,7.7061],[81.6905,7.7031],[81.685,7.7099],[81.6998,7.7136],[81.6989,7.7061]]],[[[81.7193,7.6843],[81.7076,7.7124],[81.7116,7.7299],[81.6867,7.761],[81.7026,7.7483],[81.7353,7.6949],[81.7193,7.6843]]]]}},{"type":"Feature","properties":{"ds_code":"BT13","ds_division":"Manmunai West","district":"Batticaloa","province":"Eastern"},"geometry":{"type":"MultiPolygon","coordinates":[[[[81.6097,7.7115],[81.6196,7.7348],[81.6347,7.7225],[81.6577,7.7207],[81.6352,7.7043],[81.6403,7.6999],[81.6506,7.7076],[81.6524,7.6994],[81.6667,7.6902],[81.6703,7.6683],[81.6718,7.681],[81.6853,7.679],[81.6971,7.6557],[81.6881,7.6526],[81.6863,7.6387],[81.6926,7.6393],[81.689,7.6329],[81.7006,7.6328],[81.6991,7.6219],[81.702,7.614],[81.7072,7.6095],[81.7096,7.6041],[81.6998,7.6144],[81.6688,7.6109],[81.6553,7.5787],[81.63,7.5843],[81.6194,7.5765],[81.601,7.5798],[81.5772,7.546],[81.5514,7.5437],[81.5492,7.535],[81.5076,7.5346],[81.5173,7.5545],[81.5131,7.5769],[81.5168,7.6257],[81.5221,7.6316],[81.5165,7.6439],[81.5548,7.6798],[81.5664,7.7208],[81.5722,7.7197],[81.5741,7.7265],[81.6097,7.7115]]],[[[81.6942,7.6476],[81.6943,7.6489],[81.6953,7.6487],[81.6942,7.6476]]],[[[81.705,7.6495],[81.7022,7.6482],[81.698,7.6523],[81.7016,7.6561],[81.705,7.6495]]]]}},{"type":"Feature","properties":{"ds_code":"BT8","ds_division":"Koralai Pattu West (Oddamavadi)","district":"Batticaloa","province":"Eastern"},"geometry":{"type":"MultiPolygon","coordinates":[[[[81.4919,7.9438],[81.5141,7.9225],[81.5127,7.9121],[81.5147,7.9056],[81.5112,7.9014],[81.5105,7.9026],[81.5093,7.903],[81.5074,7.9015],[81.5069,7.9045],[81.5043,7.9053],[81.5073,7.9012],[81.5112,7.9007],[81.5127,7.8967],[81.5093,7.8921],[81.5028,7.899],[81.4916,7.894],[81.47,7.9067],[81.47,7.9438],[81.4919,7.9438]]],[[[81.5182,7.9103],[81.516,7.9072],[81.5133,7.9128],[81.5182,7.9103]]],[[[81.5264,7.9178],[81.5246,7.9005],[81.5291,7.8987],[81.5178,7.9026],[81.5198,7.9079],[81.5168,7.9227],[81.5264,7.9178]]],[[[81.5179,7.9062],[81.519,7.9075],[81.5192,7.9068],[81.5179,7.9062]]],[[[81.5134,7.9111],[81.513,7.9124],[81.5132,7.9123],[81.5134,7.9111]]],[[[81.5099,7.9019],[81.5091,7.9021],[81.5099,7.9027],[81.5099,7.9019]]],[[[81.5172,7.9046],[81.5183,7.9051],[81.5173,7.9042],[81.5172,7.9046]]]]}},{"type":"Feature","properties":{"ds_code":"BT7","ds_division":"Koralai Pattu South (Kiran)","district":"Batticaloa","province":"Eastern"},"geometry":{"type":"MultiPolygon","coordinates":[[[[81.5406,7.8784],[81.5491,7.8728],[81.5661,7.8796],[81.5791,7.8486],[81.5646,7.8336],[81.5669,7.8259],[81.5487,7.8243],[81.544,7.848],[81.5256,7.864],[81.5235,7.8751],[81.5406,7.8784]]],[[[81.4143,7.964],[81.4328,7.9518],[81.4668,7.9475],[81.47,7.9067],[81.4916,7.894],[81.5028,7.899],[81.5087,7.8918],[81.5121,7.8953],[81.5165,7.8887],[81.5171,7.8913],[81.5237,7.8578],[81.5313,7.8561],[81.5475,7.8274],[81.5359,7.833],[81.5319,7.8265],[81.5136,7.831],[81.5127,7.8083],[81.5052,7.8065],[81.4789,7.8183],[81.4526,7.7831],[81.4398,7.7801],[81.407,7.788],[81.4081,7.7756],[81.3994,7.7675],[81.3627,7.7706],[81.2376,7.7602],[81.2273,7.7772],[81.2248,7.821],[81.2322,7.8434],[81.2267,7.8673],[81.2367,7.8875],[81.237,7.9214],[81.2538,7.9369],[81.2747,7.9373],[81.289,7.9477],[81.3066,7.9366],[81.3394,7.9363],[81.3356,7.964],[81.4143,7.964]]],[[[81.5176,7.894],[81.5159,7.891],[81.5138,7.8955],[81.5176,7.894]]]]}},{"type":"Feature","properties":{"ds_code":"BT5","ds_division":"Koralai Pattu Central","district":"Batticaloa","province":"Eastern"},"geometry":{"type":"MultiPolygon","coordinates":[[[[81.5224,7.9462],[81.5253,7.934],[81.5141,7.9225],[81.4919,7.9438],[81.47,7.9438],[81.5224,7.9462]]],[[[81.5198,7.9209],[81.5188,7.9222],[81.5179,7.9217],[81.518,7.9223],[81.5174,7.922],[81.5168,7.9225],[81.5168,7.9227],[81.5263,7.9273],[81.5198,7.9209]]],[[[81.5341,7.9072],[81.5292,7.8991],[81.5246,7.9005],[81.5264,7.9178],[81.5211,7.9194],[81.5311,7.9275],[81.5341,7.9072]]]]}},{"type":"Feature","properties":{"ds_code":"BT4","ds_division":"Koralai Pattu (Valachchenai)","district":"Batticaloa","province":"Eastern"},"geometry":{"type":"MultiPolygon","coordinates":[[[[81.5572,7.9431],[81.5635,7.9271],[81.5756,7.927],[81.5829,7.92],[81.567,7.915],[81.5661,7.8796],[81.5489,7.8728],[81.5406,7.8784],[81.522,7.8756],[81.5227,7.8869],[81.5158,7.9017],[81.5161,7.8989],[81.514,7.8998],[81.5133,7.9009],[81.5128,7.903],[81.5291,7.8987],[81.5341,7.9072],[81.5298,7.927],[81.5508,7.9328],[81.5572,7.9431]]],[[[81.5391,7.9329],[81.5253,7.9339],[81.5453,7.9472],[81.5489,7.9425],[81.5391,7.9329]]],[[[81.5288,7.9283],[81.5284,7.9282],[81.5226,7.9288],[81.5288,7.9283]]],[[[81.5249,7.9316],[81.5218,7.929],[81.5229,7.9315],[81.5249,7.9316]]],[[[81.5208,7.884],[81.5181,7.8932],[81.5202,7.8869],[81.5208,7.884]]]]}},{"type":"Feature","properties":{"ds_code":"BT6","ds_division":"Koralai Pattu North (Vaharai)","district":"Batticaloa","province":"Eastern"},"geometry":{"type":"MultiPolygon","coordinates":[[[[81.3547,8.2574],[81.3728,8.253],[81.3858,8.2534],[81.3931,8.2615],[81.3963,8.2483],[81.4037,8.266],[81.4254,8.1894],[81.4368,8.179],[81.4324,8.1672],[81.4394,8.138],[81.4596,8.1106],[81.4598,8.0837],[81.4778,8.0325],[81.4957,8.008],[81.5267,7.9852],[81.552,7.9924],[81.5535,7.9859],[81.5396,7.9693],[81.5453,7.9472],[81.5253,7.9339],[81.5224,7.9462],[81.4708,7.9449],[81.4566,7.9519],[81.4328,7.9518],[81.4143,7.964],[81.3356,7.964],[81.3066,8.0292],[81.3114,8.2519],[81.3298,8.2654],[81.3536,8.2689],[81.3547,8.2574]],[[81.3861,8.1399],[81.405,8.1324],[81.4076,8.1057],[81.4356,8.0927],[81.431,8.0705],[81.4448,8.0707],[81.4467,8.0655],[81.4459,8.0707],[81.4356,8.0731],[81.4473,8.1161],[81.4401,8.132],[81.4338,8.1538],[81.4422,8.1225],[81.4379,8.1048],[81.4403,8.1021],[81.434,8.0971],[81.4268,8.1008],[81.4043,8.15],[81.397,8.1955],[81.3919,8.1902],[81.3912,8.1975],[81.3805,8.1965],[81.379,8.1649],[81.3861,8.1399]]],[[[81.4404,8.1135],[81.4444,8.1183],[81.4451,8.1151],[81.4418,8.1097],[81.4404,8.1135]]],[[[81.4641,8.1105],[81.4622,8.1104],[81.4632,8.1125],[81.4641,8.1105]]]]}},{"type":"Feature","properties":{"ds_code":"KA12","ds_division":"Pasbagekorale","district":"Kandy","province":"Central"},"geometry":{"type":"Polygon","coordinates":[[[80.5758,6.9621],[80.5786,6.9446],[80.5512,6.9415],[80.5423,6.9606],[80.5168,6.9817],[80.5057,7.0222],[80.4748,7.0367],[80.4675,7.0222],[80.4575,7.0314],[80.4657,7.0613],[80.5143,7.0722],[80.5354,7.0928],[80.5572,7.093],[80.5382,7.0616],[80.5496,7.0649],[80.5548,7.0602],[80.561,7.0389],[80.6009,6.997],[80.5873,6.9646],[80.5758,6.9621]]]}},{"type":"Feature","properties":{"ds_code":"KA19","ds_division":"Udunuwara","district":"Kandy","province":"Central"},"geometry":{"type":"Polygon","coordinates":[[[80.5717,7.1905],[80.5718,7.1835],[80.5536,7.1907],[80.547,7.182],[80.5363,7.1854],[80.5127,7.211],[80.5219,7.2272],[80.5191,7.2407],[80.5093,7.2475],[80.5118,7.2525],[80.5741,7.2635],[80.5778,7.255],[80.5935,7.2563],[80.6046,7.2168],[80.5998,7.1914],[80.5717,7.1905]]]}},{"type":"Feature","properties":{"ds_code":"NU1","ds_division":"Ambagamuwa Korale","district":"Nuwara Eliya","province":"Central"},"geometry":{"type":"Polygon","coordinates":[[[80.5275,6.9204],[80.523,6.9087],[80.544,6.8907],[80.5391,6.8853],[80.5226,6.9042],[80.5135,6.9044],[80.5115,6.9001],[80.527,6.885],[80.4994,6.8659],[80.4942,6.8735],[80.5003,6.8846],[80.4924,6.892],[80.431,6.9124],[80.4372,6.9566],[80.445,6.9646],[80.4321,6.9932],[80.4509,7.0007],[80.4667,7.0172],[80.4748,7.0367],[80.5057,7.0222],[80.5168,6.9817],[80.5423,6.9606],[80.5562,6.9392],[80.5317,6.9275],[80.5319,6.9439],[80.5145,6.9601],[80.5125,6.9501],[80.5275,6.9204]]]}},{"type":"Feature","properties":{"ds_code":"KA20","ds_division":"Yatinuwara","district":"Kandy","province":"Central"},"geometry":{"type":"Polygon","coordinates":[[[80.5844,7.2654],[80.586,7.2552],[80.5778,7.255],[80.5741,7.2635],[80.5541,7.2563],[80.5176,7.2553],[80.5093,7.2475],[80.5018,7.26],[80.4788,7.2681],[80.4826,7.2831],[80.471,7.2953],[80.4909,7.3093],[80.5177,7.2994],[80.5273,7.3062],[80.5429,7.3054],[80.5473,7.3169],[80.5684,7.3195],[80.606,7.2758],[80.6009,7.2681],[80.5924,7.2772],[80.5932,7.2641],[80.5844,7.2654]]]}},{"type":"Feature","properties":{"ds_code":"KA8","ds_division":"Kundasale","district":"Kandy","province":"Central"},"geometry":{"type":"Polygon","coordinates":[[[80.7563,7.2762],[80.7502,7.2719],[80.7551,7.2538],[80.746,7.2509],[80.7226,7.2659],[80.6687,7.2788],[80.6446,7.323],[80.6534,7.3237],[80.6601,7.3339],[80.6637,7.3212],[80.6771,7.3159],[80.6783,7.3095],[80.6824,7.316],[80.688,7.3051],[80.6845,7.317],[80.6993,7.3213],[80.685,7.3329],[80.6985,7.3421],[80.7006,7.3535],[80.7168,7.3622],[80.7365,7.3623],[80.7346,7.3406],[80.7523,7.3074],[80.7407,7.2994],[80.7563,7.2762]]]}},{"type":"Feature","properties":{"ds_code":"NU8","ds_division":"Nuwara Eliya","district":"Nuwara Eliya","province":"Central"},"geometry":{"type":"Polygon","coordinates":[[[80.7045,6.9433],[80.706,6.9682],[80.6703,6.9777],[80.7332,6.9941],[80.7271,7.0122],[80.7727,7.0022],[80.7909,7.0201],[80.8154,7.0148],[80.8205,7.0231],[80.8364,7.0088],[80.8331,6.9948],[80.8625,6.9759],[80.8357,6.9551],[80.8274,6.9256],[80.812,6.9172],[80.7815,6.9214],[80.7763,6.9135],[80.7979,6.9049],[80.8045,6.8945],[80.8145,6.8918],[80.8127,6.8785],[80.8173,6.8815],[80.8252,6.8752],[80.8211,6.8612],[80.8373,6.8406],[80.8149,6.8283],[80.822,6.8157],[80.8377,6.8112],[80.8281,6.7939],[80.8032,6.789],[80.7912,6.7731],[80.7756,6.7788],[80.7667,6.7989],[80.7982,6.8177],[80.8065,6.8451],[80.7969,6.8578],[80.762,6.8732],[80.7712,6.8872],[80.7675,6.8912],[80.7447,6.9082],[80.7213,6.9108],[80.711,6.9301],[80.7006,6.9366],[80.6924,6.9218],[80.6819,6.9336],[80.6859,6.9412],[80.7045,6.9433]]]}},{"type":"Feature","properties":{"ds_code":"KA5","ds_division":"Gangawata Korale","district":"Kandy","province":"Central"},"geometry":{"type":"Polygon","coordinates":[[[80.6785,7.2526],[80.6499,7.2687],[80.6306,7.2604],[80.6287,7.2385],[80.6175,7.2378],[80.6181,7.2238],[80.6041,7.2178],[80.5956,7.2541],[80.586,7.2552],[80.5843,7.265],[80.5936,7.2642],[80.5925,7.2773],[80.6003,7.2682],[80.6065,7.2734],[80.6046,7.2816],[80.6225,7.3033],[80.6256,7.3217],[80.6197,7.3219],[80.6395,7.3299],[80.6687,7.2788],[80.7226,7.2659],[80.7305,7.2527],[80.6909,7.2646],[80.6785,7.2526]]]}},{"type":"Feature","properties":{"ds_code":"KA11","ds_division":"Panvila","district":"Kandy","province":"Central"},"geometry":{"type":"Polygon","coordinates":[[[80.6957,7.3483],[80.6875,7.3621],[80.7004,7.3922],[80.7075,7.3962],[80.7072,7.4154],[80.7143,7.4249],[80.7021,7.4575],[80.7303,7.475],[80.7325,7.4646],[80.8041,7.4139],[80.8108,7.3964],[80.8012,7.3946],[80.798,7.3871],[80.7778,7.3887],[80.7758,7.3811],[80.7636,7.3845],[80.7478,7.3767],[80.7492,7.367],[80.7366,7.361],[80.7168,7.3622],[80.6957,7.3483]]]}},{"type":"Feature","properties":{"ds_code":"NU5","ds_division":"Mathurata","district":"Nuwara Eliya","province":"Central"},"geometry":{"type":"Polygon","coordinates":[[[80.7781,7.0034],[80.7586,7.0075],[80.7438,7.0247],[80.7458,7.044],[80.7382,7.0747],[80.7826,7.086],[80.7798,7.0898],[80.7908,7.0979],[80.7883,7.1062],[80.7854,7.0996],[80.7825,7.0983],[80.7756,7.1064],[80.7805,7.1119],[80.7747,7.133],[80.7791,7.1416],[80.7904,7.1484],[80.8078,7.1399],[80.8138,7.1504],[80.8078,7.1513],[80.8037,7.1573],[80.8204,7.1523],[80.826,7.1719],[80.8394,7.1751],[80.8424,7.1531],[80.829,7.1304],[80.806,7.1187],[80.7938,7.0826],[80.8009,7.0834],[80.8097,7.0692],[80.8262,7.0668],[80.8206,7.0441],[80.813,7.0421],[80.8205,7.0231],[80.8154,7.0148],[80.7909,7.0201],[80.7781,7.0034]]]}},{"type":"Feature","properties":{"ds_code":"KA17","ds_division":"Udapalatha","district":"Kandy","province":"Central"},"geometry":{"type":"MultiPolygon","coordinates":[[[[80.5702,7.0835],[80.5617,7.0774],[80.5546,7.0826],[80.575,7.1134],[80.5797,7.1352],[80.576,7.1538],[80.5721,7.1615],[80.5545,7.1552],[80.5377,7.1624],[80.5487,7.1678],[80.5433,7.1811],[80.5533,7.1906],[80.5696,7.1834],[80.5717,7.1905],[80.5963,7.1878],[80.6046,7.2168],[80.6055,7.19],[80.5762,7.1709],[80.5789,7.1621],[80.6108,7.15],[80.6088,7.1439],[80.6351,7.1502],[80.684,7.1099],[80.6923,7.0961],[80.6779,7.0934],[80.6668,7.1027],[80.6499,7.105],[80.6402,7.1017],[80.6363,7.0872],[80.6274,7.0811],[80.5768,7.0745],[80.5702,7.0835]]],[[[80.573,7.1397],[80.5685,7.1374],[80.5616,7.157],[80.5678,7.1579],[80.573,7.1397]]]]}},{"type":"Feature","properties":{"ds_code":"NU3","ds_division":"Kothmale East","district":"Nuwara Eliya","province":"Central"},"geometry":{"type":"Polygon","coordinates":[[[80.7594,7.0079],[80.7387,7.0128],[80.7332,7.007],[80.7273,7.0123],[80.7312,6.9929],[80.6286,6.966],[80.6369,7.0154],[80.6525,7.0266],[80.6574,7.0504],[80.6661,7.0599],[80.6523,7.0693],[80.6387,7.0587],[80.6284,7.0589],[80.6349,7.0787],[80.6303,7.0879],[80.6356,7.0865],[80.6402,7.1017],[80.65,7.105],[80.6895,7.093],[80.6968,7.1095],[80.701,7.1083],[80.7382,7.0747],[80.7458,7.044],[80.7438,7.0247],[80.7594,7.0079]]]}},{"type":"Feature","properties":{"ds_code":"KA15","ds_division":"Poojapitiya","district":"Kandy","province":"Central"},"geometry":{"type":"Polygon","coordinates":[[[80.6175,7.3594],[80.6156,7.3479],[80.5983,7.3497],[80.5839,7.3684],[80.5745,7.3669],[80.5611,7.3767],[80.54,7.3715],[80.5323,7.3873],[80.5145,7.3942],[80.5197,7.3991],[80.5173,7.4141],[80.5292,7.4122],[80.5287,7.4175],[80.538,7.4155],[80.5388,7.4213],[80.5485,7.4143],[80.5569,7.4188],[80.5428,7.4519],[80.555,7.4491],[80.5573,7.4565],[80.5705,7.4559],[80.5734,7.4405],[80.586,7.4304],[80.5871,7.4062],[80.6083,7.3816],[80.6071,7.3715],[80.5967,7.3763],[80.6175,7.3594]]]}},{"type":"Feature","properties":{"ds_code":"KA16","ds_division":"Tumpane","district":"Kandy","province":"Central"},"geometry":{"type":"Polygon","coordinates":[[[80.5004,7.3381],[80.5035,7.353],[80.4983,7.3591],[80.4854,7.3561],[80.4742,7.3651],[80.4738,7.3741],[80.4654,7.3782],[80.4719,7.3954],[80.4618,7.4109],[80.47,7.4133],[80.5074,7.3858],[80.5312,7.3881],[80.54,7.3715],[80.5559,7.374],[80.5544,7.3528],[80.5752,7.3513],[80.5702,7.3421],[80.5535,7.3427],[80.5315,7.3237],[80.5234,7.3269],[80.5247,7.3376],[80.5004,7.3381]]]}},{"type":"Feature","properties":{"ds_code":"MA3","ds_division":"Galewela","district":"Matale","province":"Central"},"geometry":{"type":"Polygon","coordinates":[[[80.5837,7.6713],[80.5538,7.6692],[80.5495,7.7049],[80.5366,7.7091],[80.5371,7.7394],[80.5294,7.7445],[80.5184,7.774],[80.5044,7.7749],[80.4981,7.783],[80.4958,7.8096],[80.5021,7.8271],[80.5261,7.8271],[80.5638,7.8487],[80.5744,7.8691],[80.5908,7.8674],[80.6004,7.8555],[80.6216,7.8679],[80.621,7.8486],[80.6388,7.8406],[80.6401,7.8282],[80.6239,7.8151],[80.6231,7.8056],[80.6127,7.8024],[80.618,7.7818],[80.607,7.7757],[80.6079,7.7566],[80.6221,7.7452],[80.6225,7.7278],[80.6173,7.7122],[80.5973,7.7099],[80.599,7.6972],[80.583,7.7006],[80.5837,7.6713]]]}},{"type":"Feature","properties":{"ds_code":"MA9","ds_division":"Ukuwela","district":"Matale","province":"Central"},"geometry":{"type":"Polygon","coordinates":[[[80.6551,7.3843],[80.5738,7.4401],[80.5645,7.4681],[80.5747,7.4833],[80.6005,7.4902],[80.6053,7.4848],[80.5946,7.4584],[80.6073,7.4455],[80.6276,7.448],[80.6262,7.4619],[80.6349,7.4705],[80.6463,7.4544],[80.6432,7.4282],[80.6494,7.4332],[80.6487,7.457],[80.6549,7.4518],[80.6501,7.431],[80.6563,7.4225],[80.6665,7.4275],[80.6731,7.4192],[80.6863,7.4234],[80.7044,7.4481],[80.7144,7.4259],[80.7072,7.4154],[80.7075,7.3962],[80.6991,7.3868],[80.6551,7.3843]]]}},{"type":"Feature","properties":{"ds_code":"MA11","ds_division":"Yatawatta","district":"Matale","province":"Central"},"geometry":{"type":"MultiPolygon","coordinates":[[[[80.5817,7.6168],[80.5775,7.606],[80.5678,7.6177],[80.5817,7.6168]]],[[[80.6061,7.4853],[80.6005,7.4902],[80.5711,7.4861],[80.5739,7.5089],[80.5689,7.5167],[80.5639,7.5137],[80.5658,7.5242],[80.5524,7.5384],[80.5525,7.5509],[80.5624,7.5729],[80.5748,7.5748],[80.5688,7.5932],[80.5775,7.6043],[80.5991,7.6024],[80.6092,7.5929],[80.6388,7.5907],[80.6347,7.5797],[80.6187,7.582],[80.617,7.5653],[80.6087,7.5558],[80.6061,7.4853]]]]}},{"type":"Feature","properties":{"ds_code":"KA3","ds_division":"Doluwa","district":"Kandy","province":"Central"},"geometry":{"type":"Polygon","coordinates":[[[80.6954,7.1595],[80.7095,7.1257],[80.6923,7.0961],[80.684,7.1099],[80.6354,7.15],[80.6088,7.1439],[80.6108,7.15],[80.5789,7.1621],[80.5756,7.1695],[80.6051,7.1894],[80.6041,7.2178],[80.6164,7.2214],[80.6207,7.2395],[80.6393,7.2274],[80.654,7.1995],[80.6693,7.1951],[80.6954,7.1595]]]}},{"type":"Feature","properties":{"ds_code":"NU2","ds_division":"Hanguranketa","district":"Nuwara Eliya","province":"Central"},"geometry":{"type":"Polygon","coordinates":[[[80.7825,7.0983],[80.7883,7.1062],[80.7903,7.1014],[80.7798,7.0898],[80.7826,7.086],[80.7382,7.0747],[80.7263,7.0817],[80.7219,7.0942],[80.6968,7.1095],[80.7286,7.1585],[80.7713,7.1999],[80.7673,7.2377],[80.7544,7.2513],[80.7518,7.2747],[80.8016,7.2269],[80.8034,7.2035],[80.8463,7.1918],[80.8413,7.1868],[80.846,7.174],[80.826,7.1719],[80.8204,7.1523],[80.8037,7.1573],[80.8138,7.1504],[80.812,7.1429],[80.8045,7.1397],[80.7904,7.1484],[80.7806,7.1435],[80.7747,7.1331],[80.7805,7.1119],[80.776,7.107],[80.7825,7.0983]]]}},{"type":"Feature","properties":{"ds_code":"KA14","ds_division":"Pathahewaheta","district":"Kandy","province":"Central"},"geometry":{"type":"Polygon","coordinates":[[[80.738,7.186],[80.7346,7.1999],[80.7272,7.1972],[80.7148,7.2053],[80.6961,7.1877],[80.6976,7.2077],[80.6648,7.2233],[80.6522,7.2226],[80.6412,7.233],[80.6359,7.2303],[80.6274,7.2425],[80.6292,7.2587],[80.6499,7.2687],[80.6785,7.2526],[80.6906,7.2646],[80.7228,7.2516],[80.7305,7.2527],[80.7304,7.2599],[80.7447,7.251],[80.7543,7.252],[80.7673,7.2377],[80.7714,7.2014],[80.761,7.1893],[80.738,7.186]]]}},{"type":"Feature","properties":{"ds_code":"NU9","ds_division":"Thalawakele","district":"Nuwara Eliya","province":"Central"},"geometry":{"type":"Polygon","coordinates":[[[80.802,6.853],[80.8065,6.8451],[80.7992,6.8188],[80.7509,6.794],[80.7292,6.7922],[80.7079,6.8001],[80.6637,6.8492],[80.6475,6.8488],[80.6547,6.8566],[80.6493,6.8708],[80.6534,6.8805],[80.6383,6.894],[80.6364,6.9046],[80.6147,6.8968],[80.5838,6.9173],[80.5758,6.9621],[80.602,6.9746],[80.6012,6.9834],[80.6156,6.9865],[80.6185,6.9756],[80.6286,6.975],[80.6286,6.966],[80.6703,6.9777],[80.7059,6.9684],[80.7045,6.9433],[80.6954,6.9363],[80.6859,6.9412],[80.6819,6.9334],[80.6926,6.9218],[80.7006,6.9366],[80.711,6.9301],[80.7213,6.9108],[80.7472,6.9067],[80.7712,6.8872],[80.7637,6.8826],[80.7646,6.8715],[80.802,6.853]]]}},{"type":"Feature","properties":{"ds_code":"NU7","ds_division":"Norwood","district":"Nuwara Eliya","province":"Central"},"geometry":{"type":"Polygon","coordinates":[[[80.6609,6.7623],[80.6515,6.7517],[80.5731,6.7645],[80.5399,6.7773],[80.5273,6.7682],[80.4907,6.7879],[80.486,6.7986],[80.5016,6.8097],[80.4924,6.8123],[80.4903,6.8204],[80.5111,6.8467],[80.4992,6.8577],[80.4994,6.8659],[80.5272,6.8854],[80.5114,6.9022],[80.5226,6.9042],[80.5391,6.8853],[80.544,6.8907],[80.523,6.9087],[80.5275,6.9204],[80.5125,6.942],[80.5122,6.9589],[80.5338,6.941],[80.5348,6.9331],[80.5293,6.931],[80.5317,6.9275],[80.5671,6.9463],[80.5792,6.9449],[80.5842,6.931],[80.58,6.9226],[80.6104,6.8985],[80.6244,6.8976],[80.6365,6.9045],[80.6383,6.894],[80.6534,6.8805],[80.6493,6.8708],[80.6547,6.8566],[80.6475,6.8488],[80.6637,6.8492],[80.7079,6.8001],[80.7343,6.7916],[80.7667,6.7989],[80.7754,6.7791],[80.7466,6.7573],[80.735,6.7622],[80.7058,6.7544],[80.6609,6.7623]]]}},{"type":"Feature","properties":{"ds_code":"KA6","ds_division":"Harispattuwa","district":"Kandy","province":"Central"},"geometry":{"type":"Polygon","coordinates":[[[80.5485,7.317],[80.5424,7.3282],[80.5511,7.3414],[80.5702,7.3421],[80.5749,7.3487],[80.5723,7.3537],[80.5544,7.3528],[80.5591,7.377],[80.5745,7.3669],[80.5839,7.3684],[80.5983,7.3497],[80.6164,7.3476],[80.6258,7.3253],[80.6197,7.3219],[80.6256,7.3217],[80.6217,7.3009],[80.6094,7.2903],[80.606,7.2758],[80.5755,7.3066],[80.5759,7.3141],[80.5485,7.317]]]}},{"type":"Feature","properties":{"ds_code":"KA4","ds_division":"Ganga Ihala Korale","district":"Kandy","province":"Central"},"geometry":{"type":"Polygon","coordinates":[[[80.4771,7.0616],[80.4659,7.0648],[80.4594,7.0794],[80.4637,7.0883],[80.4557,7.0954],[80.4352,7.092],[80.4352,7.1111],[80.4458,7.1093],[80.4446,7.1149],[80.4614,7.1236],[80.5014,7.1282],[80.5115,7.1498],[80.5203,7.1541],[80.5249,7.1475],[80.534,7.1536],[80.5277,7.1614],[80.5323,7.1688],[80.5545,7.1552],[80.5721,7.1615],[80.5797,7.1352],[80.5702,7.1055],[80.5572,7.093],[80.5316,7.0914],[80.5159,7.0729],[80.4771,7.0616]],[[80.5684,7.1375],[80.5724,7.1387],[80.5668,7.1584],[80.5616,7.1569],[80.5684,7.1375]]]}},{"type":"Feature","properties":{"ds_code":"NU4","ds_division":"Kothmale West","district":"Nuwara Eliya","province":"Central"},"geometry":{"type":"Polygon","coordinates":[[[80.602,6.9746],[80.5921,6.9732],[80.6009,6.997],[80.561,7.0389],[80.5514,7.0637],[80.5396,7.0586],[80.5441,7.0766],[80.5702,7.0835],[80.5787,7.0723],[80.6274,7.0811],[80.63,7.0869],[80.6349,7.0792],[80.6284,7.0589],[80.6387,7.0587],[80.6507,7.0692],[80.6638,7.0646],[80.6525,7.0266],[80.6396,7.0212],[80.6353,7.0112],[80.6318,6.978],[80.6236,6.9732],[80.6149,6.9801],[80.619,6.9858],[80.6058,6.9848],[80.602,6.9746]]]}},{"type":"Feature","properties":{"ds_code":"MA7","ds_division":"Pallepola","district":"Matale","province":"Central"},"geometry":{"type":"Polygon","coordinates":[[[80.6392,7.6044],[80.6388,7.5907],[80.6092,7.5929],[80.5991,7.6024],[80.5775,7.6043],[80.5817,7.6168],[80.5678,7.6177],[80.5657,7.6313],[80.5549,7.6348],[80.5461,7.6547],[80.5456,7.6617],[80.5521,7.6614],[80.5569,7.6726],[80.584,7.6715],[80.583,7.7006],[80.599,7.6972],[80.5973,7.7099],[80.6057,7.7129],[80.6173,7.7122],[80.6181,7.691],[80.6323,7.6693],[80.6303,7.6412],[80.6419,7.6437],[80.6525,7.6375],[80.6464,7.6281],[80.6286,7.6277],[80.6234,7.6139],[80.6392,7.6044]]]}},{"type":"Feature","properties":{"ds_code":"MA6","ds_division":"Naula","district":"Matale","province":"Central"},"geometry":{"type":"Polygon","coordinates":[[[80.6303,7.6412],[80.6323,7.6693],[80.618,7.6913],[80.62,7.7639],[80.6244,7.7689],[80.6365,7.7636],[80.6443,7.7467],[80.6663,7.7412],[80.6734,7.7558],[80.6805,7.7411],[80.6888,7.7374],[80.6974,7.7413],[80.7099,7.7735],[80.7221,7.7875],[80.7699,7.8076],[80.7615,7.792],[80.7657,7.7856],[80.7634,7.7345],[80.774,7.7062],[80.7703,7.6916],[80.7801,7.6784],[80.7921,7.6784],[80.787,7.6445],[80.7916,7.6148],[80.7504,7.6116],[80.7496,7.6025],[80.7351,7.5955],[80.7224,7.6042],[80.6743,7.5945],[80.6648,7.6234],[80.6546,7.6261],[80.6641,7.6308],[80.6622,7.6418],[80.6525,7.6375],[80.6419,7.6437],[80.6303,7.6412]]]}},{"type":"Feature","properties":{"ds_code":"KA13","ds_division":"Pathadumbara","district":"Kandy","province":"Central"},"geometry":{"type":"Polygon","coordinates":[[[80.6144,7.3492],[80.6172,7.3591],[80.636,7.3687],[80.6308,7.3741],[80.6552,7.3692],[80.6629,7.3734],[80.657,7.3851],[80.6991,7.3868],[80.6875,7.3621],[80.6994,7.3437],[80.685,7.3329],[80.6993,7.3213],[80.6845,7.317],[80.6873,7.3144],[80.688,7.3051],[80.6824,7.316],[80.6783,7.3095],[80.6771,7.3159],[80.6637,7.3212],[80.6601,7.3339],[80.6534,7.3237],[80.6446,7.323],[80.6395,7.3299],[80.628,7.327],[80.6144,7.3492]]]}},{"type":"Feature","properties":{"ds_code":"MA4","ds_division":"Laggala","district":"Matale","province":"Central"},"geometry":{"type":"Polygon","coordinates":[[[80.7896,7.4268],[80.7325,7.4646],[80.7293,7.4811],[80.7374,7.4906],[80.7379,7.5219],[80.7282,7.5434],[80.7115,7.5496],[80.7093,7.5641],[80.714,7.6032],[80.7301,7.6029],[80.7351,7.5955],[80.7496,7.6025],[80.7504,7.6116],[80.7916,7.6148],[80.787,7.6445],[80.7921,7.6784],[80.8049,7.6789],[80.8084,7.6712],[80.8375,7.6805],[80.8527,7.7018],[80.8535,7.6889],[80.8666,7.6905],[80.8768,7.6829],[80.8702,7.5896],[80.875,7.5889],[80.8819,7.5149],[80.8949,7.4737],[80.8855,7.4726],[80.8802,7.4644],[80.8649,7.4748],[80.8543,7.4736],[80.8411,7.4628],[80.8252,7.4608],[80.7896,7.4268]]]}},{"type":"Feature","properties":{"ds_code":"NU6","ds_division":"Nildandahinna","district":"Nuwara Eliya","province":"Central"},"geometry":{"type":"Polygon","coordinates":[[[80.8965,6.9761],[80.8747,6.9743],[80.8555,6.9814],[80.8696,6.9925],[80.8714,7.0059],[80.8996,7.0184],[80.9008,7.0249],[80.8905,7.0279],[80.8973,7.0401],[80.8866,7.0568],[80.8888,7.0662],[80.8814,7.0606],[80.8871,7.077],[80.8823,7.0845],[80.8745,7.0823],[80.8722,7.0899],[80.8862,7.1032],[80.8725,7.1237],[80.8894,7.1611],[80.886,7.194],[80.9443,7.2029],[80.9495,7.1786],[80.9627,7.159],[80.9627,7.1425],[80.9529,7.146],[80.9497,7.1393],[80.951,7.1297],[80.9662,7.1223],[80.9515,7.1015],[80.9528,7.0899],[80.9649,7.0783],[80.9314,7.0371],[80.9231,6.9961],[80.8965,6.9761]]]}},{"type":"Feature","properties":{"ds_code":"KA10","ds_division":"Minipe","district":"Kandy","province":"Central"},"geometry":{"type":"Polygon","coordinates":[[[80.9812,7.2131],[80.9714,7.1969],[80.9229,7.202],[80.9274,7.2568],[80.9404,7.2634],[80.951,7.3113],[80.9427,7.3091],[80.9305,7.3167],[80.9317,7.326],[80.9152,7.3247],[80.9129,7.3632],[80.9281,7.3792],[80.9256,7.3938],[80.8882,7.4109],[80.8812,7.4344],[80.8613,7.442],[80.8886,7.4739],[80.899,7.4747],[80.9067,7.4579],[80.9094,7.4648],[80.9171,7.4615],[80.932,7.4898],[80.9739,7.4884],[80.9739,7.4278],[80.9689,7.4136],[80.9815,7.3962],[80.9759,7.3652],[81.0165,7.2338],[81.0079,7.2165],[80.9812,7.2131]]]}},{"type":"Feature","properties":{"ds_code":"KA2","ds_division":"Deltota","district":"Kandy","province":"Central"},"geometry":{"type":"Polygon","coordinates":[[[80.7095,7.1257],[80.6776,7.1849],[80.6676,7.1967],[80.654,7.1995],[80.6359,7.2303],[80.6412,7.233],[80.6522,7.2226],[80.6648,7.2233],[80.6908,7.2069],[80.6966,7.2087],[80.6968,7.1873],[80.7148,7.2053],[80.7272,7.1972],[80.7346,7.1999],[80.738,7.186],[80.7582,7.1855],[80.731,7.1606],[80.7095,7.1257]]]}},{"type":"Feature","properties":{"ds_code":"KA18","ds_division":"Ududumbara","district":"Kandy","province":"Central"},"geometry":{"type":"Polygon","coordinates":[[[80.8504,7.1909],[80.847,7.2193],[80.8406,7.2278],[80.8454,7.2393],[80.8421,7.2727],[80.8573,7.3129],[80.855,7.3288],[80.8407,7.3438],[80.8331,7.3667],[80.81,7.3879],[80.8057,7.4116],[80.7896,7.4268],[80.8094,7.4404],[80.8079,7.4481],[80.8211,7.4613],[80.8327,7.4597],[80.8625,7.475],[80.8802,7.4644],[80.8623,7.4399],[80.8812,7.4344],[80.8882,7.4109],[80.9256,7.3938],[80.9281,7.3792],[80.9129,7.3632],[80.9164,7.3215],[80.9317,7.326],[80.9305,7.3167],[80.9427,7.3091],[80.951,7.3113],[80.9404,7.2634],[80.9274,7.2568],[80.9229,7.202],[80.8504,7.1909]]]}},{"type":"Feature","properties":{"ds_code":"MA8","ds_division":"Rattota","district":"Matale","province":"Central"},"geometry":{"type":"Polygon","coordinates":[[[80.6494,7.4332],[80.6432,7.4282],[80.6462,7.4549],[80.6324,7.472],[80.6361,7.5078],[80.6453,7.5269],[80.6525,7.5138],[80.6596,7.5137],[80.6684,7.5309],[80.6684,7.5246],[80.6861,7.5198],[80.6942,7.5245],[80.6902,7.5383],[80.6931,7.542],[80.7021,7.5343],[80.7114,7.5498],[80.7262,7.5451],[80.7397,7.5051],[80.7299,7.475],[80.7037,7.4609],[80.6978,7.4355],[80.6763,7.4198],[80.6665,7.4275],[80.6531,7.4248],[80.6523,7.4565],[80.6494,7.4332]]]}},{"type":"Feature","properties":{"ds_code":"KA9","ds_division":"Medadumbara","district":"Kandy","province":"Central"},"geometry":{"type":"Polygon","coordinates":[[[80.847,7.2193],[80.8504,7.1909],[80.8081,7.2002],[80.8016,7.2057],[80.8016,7.2269],[80.7546,7.2733],[80.7407,7.2994],[80.7523,7.3074],[80.7345,7.3409],[80.736,7.3603],[80.7495,7.3672],[80.7478,7.3767],[80.7685,7.386],[80.7759,7.3811],[80.7748,7.3868],[80.7832,7.3902],[80.798,7.3871],[80.8012,7.3946],[80.8104,7.396],[80.8112,7.3861],[80.8335,7.3662],[80.8407,7.3438],[80.855,7.3288],[80.8573,7.3129],[80.8421,7.2727],[80.8454,7.2393],[80.8406,7.2278],[80.847,7.2193]]]}},{"type":"Feature","properties":{"ds_code":"MA10","ds_division":"Wilgamuwa","district":"Matale","province":"Central"},"geometry":{"type":"Polygon","coordinates":[[[80.9062,7.4582],[80.8895,7.483],[80.875,7.5889],[80.8702,7.5896],[80.8754,7.6764],[80.8841,7.7131],[80.9052,7.7162],[80.9282,7.7086],[80.9885,7.7205],[80.9924,7.6981],[80.988,7.6887],[80.9967,7.6597],[80.9802,7.6268],[80.9717,7.5718],[80.9739,7.4884],[80.9314,7.4896],[80.9318,7.481],[80.9173,7.4616],[80.9062,7.4582]]]}},{"type":"Feature","properties":{"ds_code":"MA1","ds_division":"Ambanganga","district":"Matale","province":"Central"},"geometry":{"type":"Polygon","coordinates":[[[80.6857,7.5197],[80.682,7.525],[80.6684,7.5246],[80.6684,7.5309],[80.6609,7.5147],[80.6525,7.5138],[80.6417,7.5357],[80.6529,7.5847],[80.6599,7.584],[80.6664,7.5926],[80.6658,7.6121],[80.6721,7.6102],[80.6743,7.5945],[80.714,7.6032],[80.7114,7.5498],[80.7035,7.5348],[80.6982,7.5411],[80.6904,7.5398],[80.6938,7.529],[80.6857,7.5197]]]}},{"type":"Feature","properties":{"ds_code":"NU10","ds_division":"Walapane","district":"Nuwara Eliya","province":"Central"},"geometry":{"type":"Polygon","coordinates":[[[80.8555,6.9814],[80.8331,6.9948],[80.8368,7.0083],[80.8197,7.0234],[80.813,7.0421],[80.8206,7.0441],[80.8262,7.0668],[80.8097,7.0692],[80.8009,7.0834],[80.7938,7.0826],[80.806,7.1187],[80.829,7.1304],[80.8424,7.1531],[80.8394,7.1751],[80.8462,7.1748],[80.8413,7.1868],[80.8789,7.1947],[80.886,7.194],[80.89,7.1642],[80.8725,7.1237],[80.8861,7.1028],[80.8724,7.0884],[80.8871,7.077],[80.8814,7.0606],[80.8888,7.0662],[80.8866,7.0568],[80.8973,7.0401],[80.8905,7.0279],[80.9008,7.0249],[80.8996,7.0184],[80.8714,7.0059],[80.8555,6.9814]]]}},{"type":"Feature","properties":{"ds_code":"KA7","ds_division":"Hatharaliyadda","district":"Kandy","province":"Central"},"geometry":{"type":"Polygon","coordinates":[[[80.471,7.2953],[80.4526,7.3153],[80.427,7.33],[80.4234,7.3601],[80.4368,7.3534],[80.4458,7.3574],[80.4565,7.3499],[80.46,7.3529],[80.4513,7.3615],[80.4577,7.3743],[80.4693,7.3776],[80.4854,7.3561],[80.4945,7.3605],[80.5019,7.3563],[80.5004,7.3381],[80.5081,7.3337],[80.5228,7.3385],[80.5234,7.3269],[80.5316,7.3238],[80.5364,7.3315],[80.547,7.3246],[80.5429,7.3054],[80.5273,7.3062],[80.5166,7.2993],[80.4916,7.3094],[80.471,7.2953]]]}},{"type":"Feature","properties":{"ds_code":"KA1","ds_division":"Akurana","district":"Kandy","province":"Central"},"geometry":{"type":"Polygon","coordinates":[[[80.6079,7.3621],[80.5972,7.3741],[80.5996,7.3778],[80.6081,7.372],[80.6085,7.3806],[80.5871,7.4062],[80.5876,7.4314],[80.624,7.4034],[80.6403,7.3983],[80.6629,7.3734],[80.6536,7.3691],[80.6324,7.3748],[80.636,7.3687],[80.6248,7.3614],[80.6079,7.3621]]]}},{"type":"Feature","properties":{"ds_code":"MA2","ds_division":"Dambulla","district":"Matale","province":"Central"},"geometry":{"type":"Polygon","coordinates":[[[80.6365,7.7636],[80.6244,7.7689],[80.6191,7.752],[80.6121,7.7523],[80.607,7.7757],[80.618,7.7818],[80.6127,7.8024],[80.6231,7.8056],[80.6239,7.8151],[80.6401,7.8282],[80.6388,7.8406],[80.621,7.8486],[80.622,7.8804],[80.6382,7.8884],[80.6322,7.9002],[80.6539,7.9138],[80.6576,7.9594],[80.6818,7.9556],[80.7053,7.9906],[80.7556,8.0115],[80.7786,7.9959],[80.7776,7.9671],[80.7862,7.9619],[80.7996,7.9582],[80.8005,7.9768],[80.8139,7.9828],[80.8233,7.9702],[80.8392,7.9712],[80.8524,7.9632],[80.8324,7.9549],[80.8177,7.9245],[80.8058,7.8308],[80.8031,7.8218],[80.7934,7.8185],[80.7963,7.8043],[80.7848,7.7995],[80.7808,7.8059],[80.77,7.8024],[80.7685,7.8078],[80.7221,7.7875],[80.7099,7.7735],[80.6974,7.7413],[80.6888,7.7374],[80.6805,7.7411],[80.6734,7.7558],[80.6674,7.7415],[80.6476,7.7466],[80.6365,7.7636]]]}},{"type":"Feature","properties":{"ds_code":"MA5","ds_division":"Matale","district":"Matale","province":"Central"},"geometry":{"type":"Polygon","coordinates":[[[80.6073,7.4455],[80.5946,7.4583],[80.6066,7.4865],[80.6087,7.5558],[80.617,7.5653],[80.6189,7.5823],[80.6267,7.5789],[80.638,7.584],[80.6392,7.6044],[80.6238,7.6115],[80.6254,7.6229],[80.6464,7.6281],[80.6619,7.6421],[80.6641,7.6308],[80.6546,7.6263],[80.6652,7.6227],[80.6664,7.5926],[80.6599,7.584],[80.6529,7.5847],[80.6402,7.5458],[80.6482,7.5278],[80.6361,7.5078],[80.6273,7.4494],[80.6073,7.4455]]]}},{"type":"Feature","properties":{"ds_code":"KU30","ds_division":"Weerabugedara","district":"Kurunegala","province":"Northwestern"},"geometry":{"type":"Polygon","coordinates":[[[80.2553,7.4114],[80.2467,7.4208],[80.2534,7.4375],[80.2388,7.4612],[80.2276,7.4584],[80.2188,7.4652],[80.2273,7.5025],[80.2134,7.5183],[80.2233,7.5284],[80.2373,7.5202],[80.2495,7.5211],[80.2611,7.5009],[80.2661,7.5022],[80.2653,7.494],[80.2858,7.4937],[80.2931,7.4879],[80.2995,7.5014],[80.3063,7.5029],[80.3174,7.493],[80.3301,7.4394],[80.3216,7.4366],[80.3105,7.4432],[80.3019,7.418],[80.2897,7.42],[80.2853,7.4142],[80.2781,7.4197],[80.2752,7.4114],[80.2553,7.4114]]]}},{"type":"Feature","properties":{"ds_code":"PU14","ds_division":"Puttalam","district":"Puttalam","province":"Northwestern"},"geometry":{"type":"Polygon","coordinates":[[[79.8895,7.9364],[79.8808,7.9316],[79.8598,7.9444],[79.8491,7.9405],[79.854,7.9506],[79.8223,7.9604],[79.8249,7.9785],[79.8178,7.9935],[79.8327,8.0042],[79.8343,8.0182],[79.7943,8.0653],[79.7897,8.076],[79.7997,8.0732],[79.7996,8.0785],[79.791,8.0814],[79.7902,8.0868],[79.8007,8.0837],[79.8179,8.1089],[79.8295,8.1066],[79.8344,8.1128],[79.8469,8.102],[79.8499,8.0884],[79.8679,8.0839],[79.88,8.098],[79.9155,8.0703],[79.9229,8.0473],[79.9145,8.0196],[79.922,7.9942],[79.8955,7.9625],[79.8895,7.9364]]]}},{"type":"Feature","properties":{"ds_code":"PU1","ds_division":"Anamaduwa","district":"Puttalam","province":"Northwestern"},"geometry":{"type":"Polygon","coordinates":[[[79.9947,7.7938],[79.9622,7.7877],[79.9654,7.7959],[79.9569,7.8093],[79.9729,7.8267],[79.9695,7.8435],[79.9642,7.842],[79.9604,7.8561],[79.9527,7.8505],[79.9348,7.8579],[79.9453,7.8674],[79.9418,7.8762],[79.9298,7.8739],[79.9265,7.9016],[79.9332,7.9118],[79.9273,7.9177],[79.9337,7.9247],[79.9287,7.9413],[79.9186,7.9436],[79.9184,7.9665],[79.911,7.9764],[79.9208,8.0015],[79.9513,7.988],[79.9567,7.9701],[79.9682,7.9615],[79.9927,7.961],[80.0124,7.9692],[80.0393,7.9546],[80.0704,7.9649],[80.0829,7.9564],[80.0936,7.9589],[80.1097,7.9517],[80.1087,7.93],[80.0986,7.9145],[80.0938,7.9215],[80.0725,7.914],[80.0742,7.8937],[80.0666,7.8884],[80.0669,7.8741],[80.0422,7.8663],[80.0381,7.8448],[80.0078,7.8328],[80.0116,7.8153],[79.9994,7.8125],[79.9947,7.7938]]]}},{"type":"Feature","properties":{"ds_code":"KU19","ds_division":"Narammala","district":"Kurunegala","province":"Northwestern"},"geometry":{"type":"Polygon","coordinates":[[[80.1482,7.3136],[80.1252,7.3301],[80.1349,7.3512],[80.1222,7.3674],[80.1374,7.3865],[80.1519,7.3941],[80.1722,7.3834],[80.1739,7.4008],[80.1889,7.405],[80.1881,7.4765],[80.2012,7.4815],[80.2075,7.4633],[80.2398,7.4601],[80.2534,7.4375],[80.2464,7.4214],[80.2647,7.3962],[80.2356,7.3855],[80.2132,7.386],[80.2048,7.378],[80.1978,7.3809],[80.1844,7.3538],[80.1708,7.3442],[80.1634,7.3236],[80.1482,7.3136]]]}},{"type":"Feature","properties":{"ds_code":"KU20","ds_division":"Nikaweratiya","district":"Kurunegala","province":"Northwestern"},"geometry":{"type":"Polygon","coordinates":[[[80.2324,7.7541],[80.2454,7.7473],[80.2244,7.7272],[80.182,7.7302],[80.1685,7.7207],[80.1553,7.7183],[80.1475,7.7262],[80.1225,7.7173],[80.087,7.7343],[80.0761,7.73],[80.0693,7.7183],[80.0574,7.7177],[80.0507,7.7254],[80.0712,7.7463],[80.0674,7.7548],[80.0752,7.7659],[80.0736,7.7777],[80.0877,7.7776],[80.0919,7.784],[80.0794,7.807],[80.0963,7.8232],[80.1069,7.8242],[80.1177,7.8128],[80.125,7.8131],[80.1277,7.8054],[80.1208,7.802],[80.1279,7.7968],[80.1437,7.8007],[80.1475,7.7966],[80.1468,7.8032],[80.1551,7.8071],[80.1616,7.799],[80.1755,7.8063],[80.1828,7.8018],[80.181,7.7948],[80.1941,7.8057],[80.2031,7.7974],[80.209,7.8001],[80.2048,7.7869],[80.2132,7.7754],[80.2218,7.7734],[80.2281,7.7913],[80.2239,7.7725],[80.2306,7.7721],[80.2324,7.7541]]]}},{"type":"Feature","properties":{"ds_code":"KU2","ds_division":"Ambanpola","district":"Kurunegala","province":"Northwestern"},"geometry":{"type":"Polygon","coordinates":[[[80.2442,7.8515],[80.2008,7.843],[80.1806,7.862],[80.1648,7.8989],[80.1599,7.9326],[80.1645,7.9319],[80.1696,7.9493],[80.193,7.9487],[80.2136,7.9566],[80.221,7.9726],[80.2488,7.9801],[80.2616,7.9681],[80.2582,7.9468],[80.2709,7.9326],[80.2722,7.9192],[80.2838,7.8995],[80.2966,7.895],[80.2936,7.8801],[80.3087,7.873],[80.292,7.8743],[80.2875,7.8663],[80.2712,7.877],[80.256,7.866],[80.2457,7.8723],[80.2442,7.8515]]]}},{"type":"Feature","properties":{"ds_code":"KU1","ds_division":"Alawwa","district":"Kurunegala","province":"Northwestern"},"geometry":{"type":"Polygon","coordinates":[[[80.1987,7.258],[80.1847,7.2612],[80.168,7.2862],[80.143,7.3062],[80.1519,7.3179],[80.1554,7.3136],[80.1644,7.3214],[80.1708,7.3442],[80.1844,7.3538],[80.1978,7.3809],[80.2048,7.378],[80.2132,7.386],[80.2356,7.3855],[80.2647,7.3962],[80.2768,7.3754],[80.2636,7.3655],[80.2784,7.3434],[80.2811,7.3228],[80.1987,7.258]]]}},{"type":"Feature","properties":{"ds_code":"KU11","ds_division":"Kotawehera","district":"Kurunegala","province":"Northwestern"},"geometry":{"type":"Polygon","coordinates":[[[80.0801,7.804],[80.0616,7.8195],[80.0546,7.8161],[80.0475,7.8237],[80.0668,7.8318],[80.0689,7.84],[80.0509,7.8404],[80.0376,7.8332],[80.0378,7.8595],[80.0522,7.8729],[80.0662,7.873],[80.0666,7.8884],[80.0742,7.8937],[80.0725,7.914],[80.0938,7.9215],[80.0986,7.9145],[80.1087,7.93],[80.1098,7.95],[80.1221,7.9466],[80.1327,7.9343],[80.1483,7.9421],[80.141,7.9547],[80.1614,7.9579],[80.1696,7.9493],[80.1645,7.9319],[80.1599,7.9326],[80.1648,7.8989],[80.1806,7.862],[80.2022,7.8432],[80.1959,7.8367],[80.2023,7.8214],[80.1996,7.8076],[80.1825,7.7947],[80.1755,7.8063],[80.1616,7.799],[80.1552,7.8071],[80.1468,7.8032],[80.1475,7.7966],[80.1437,7.8007],[80.1279,7.7968],[80.1208,7.802],[80.1277,7.8054],[80.125,7.8131],[80.1177,7.8128],[80.1069,7.8242],[80.0936,7.8221],[80.0801,7.804]]]}},{"type":"Feature","properties":{"ds_code":"KU16","ds_division":"Mallawapitiya","district":"Kurunegala","province":"Northwestern"},"geometry":{"type":"MultiPolygon","coordinates":[[[[80.3619,7.3947],[80.3552,7.4003],[80.3611,7.3996],[80.3619,7.3947]]],[[[80.3466,7.4218],[80.3429,7.4178],[80.3422,7.4232],[80.3461,7.4263],[80.3466,7.4218]]],[[[80.4073,7.3865],[80.3922,7.3966],[80.3785,7.3926],[80.3739,7.401],[80.3555,7.4014],[80.3668,7.4219],[80.3508,7.4257],[80.3609,7.449],[80.3748,7.4553],[80.3783,7.4693],[80.3693,7.4749],[80.3846,7.4758],[80.3647,7.5315],[80.375,7.5403],[80.386,7.5376],[80.3872,7.5451],[80.4048,7.542],[80.4053,7.5512],[80.4292,7.5189],[80.4137,7.5078],[80.4127,7.4846],[80.4056,7.4751],[80.4096,7.4679],[80.4018,7.4652],[80.4104,7.4637],[80.4028,7.4556],[80.411,7.4463],[80.4154,7.4234],[80.3963,7.4149],[80.4022,7.4154],[80.4073,7.3865]]]]}},{"type":"Feature","properties":{"ds_code":"KU12","ds_division":"Kuliyapitiya East","district":"Kurunegala","province":"Northwestern"},"geometry":{"type":"Polygon","coordinates":[[[80.2188,7.4795],[80.2188,7.4652],[80.2118,7.4631],[80.2012,7.4815],[80.1885,7.4775],[80.1891,7.4055],[80.1739,7.4008],[80.1722,7.3834],[80.1577,7.3934],[80.1577,7.4115],[80.1493,7.4192],[80.1344,7.4104],[80.1374,7.4076],[80.1358,7.4057],[80.1307,7.4139],[80.1145,7.4085],[80.1272,7.4367],[80.1154,7.4423],[80.1238,7.4548],[80.1177,7.4678],[80.1399,7.4856],[80.1364,7.4907],[80.1429,7.4924],[80.1358,7.4994],[80.1455,7.4986],[80.1472,7.5148],[80.1618,7.5248],[80.1745,7.5465],[80.1898,7.5318],[80.2131,7.5222],[80.2273,7.5025],[80.2277,7.4866],[80.2188,7.4795]]]}},{"type":"Feature","properties":{"ds_code":"KU24","ds_division":"Polgahawela","district":"Kurunegala","province":"Northwestern"},"geometry":{"type":"Polygon","coordinates":[[[80.3384,7.3212],[80.3208,7.3287],[80.3163,7.321],[80.2789,7.3181],[80.2787,7.3427],[80.2636,7.3655],[80.2768,7.3754],[80.2572,7.4116],[80.2752,7.4114],[80.2781,7.4197],[80.2853,7.4142],[80.2897,7.42],[80.3019,7.418],[80.3105,7.4432],[80.3216,7.4366],[80.3306,7.4389],[80.3427,7.4175],[80.3407,7.4088],[80.35,7.3914],[80.3452,7.3818],[80.3555,7.3612],[80.3425,7.3514],[80.3499,7.3389],[80.3384,7.3212]]]}},{"type":"Feature","properties":{"ds_code":"KU23","ds_division":"Pannala","district":"Kurunegala","province":"Northwestern"},"geometry":{"type":"Polygon","coordinates":[[[79.9504,7.2892],[79.9551,7.2809],[79.9416,7.2762],[79.9381,7.3462],[79.9261,7.4133],[79.9307,7.4156],[79.9391,7.4049],[79.9491,7.4186],[79.9659,7.4144],[79.9913,7.4269],[79.9952,7.4214],[79.9973,7.4322],[80.0096,7.4235],[80.0671,7.4302],[80.0732,7.4069],[80.0859,7.3987],[80.101,7.4113],[80.1105,7.4034],[80.1265,7.414],[80.1369,7.4061],[80.1344,7.4104],[80.1493,7.4192],[80.1577,7.4115],[80.1573,7.3943],[80.1425,7.39],[80.1233,7.3709],[80.1349,7.3512],[80.1299,7.3344],[80.0633,7.2853],[80.0539,7.2845],[80.0471,7.2994],[80.0311,7.3021],[80.0268,7.3178],[80.0153,7.3143],[80.0078,7.3218],[79.9768,7.2924],[79.9504,7.2892]]]}},{"type":"Feature","properties":{"ds_code":"PU12","ds_division":"Nawagattegama","district":"Puttalam","province":"Northwestern"},"geometry":{"type":"Polygon","coordinates":[[[80.0397,7.9546],[80.0124,7.9692],[79.9983,7.9625],[80.0018,7.9802],[80.0205,7.9946],[80.0444,8.0404],[80.0563,8.082],[80.0865,8.0756],[80.1256,8.0822],[80.1516,8.0693],[80.1435,8.0069],[80.1497,7.9985],[80.1332,7.9653],[80.148,7.9414],[80.1327,7.9343],[80.1039,7.9567],[80.0582,7.9634],[80.0397,7.9546]]]}},{"type":"Feature","properties":{"ds_code":"KU14","ds_division":"Kurunegala","district":"Kurunegala","province":"Northwestern"},"geometry":{"type":"MultiPolygon","coordinates":[[[[80.405,7.5421],[80.3872,7.5451],[80.386,7.5376],[80.375,7.5403],[80.3644,7.5306],[80.3566,7.5493],[80.3232,7.5828],[80.3108,7.6052],[80.3257,7.6048],[80.3326,7.6242],[80.3376,7.6244],[80.3618,7.593],[80.3986,7.5678],[80.405,7.5421]]],[[[80.3785,7.3925],[80.3482,7.3871],[80.3427,7.4175],[80.3242,7.4522],[80.3283,7.46],[80.3195,7.4722],[80.3174,7.493],[80.3043,7.5028],[80.3056,7.5097],[80.3413,7.4897],[80.3488,7.5003],[80.3594,7.5019],[80.3576,7.5103],[80.3716,7.5149],[80.3846,7.4758],[80.3693,7.4749],[80.3783,7.4693],[80.3748,7.4553],[80.3609,7.449],[80.3508,7.4257],[80.3668,7.4219],[80.3544,7.402],[80.3739,7.401],[80.3785,7.3925]],[[80.3611,7.3996],[80.3552,7.4003],[80.3562,7.3977],[80.3611,7.3996]],[[80.3422,7.4232],[80.3429,7.4178],[80.3466,7.4218],[80.3459,7.4264],[80.3422,7.4232]]]]}},{"type":"Feature","properties":{"ds_code":"KU28","ds_division":"Udubaddawa","district":"Kurunegala","province":"Northwestern"},"geometry":{"type":"Polygon","coordinates":[[[79.9642,7.4142],[79.9491,7.4186],[79.9391,7.4049],[79.9307,7.4156],[79.924,7.4119],[79.9074,7.4831],[79.9001,7.5571],[79.9107,7.557],[79.9201,7.5427],[79.939,7.5421],[79.9476,7.5253],[79.9629,7.5277],[79.9725,7.5409],[79.9804,7.5373],[79.9762,7.5156],[79.9891,7.526],[79.9947,7.521],[79.9975,7.5091],[79.9899,7.4981],[79.9939,7.4876],[79.9868,7.4871],[79.9862,7.4715],[79.9909,7.4604],[79.987,7.4405],[79.9971,7.4353],[79.9958,7.4221],[79.9913,7.4269],[79.9642,7.4142]]]}},{"type":"Feature","properties":{"ds_code":"KU8","ds_division":"Giribawa","district":"Kurunegala","province":"Northwestern"},"geometry":{"type":"Polygon","coordinates":[[[80.23,8.0335],[80.2162,8.0261],[80.2082,8.0305],[80.1923,8.0237],[80.1881,8.0292],[80.1746,8.0242],[80.1642,8.0288],[80.1669,8.0346],[80.1593,8.0472],[80.1474,8.0518],[80.1522,8.0685],[80.1284,8.0779],[80.115,8.0966],[80.1079,8.1518],[80.0987,8.1674],[80.1045,8.1811],[80.1002,8.1979],[80.1218,8.1809],[80.1838,8.162],[80.1874,8.1512],[80.2058,8.1535],[80.2128,8.1442],[80.2567,8.1284],[80.2681,8.0884],[80.2737,8.0857],[80.2674,8.0657],[80.2291,8.0442],[80.23,8.0335]]]}},{"type":"Feature","properties":{"ds_code":"KU3","ds_division":"Bamunakotuwa","district":"Kurunegala","province":"Northwestern"},"geometry":{"type":"Polygon","coordinates":[[[80.2987,7.4931],[80.2931,7.4879],[80.2858,7.4937],[80.2653,7.494],[80.2661,7.5022],[80.2611,7.5009],[80.2495,7.5211],[80.2373,7.5202],[80.2236,7.5284],[80.2138,7.5196],[80.2057,7.5293],[80.1867,7.5346],[80.1752,7.5465],[80.1748,7.5558],[80.198,7.579],[80.2098,7.5749],[80.2158,7.5867],[80.2426,7.5983],[80.2735,7.5857],[80.2824,7.5916],[80.2966,7.5885],[80.3112,7.5214],[80.2987,7.4931]]]}},{"type":"Feature","properties":{"ds_code":"PU4","ds_division":"Dankotuwa","district":"Puttalam","province":"Northwestern"},"geometry":{"type":"Polygon","coordinates":[[[79.9282,7.2729],[79.9149,7.2769],[79.9161,7.27],[79.9081,7.2652],[79.908,7.2802],[79.9059,7.2746],[79.8993,7.2814],[79.8902,7.2734],[79.8698,7.2868],[79.87,7.2822],[79.863,7.2829],[79.8605,7.2925],[79.8736,7.3281],[79.8792,7.3239],[79.8907,7.3327],[79.8864,7.3393],[79.8774,7.3376],[79.8733,7.3501],[79.8793,7.3701],[79.889,7.3717],[79.8983,7.3636],[79.9037,7.3768],[79.9112,7.3687],[79.9302,7.3792],[79.9381,7.3462],[79.9416,7.2762],[79.9233,7.2839],[79.9282,7.2729]]]}},{"type":"Feature","properties":{"ds_code":"KU29","ds_division":"Wariyapola","district":"Kurunegala","province":"Northwestern"},"geometry":{"type":"Polygon","coordinates":[[[80.3453,7.6136],[80.3326,7.6242],[80.327,7.6059],[80.3159,7.603],[80.3132,7.6318],[80.3043,7.6547],[80.2903,7.6691],[80.2962,7.5887],[80.2824,7.5916],[80.2735,7.5857],[80.2466,7.5992],[80.2161,7.5868],[80.2174,7.614],[80.1961,7.6174],[80.1861,7.634],[80.1754,7.6337],[80.1695,7.6418],[80.1703,7.68],[80.1619,7.6998],[80.153,7.6961],[80.1587,7.7195],[80.182,7.7302],[80.2244,7.7272],[80.2362,7.7356],[80.2494,7.7255],[80.2659,7.7272],[80.2771,7.7159],[80.2819,7.691],[80.2918,7.6925],[80.3188,7.6604],[80.3175,7.65],[80.331,7.632],[80.3428,7.6315],[80.3453,7.6136]]]}},{"type":"Feature","properties":{"ds_code":"PU2","ds_division":"Arachchikattuwa","district":"Puttalam","province":"Northwestern"},"geometry":{"type":"Polygon","coordinates":[[[79.8755,7.6214],[79.8505,7.6223],[79.8464,7.6102],[79.8364,7.616],[79.8299,7.6092],[79.8228,7.6118],[79.8206,7.5997],[79.803,7.6034],[79.8038,7.6143],[79.7861,7.6042],[79.7965,7.6121],[79.7998,7.6251],[79.7927,7.7287],[79.8053,7.7244],[79.8018,7.7507],[79.8216,7.7454],[79.8217,7.7383],[79.8378,7.733],[79.8519,7.7357],[79.8543,7.7438],[79.8884,7.7398],[79.89,7.7329],[79.8959,7.7328],[79.8929,7.7206],[79.913,7.7257],[79.9002,7.6611],[79.9059,7.6167],[79.8831,7.6313],[79.8755,7.6214]]]}},{"type":"Feature","properties":{"ds_code":"KU6","ds_division":"Galgamuwa","district":"Kurunegala","province":"Northwestern"},"geometry":{"type":"Polygon","coordinates":[[[80.141,7.9547],[80.1332,7.9653],[80.1497,7.9985],[80.1435,8.0058],[80.1474,8.0518],[80.1593,8.0472],[80.1669,8.0346],[80.1642,8.0288],[80.1746,8.0242],[80.2082,8.0305],[80.2162,8.0261],[80.23,8.0335],[80.2316,8.0482],[80.2433,8.0493],[80.2604,8.0663],[80.2674,8.0657],[80.2737,8.0857],[80.2681,8.0884],[80.2567,8.1284],[80.2671,8.1153],[80.3093,8.1183],[80.3334,8.0895],[80.3652,8.0674],[80.37,8.0468],[80.3577,8.0491],[80.343,8.0439],[80.3545,8.0295],[80.3492,8.019],[80.3536,8.0086],[80.3385,8.0076],[80.3382,7.9963],[80.349,7.9874],[80.3415,7.9825],[80.331,7.9883],[80.3259,7.9848],[80.3264,7.9668],[80.3177,7.9572],[80.3088,7.957],[80.3089,7.9431],[80.2951,7.9384],[80.2968,7.934],[80.2772,7.9383],[80.2729,7.9548],[80.2636,7.9624],[80.2594,7.9561],[80.2616,7.9681],[80.2488,7.98],[80.221,7.9726],[80.2138,7.9567],[80.193,7.9487],[80.1682,7.9493],[80.1543,7.9583],[80.141,7.9547]]]}},{"type":"Feature","properties":{"ds_code":"PU9","ds_division":"Mahawewa","district":"Puttalam","province":"Northwestern"},"geometry":{"type":"Polygon","coordinates":[[[79.9092,7.425],[79.9087,7.4311],[79.8967,7.4359],[79.8911,7.4312],[79.8805,7.4419],[79.8686,7.4285],[79.8505,7.4301],[79.8387,7.4107],[79.8172,7.408],[79.7931,7.5199],[79.8137,7.5194],[79.8118,7.4791],[79.8224,7.4715],[79.8558,7.4679],[79.8694,7.4747],[79.8919,7.4725],[79.907,7.4855],[79.9175,7.4342],[79.9092,7.425]]]}},{"type":"Feature","properties":{"ds_code":"KU4","ds_division":"Bingiriya","district":"Kurunegala","province":"Northwestern"},"geometry":{"type":"Polygon","coordinates":[[[80.0348,7.5504],[80.0241,7.5416],[80.0043,7.5444],[79.9762,7.5155],[79.9792,7.5397],[79.9715,7.5409],[79.9629,7.5277],[79.9476,7.5253],[79.939,7.5421],[79.9201,7.5427],[79.9107,7.557],[79.9001,7.5571],[79.9065,7.6201],[79.921,7.6337],[79.9238,7.6465],[79.9335,7.65],[79.9232,7.6565],[79.9342,7.6807],[79.9415,7.6766],[79.947,7.6826],[79.9488,7.676],[79.9585,7.6734],[79.9666,7.6906],[79.9711,7.6849],[79.9792,7.6882],[79.9912,7.7056],[79.9984,7.6975],[79.9875,7.6899],[79.9916,7.6833],[80.0098,7.6891],[80.0222,7.6854],[80.029,7.6746],[80.0442,7.6834],[80.0481,7.6794],[80.0378,7.6684],[80.0385,7.6595],[80.0133,7.6499],[79.9932,7.6081],[80.018,7.6162],[80.0126,7.5826],[80.0304,7.5731],[80.0348,7.5504]]]}},{"type":"Feature","properties":{"ds_code":"PU16","ds_division":"Wennappuwa","district":"Puttalam","province":"Northwestern"},"geometry":{"type":"Polygon","coordinates":[[[79.8595,7.2701],[79.8541,7.277],[79.841,7.2729],[79.8271,7.3562],[79.841,7.3582],[79.8503,7.3526],[79.8551,7.3583],[79.8524,7.3691],[79.8765,7.3703],[79.8774,7.3376],[79.8864,7.3393],[79.8907,7.3327],[79.8792,7.3239],[79.8736,7.3281],[79.8747,7.3212],[79.869,7.3193],[79.8605,7.2925],[79.8637,7.2818],[79.8709,7.2827],[79.8687,7.2842],[79.8692,7.2869],[79.8738,7.2826],[79.8595,7.2701]]]}},{"type":"Feature","properties":{"ds_code":"PU13","ds_division":"Pallama","district":"Puttalam","province":"Northwestern"},"geometry":{"type":"Polygon","coordinates":[[[79.9335,7.65],[79.9238,7.6465],[79.921,7.6337],[79.9059,7.6169],[79.9002,7.6611],[79.9035,7.6936],[79.9151,7.7214],[79.9098,7.7262],[79.8929,7.7206],[79.8959,7.7328],[79.89,7.7329],[79.8909,7.7386],[79.8738,7.7401],[79.8707,7.7805],[79.9274,7.7696],[79.9314,7.776],[79.9429,7.7771],[79.9514,7.7703],[79.9621,7.7867],[79.9947,7.7938],[80.0023,7.7786],[79.9929,7.7616],[79.9997,7.7447],[79.9823,7.7357],[79.976,7.7237],[79.9556,7.7203],[79.9543,7.7013],[79.9389,7.6925],[79.9544,7.6943],[79.9634,7.6868],[79.9599,7.6745],[79.9488,7.676],[79.947,7.6826],[79.9415,7.6766],[79.9349,7.6811],[79.9241,7.6591],[79.9335,7.65]]]}},{"type":"Feature","properties":{"ds_code":"KU5","ds_division":"Ehetuwewa","district":"Kurunegala","province":"Northwestern"},"geometry":{"type":"Polygon","coordinates":[[[80.2825,7.9016],[80.2695,7.9354],[80.2582,7.9468],[80.2627,7.9612],[80.2729,7.9548],[80.2731,7.9439],[80.2772,7.9383],[80.2968,7.934],[80.2951,7.9384],[80.3089,7.9431],[80.3088,7.957],[80.3177,7.9572],[80.3264,7.9668],[80.3259,7.9848],[80.331,7.9883],[80.3415,7.9825],[80.349,7.9874],[80.3382,7.9963],[80.3385,8.0076],[80.3536,8.0086],[80.3492,8.019],[80.3545,8.0295],[80.343,8.0439],[80.37,8.0468],[80.3657,8.0572],[80.3669,8.0655],[80.3697,8.0575],[80.3928,8.0482],[80.4057,8.056],[80.42,8.0421],[80.4154,8.0064],[80.4242,7.9864],[80.4258,7.9615],[80.4177,7.9498],[80.4083,7.953],[80.4012,7.9655],[80.3902,7.9672],[80.3851,7.9607],[80.3834,7.939],[80.3684,7.9114],[80.3788,7.9105],[80.3785,7.8857],[80.3717,7.8795],[80.3593,7.8805],[80.3487,7.8877],[80.3391,7.8845],[80.3305,7.894],[80.2825,7.9016]]]}},{"type":"Feature","properties":{"ds_code":"PU5","ds_division":"Kalpitiya","district":"Puttalam","province":"Northwestern"},"geometry":{"type":"MultiPolygon","coordinates":[[[[79.7483,8.1768],[79.7508,8.1776],[79.7513,8.1758],[79.7483,8.1768]]],[[[79.7847,8.2174],[79.7855,8.215],[79.7819,8.2159],[79.7847,8.2174]]],[[[79.78,8.2347],[79.7783,8.2331],[79.7783,8.2365],[79.78,8.2347]]],[[[79.775,8.245],[79.7756,8.2458],[79.7764,8.2455],[79.775,8.245]]],[[[79.8084,8.3394],[79.8107,8.338],[79.8048,8.3366],[79.8101,8.3329],[79.8067,8.3249],[79.8156,8.3222],[79.8092,8.3185],[79.7996,8.342],[79.8084,8.3394]]],[[[79.788,8.5103],[79.7802,8.493],[79.7912,8.4641],[79.809,8.4484],[79.8105,8.4033],[79.806,8.4065],[79.8062,8.4453],[79.7863,8.4692],[79.7763,8.5021],[79.7861,8.5254],[79.7827,8.5422],[79.7885,8.5465],[79.788,8.5103]]],[[[79.7902,8.284],[79.7899,8.2861],[79.7952,8.2838],[79.7902,8.284]]],[[[79.8023,8.3045],[79.7955,8.3051],[79.7985,8.2942],[79.7937,8.299],[79.7936,8.304],[79.795,8.306],[79.8023,8.3045]]],[[[79.7862,8.274],[79.7855,8.275],[79.7863,8.2752],[79.7862,8.274]]],[[[79.7859,8.2681],[79.7817,8.2623],[79.7748,8.2688],[79.7769,8.275],[79.7859,8.2681]]],[[[79.7725,8.2731],[79.772,8.2788],[79.774,8.2743],[79.7725,8.2731]]],[[[79.7682,8.2785],[79.7689,8.2764],[79.7631,8.2745],[79.7614,8.2785],[79.7682,8.2785]]],[[[79.7547,8.1796],[79.7554,8.1807],[79.7572,8.1791],[79.7547,8.1796]]],[[[79.7681,8.1801],[79.7553,8.1732],[79.7753,8.187],[79.7751,8.1928],[79.7791,8.1893],[79.7681,8.1801]]],[[[79.7487,8.179],[79.7492,8.1801],[79.7494,8.1792],[79.7487,8.179]]],[[[79.7881,7.9787],[79.8218,7.9802],[79.824,7.9707],[79.8106,7.9688],[79.8057,7.9504],[79.7951,7.9587],[79.7935,7.9445],[79.7786,7.9448],[79.7786,7.9536],[79.7608,7.9614],[79.7572,7.9403],[79.7633,7.9302],[79.7498,7.9282],[79.7448,7.9344],[79.7061,8.0572],[79.7073,8.0908],[79.7013,8.1126],[79.705,8.1563],[79.6924,8.2077],[79.7013,8.2202],[79.715,8.2185],[79.7341,8.2339],[79.7447,8.2818],[79.7728,8.3481],[79.7747,8.3766],[79.7772,8.3795],[79.7872,8.384],[79.7793,8.3778],[79.784,8.3645],[79.7582,8.3031],[79.7676,8.3012],[79.7526,8.2852],[79.7587,8.2769],[79.7564,8.2733],[79.7637,8.2683],[79.7493,8.2511],[79.7567,8.2537],[79.7533,8.2485],[79.7471,8.2517],[79.7389,8.2501],[79.7407,8.2452],[79.7312,8.2284],[79.7402,8.2309],[79.7673,8.2631],[79.7768,8.2614],[79.7656,8.2417],[79.7689,8.2172],[79.7561,8.2248],[79.7376,8.2017],[79.7493,8.182],[79.7431,8.1753],[79.7464,8.1661],[79.739,8.1442],[79.7282,8.1385],[79.7271,8.1235],[79.7358,8.1096],[79.7313,8.0848],[79.7393,8.0709],[79.7551,8.0634],[79.7419,8.0546],[79.7451,8.0346],[79.7363,8.0152],[79.7464,7.9937],[79.7881,7.9787]],[[79.7505,8.2641],[79.7589,8.2678],[79.7586,8.2695],[79.7571,8.2714],[79.7564,8.2733],[79.7505,8.2641]]],[[[79.7672,8.2125],[79.7688,8.2075],[79.7651,8.2128],[79.7672,8.2125]]]]}},{"type":"Feature","properties":{"ds_code":"KU21","ds_division":"Panduwasnuwara East","district":"Kurunegala","province":"Northwestern"},"geometry":{"type":"Polygon","coordinates":[[[80.1618,7.5248],[80.1472,7.5148],[80.1452,7.4985],[80.1314,7.4996],[80.1282,7.5085],[80.1203,7.5098],[80.1053,7.5005],[80.0916,7.516],[80.0809,7.5087],[80.0734,7.5171],[80.0756,7.5272],[80.0867,7.5309],[80.0826,7.5428],[80.0911,7.5536],[80.0909,7.5756],[80.101,7.5731],[80.1239,7.5815],[80.1305,7.5993],[80.146,7.5867],[80.1494,7.5948],[80.174,7.5957],[80.1943,7.6199],[80.2174,7.614],[80.2201,7.6057],[80.2104,7.5757],[80.198,7.579],[80.1748,7.5558],[80.1618,7.5248]]]}},{"type":"Feature","properties":{"ds_code":"KU13","ds_division":"Kuliyapitiya West","district":"Kurunegala","province":"Northwestern"},"geometry":{"type":"Polygon","coordinates":[[[80.1219,7.4171],[80.1105,7.4034],[80.101,7.4113],[80.0859,7.3987],[80.0732,7.4069],[80.0671,7.4302],[80.01,7.4235],[79.9981,7.4274],[79.9971,7.4353],[79.987,7.4406],[79.9868,7.4871],[79.9939,7.4876],[79.9899,7.4981],[79.9975,7.5091],[79.9872,7.5263],[79.9946,7.5384],[80.0081,7.5454],[80.0239,7.5416],[80.0347,7.5555],[80.0462,7.5554],[80.0521,7.5469],[80.0443,7.5122],[80.0473,7.4916],[80.0533,7.4899],[80.0718,7.4924],[80.0788,7.504],[80.0747,7.5081],[80.091,7.516],[80.1053,7.5005],[80.1185,7.5095],[80.1282,7.5085],[80.1268,7.5039],[80.1429,7.4923],[80.1177,7.4678],[80.1238,7.4548],[80.1154,7.4423],[80.1272,7.4367],[80.1219,7.4171]]]}},{"type":"Feature","properties":{"ds_code":"KU17","ds_division":"Maspotha","district":"Kurunegala","province":"Northwestern"},"geometry":{"type":"Polygon","coordinates":[[[80.3482,7.4932],[80.3337,7.4901],[80.3077,7.5095],[80.3103,7.535],[80.2944,7.5954],[80.2903,7.6691],[80.3043,7.6547],[80.3132,7.6318],[80.3109,7.5988],[80.3566,7.5493],[80.3705,7.5162],[80.3576,7.5103],[80.3594,7.5019],[80.3481,7.4997],[80.3482,7.4932]]]}},{"type":"Feature","properties":{"ds_code":"PU3","ds_division":"Chilaw","district":"Puttalam","province":"Northwestern"},"geometry":{"type":"Polygon","coordinates":[[[79.8246,7.5144],[79.7931,7.5199],[79.7861,7.6042],[79.8038,7.6143],[79.803,7.6034],[79.8206,7.5997],[79.8215,7.611],[79.8308,7.6095],[79.8364,7.616],[79.8465,7.6102],[79.8515,7.6228],[79.8755,7.6214],[79.8839,7.6314],[79.8982,7.625],[79.9059,7.6167],[79.9051,7.5882],[79.8747,7.5791],[79.8751,7.5635],[79.8662,7.5563],[79.8476,7.5596],[79.8478,7.554],[79.8429,7.5629],[79.838,7.5599],[79.8324,7.5384],[79.8254,7.5359],[79.8246,7.5144]]]}},{"type":"Feature","properties":{"ds_code":"PU7","ds_division":"Madampe","district":"Puttalam","province":"Northwestern"},"geometry":{"type":"Polygon","coordinates":[[[79.8919,7.4725],[79.8694,7.4747],[79.8558,7.4679],[79.8224,7.4715],[79.8139,7.4753],[79.8115,7.4847],[79.8142,7.5121],[79.8261,7.5155],[79.8248,7.5353],[79.8324,7.5384],[79.838,7.5599],[79.8429,7.5629],[79.8478,7.554],[79.8476,7.5596],[79.8662,7.5563],[79.8751,7.5635],[79.8747,7.5791],[79.8984,7.5901],[79.9046,7.5877],[79.9003,7.5482],[79.907,7.4862],[79.8919,7.4725]]]}},{"type":"Feature","properties":{"ds_code":"KU18","ds_division":"Mawathagama","district":"Kurunegala","province":"Northwestern"},"geometry":{"type":"Polygon","coordinates":[[[80.5192,7.3893],[80.5074,7.3858],[80.47,7.4133],[80.4618,7.4109],[80.4722,7.3933],[80.4513,7.3615],[80.4593,7.3513],[80.4458,7.3574],[80.4362,7.3535],[80.4282,7.36],[80.4138,7.357],[80.4162,7.3743],[80.4072,7.3863],[80.4076,7.4053],[80.4022,7.4154],[80.3963,7.4149],[80.4154,7.4234],[80.411,7.4463],[80.4028,7.4556],[80.4104,7.4637],[80.4018,7.4652],[80.4096,7.4679],[80.4056,7.4751],[80.4127,7.4846],[80.4142,7.5088],[80.4271,7.519],[80.4308,7.5075],[80.4411,7.5074],[80.4468,7.4908],[80.4369,7.4803],[80.4549,7.4716],[80.464,7.4588],[80.4657,7.4383],[80.4826,7.4242],[80.4853,7.4283],[80.4954,7.422],[80.503,7.4302],[80.5173,7.4164],[80.5192,7.3893]]]}},{"type":"Feature","properties":{"ds_code":"KU22","ds_division":"Panduwasnuwara West","district":"Kurunegala","province":"Northwestern"},"geometry":{"type":"Polygon","coordinates":[[[80.1494,7.5948],[80.146,7.5867],[80.1305,7.5993],[80.1239,7.5815],[80.101,7.5731],[80.0909,7.5756],[80.0911,7.5536],[80.0826,7.5428],[80.0867,7.5309],[80.0756,7.5272],[80.0733,7.5201],[80.0823,7.5119],[80.0747,7.5081],[80.0752,7.4955],[80.0533,7.4899],[80.0473,7.4916],[80.0443,7.5122],[80.0519,7.5478],[80.0462,7.5554],[80.0336,7.5544],[80.0304,7.5731],[80.0126,7.5826],[80.018,7.6162],[79.9932,7.6081],[80.0133,7.6499],[80.0385,7.6595],[80.0378,7.6684],[80.0479,7.6792],[80.0569,7.6798],[80.0659,7.66],[80.1031,7.6576],[80.1034,7.6434],[80.1193,7.6378],[80.1156,7.6275],[80.1222,7.6204],[80.1342,7.6355],[80.1488,7.6327],[80.1545,7.6252],[80.1688,7.625],[80.1712,7.6347],[80.1861,7.634],[80.1945,7.6209],[80.1903,7.6116],[80.174,7.5957],[80.1494,7.5948]]]}},{"type":"Feature","properties":{"ds_code":"PU6","ds_division":"Karuwalagaswewa","district":"Puttalam","province":"Northwestern"},"geometry":{"type":"Polygon","coordinates":[[[80.0155,7.9887],[80.002,7.9804],[79.9983,7.9625],[79.968,7.9616],[79.9567,7.9701],[79.9513,7.988],[79.9208,8.0015],[79.9145,8.0196],[79.9229,8.0473],[79.9155,8.0703],[79.8795,8.0984],[79.884,8.1053],[79.9033,8.1033],[79.9071,8.1153],[79.9265,8.1163],[79.9257,8.1681],[79.9365,8.1723],[79.9426,8.1941],[79.9409,8.2075],[79.9256,8.2084],[79.9267,8.2875],[79.9474,8.2781],[79.9575,8.2428],[80.0182,8.2246],[80.0374,8.2365],[80.0631,8.2192],[80.0786,8.2234],[80.0863,8.2109],[80.0962,8.2089],[80.104,8.1896],[80.0999,8.1607],[80.1079,8.1518],[80.115,8.0966],[80.1256,8.0822],[80.0865,8.0756],[80.0563,8.082],[80.0482,8.0482],[80.0155,7.9887]]]}},{"type":"Feature","properties":{"ds_code":"PU8","ds_division":"Mahakumbukkadawala","district":"Puttalam","province":"Northwestern"},"geometry":{"type":"Polygon","coordinates":[[[79.9514,7.7703],[79.9429,7.7771],[79.9314,7.776],[79.9274,7.7696],[79.8709,7.7805],[79.8416,7.7683],[79.8364,7.776],[79.8479,7.7814],[79.8459,7.8119],[79.8528,7.829],[79.8668,7.8419],[79.8571,7.8687],[79.9049,7.9766],[79.915,7.9752],[79.9186,7.9436],[79.9287,7.9413],[79.9335,7.9255],[79.9273,7.9177],[79.9332,7.9118],[79.9265,7.9016],[79.9298,7.8739],[79.9418,7.8762],[79.9455,7.866],[79.9353,7.8637],[79.9348,7.8579],[79.9527,7.8505],[79.9606,7.856],[79.9734,7.8301],[79.9571,7.8102],[79.9658,7.7866],[79.9554,7.7817],[79.9514,7.7703]]]}},{"type":"Feature","properties":{"ds_code":"KU9","ds_division":"Ibbagamuwa","district":"Kurunegala","province":"Northwestern"},"geometry":{"type":"Polygon","coordinates":[[[80.4467,7.5041],[80.4308,7.5075],[80.4259,7.5291],[80.4113,7.5401],[80.3992,7.5672],[80.3895,7.5727],[80.4076,7.5803],[80.4141,7.5953],[80.4102,7.6394],[80.419,7.6366],[80.4522,7.6482],[80.4526,7.6704],[80.4437,7.6733],[80.4329,7.6915],[80.4406,7.7025],[80.4727,7.7034],[80.4662,7.7118],[80.479,7.718],[80.4913,7.718],[80.4983,7.6934],[80.514,7.6935],[80.5245,7.7049],[80.5449,7.7092],[80.5538,7.6692],[80.5461,7.6547],[80.5562,7.6331],[80.5388,7.6366],[80.5246,7.6222],[80.5069,7.6232],[80.5055,7.5995],[80.4859,7.5946],[80.4996,7.5906],[80.489,7.5536],[80.4756,7.5324],[80.4835,7.5235],[80.4467,7.5041]]]}},{"type":"Feature","properties":{"ds_code":"KU26","ds_division":"Rasnayakapura","district":"Kurunegala","province":"Northwestern"},"geometry":{"type":"Polygon","coordinates":[[[79.9391,7.6945],[79.9543,7.7013],[79.9556,7.7203],[79.976,7.7237],[79.9823,7.7357],[79.9997,7.7447],[79.9929,7.7616],[80.0023,7.7786],[79.9947,7.7932],[79.9986,7.8118],[80.0116,7.8153],[80.0056,7.8299],[80.028,7.8415],[80.0398,7.8326],[80.0675,7.8417],[80.0668,7.8318],[80.0476,7.8228],[80.0844,7.8029],[80.0919,7.784],[80.0877,7.7776],[80.0736,7.7777],[80.0752,7.7659],[80.0674,7.7548],[80.0716,7.7475],[80.0596,7.7385],[80.061,7.7314],[80.029,7.7216],[80.0192,7.7075],[80.0018,7.7052],[79.9996,7.6975],[79.9889,7.7051],[79.9731,7.6853],[79.9684,7.6908],[79.9391,7.6945]]]}},{"type":"Feature","properties":{"ds_code":"KU25","ds_division":"Polpitigama","district":"Kurunegala","province":"Northwestern"},"geometry":{"type":"Polygon","coordinates":[[[80.4953,7.6952],[80.4913,7.718],[80.479,7.718],[80.4662,7.7118],[80.4727,7.7034],[80.4404,7.7025],[80.4272,7.6895],[80.3944,7.699],[80.3749,7.6755],[80.3582,7.685],[80.3494,7.6988],[80.3295,7.7037],[80.3448,7.7428],[80.3628,7.761],[80.3554,7.7883],[80.3589,7.818],[80.3522,7.8187],[80.3519,7.8263],[80.3626,7.8293],[80.3705,7.8663],[80.3677,7.8795],[80.379,7.8866],[80.3788,7.9105],[80.3684,7.9114],[80.3807,7.9319],[80.3902,7.9672],[80.4012,7.9655],[80.4083,7.953],[80.4184,7.9487],[80.4349,7.9461],[80.4485,7.9547],[80.4603,7.9456],[80.4646,7.9095],[80.4799,7.881],[80.4688,7.85],[80.4786,7.8421],[80.4838,7.8235],[80.5013,7.8169],[80.4958,7.8096],[80.4979,7.7833],[80.5044,7.7749],[80.5184,7.774],[80.5294,7.7445],[80.5375,7.7378],[80.5365,7.7096],[80.5414,7.7056],[80.5245,7.7049],[80.5156,7.6944],[80.4953,7.6952]]]}},{"type":"Feature","properties":{"ds_code":"KU7","ds_division":"Ganewatta","district":"Kurunegala","province":"Northwestern"},"geometry":{"type":"Polygon","coordinates":[[[80.4526,7.6704],[80.4522,7.6482],[80.419,7.6366],[80.4102,7.6394],[80.4141,7.5953],[80.4076,7.5803],[80.3895,7.5727],[80.3618,7.593],[80.3447,7.617],[80.3428,7.6315],[80.3314,7.6316],[80.3184,7.6481],[80.3191,7.66],[80.3076,7.6763],[80.2933,7.6851],[80.2918,7.6925],[80.2819,7.691],[80.2778,7.7104],[80.2987,7.7036],[80.3009,7.7193],[80.3212,7.722],[80.3275,7.7292],[80.3244,7.7396],[80.3334,7.7475],[80.3443,7.734],[80.3295,7.7037],[80.3494,7.6988],[80.3658,7.6782],[80.3749,7.6755],[80.3955,7.6991],[80.4155,7.6896],[80.4322,7.6927],[80.4526,7.6704]]]}},{"type":"Feature","properties":{"ds_code":"PU11","ds_division":"Nattandiya","district":"Puttalam","province":"Northwestern"},"geometry":{"type":"Polygon","coordinates":[[[79.8973,7.3712],[79.8991,7.3637],[79.889,7.3717],[79.8524,7.3691],[79.8551,7.3583],[79.8503,7.3526],[79.841,7.3582],[79.8271,7.3562],[79.8172,7.408],[79.8387,7.4107],[79.8505,7.4301],[79.8686,7.4285],[79.8805,7.4419],[79.8911,7.4312],[79.8967,7.4359],[79.9087,7.4311],[79.9092,7.425],[79.9175,7.4342],[79.9302,7.3792],[79.9112,7.3687],[79.9037,7.3768],[79.8973,7.3712]]]}},{"type":"Feature","properties":{"ds_code":"PU15","ds_division":"Vanathavilluwa","district":"Puttalam","province":"Northwestern"},"geometry":{"type":"MultiPolygon","coordinates":[[[[79.8125,8.1651],[79.8106,8.1619],[79.808,8.1649],[79.8056,8.1751],[79.8125,8.1651]]],[[[79.9265,8.1163],[79.9071,8.1153],[79.9033,8.1033],[79.8825,8.1044],[79.8687,8.0838],[79.8499,8.0884],[79.8469,8.102],[79.8344,8.1128],[79.8295,8.1066],[79.8179,8.1089],[79.82,8.1246],[79.8347,8.1298],[79.8336,8.1509],[79.8192,8.1632],[79.816,8.1822],[79.824,8.1824],[79.8189,8.2061],[79.7945,8.2238],[79.7928,8.2268],[79.7929,8.2281],[79.7988,8.222],[79.8107,8.2241],[79.7997,8.2332],[79.7895,8.2331],[79.8102,8.2382],[79.8165,8.2686],[79.8336,8.2914],[79.8375,8.3127],[79.8324,8.3245],[79.8462,8.3511],[79.8429,8.4221],[79.8481,8.441],[79.8645,8.4526],[79.8615,8.474],[79.8708,8.5363],[79.915,8.5488],[79.9198,8.5672],[79.9367,8.5561],[79.9472,8.5606],[79.9556,8.5522],[79.9766,8.5531],[79.9891,8.5434],[80.0019,8.5448],[80.0078,8.5361],[80.033,8.5264],[80.0432,8.499],[80.0196,8.445],[79.9889,8.4219],[79.9913,8.4158],[79.9813,8.3996],[79.9554,8.395],[79.9518,8.3698],[79.9748,8.3384],[79.9826,8.2777],[79.9964,8.2537],[80.0,8.2278],[79.9862,8.2377],[79.9575,8.2428],[79.9474,8.2781],[79.9267,8.2875],[79.9256,8.2084],[79.9409,8.2075],[79.9426,8.1941],[79.9365,8.1723],[79.9257,8.1681],[79.9265,8.1163]]]]}},{"type":"Feature","properties":{"ds_code":"KU27","ds_division":"Rideegama","district":"Kurunegala","province":"Northwestern"},"geometry":{"type":"Polygon","coordinates":[[[80.5558,7.4174],[80.5485,7.4143],[80.5388,7.4213],[80.528,7.4119],[80.5194,7.4126],[80.5021,7.4305],[80.4954,7.422],[80.4853,7.4283],[80.4826,7.4242],[80.4652,7.4391],[80.4643,7.4582],[80.4551,7.4714],[80.4369,7.4803],[80.4468,7.4908],[80.4411,7.5074],[80.4527,7.506],[80.4835,7.5235],[80.4756,7.5324],[80.489,7.5536],[80.4996,7.5906],[80.4876,7.5901],[80.4868,7.5964],[80.5052,7.5991],[80.507,7.6233],[80.5246,7.6222],[80.5388,7.6366],[80.5653,7.6318],[80.5662,7.6201],[80.5779,7.605],[80.5688,7.5932],[80.5748,7.5748],[80.5624,7.5729],[80.5525,7.5509],[80.5524,7.5384],[80.5658,7.5242],[80.5639,7.5137],[80.5689,7.5167],[80.5739,7.5089],[80.571,7.4872],[80.5764,7.4788],[80.5699,7.4781],[80.5665,7.4591],[80.5573,7.4565],[80.555,7.4491],[80.5407,7.4494],[80.5496,7.4399],[80.5558,7.4174]]]}},{"type":"Feature","properties":{"ds_code":"PU10","ds_division":"Mundel","district":"Puttalam","province":"Northwestern"},"geometry":{"type":"Polygon","coordinates":[[[79.8046,7.7236],[79.7927,7.7287],[79.7448,7.9344],[79.7498,7.9282],[79.7633,7.9302],[79.7572,7.9403],[79.7608,7.9614],[79.7786,7.9536],[79.7786,7.9448],[79.7935,7.9445],[79.7951,7.9587],[79.8057,7.9504],[79.8151,7.9689],[79.8223,7.9671],[79.8223,7.9604],[79.854,7.9506],[79.8491,7.9405],[79.8598,7.9444],[79.8873,7.9322],[79.8571,7.8687],[79.8669,7.8423],[79.8528,7.829],[79.8459,7.8119],[79.8479,7.7814],[79.8364,7.776],[79.8417,7.7683],[79.8707,7.7805],[79.8732,7.7431],[79.8542,7.7438],[79.8519,7.7357],[79.8378,7.733],[79.8217,7.7383],[79.8216,7.7454],[79.8021,7.7507],[79.8046,7.7236]]]}},{"type":"Feature","properties":{"ds_code":"KU15","ds_division":"Maho","district":"Kurunegala","province":"Northwestern"},"geometry":{"type":"Polygon","coordinates":[[[80.2987,7.7036],[80.2931,7.703],[80.2778,7.7104],[80.2659,7.7272],[80.2494,7.7255],[80.2362,7.7356],[80.2364,7.7426],[80.2454,7.7473],[80.2324,7.7541],[80.2357,7.7646],[80.2239,7.7725],[80.2293,7.7884],[80.221,7.7731],[80.2048,7.7869],[80.209,7.8001],[80.2031,7.7974],[80.1976,7.8049],[80.2029,7.8156],[80.1959,7.8367],[80.2075,7.8457],[80.2442,7.8515],[80.2457,7.8723],[80.256,7.866],[80.2712,7.877],[80.2875,7.8663],[80.292,7.8743],[80.3069,7.872],[80.2936,7.8801],[80.2928,7.8969],[80.3124,7.897],[80.3305,7.894],[80.3411,7.8839],[80.3487,7.8877],[80.3662,7.882],[80.3707,7.8709],[80.3626,7.8293],[80.3519,7.8263],[80.3522,7.8187],[80.3589,7.818],[80.3554,7.7883],[80.3628,7.761],[80.344,7.7408],[80.3302,7.7466],[80.324,7.7386],[80.3274,7.7287],[80.3183,7.72],[80.303,7.7196],[80.2987,7.7036]]]}},{"type":"Feature","properties":{"ds_code":"KU10","ds_division":"Kobeigane","district":"Kurunegala","province":"Northwestern"},"geometry":{"type":"Polygon","coordinates":[[[80.1222,7.6204],[80.1156,7.6275],[80.1193,7.6378],[80.1034,7.6434],[80.1072,7.6504],[80.1027,7.6578],[80.0659,7.66],[80.0582,7.6793],[80.0442,7.6834],[80.029,7.6746],[80.0222,7.6854],[80.0078,7.6891],[79.9916,7.6833],[79.9875,7.6899],[80.0018,7.7052],[80.0189,7.7072],[80.0285,7.7213],[80.0422,7.7254],[80.0693,7.7183],[80.0761,7.73],[80.087,7.7343],[80.1225,7.7173],[80.1475,7.7262],[80.1608,7.7157],[80.153,7.6961],[80.1619,7.6998],[80.1703,7.68],[80.1661,7.6668],[80.1728,7.6565],[80.1677,7.6468],[80.1754,7.6337],[80.1699,7.6338],[80.1706,7.6276],[80.1688,7.625],[80.1545,7.6252],[80.1488,7.6327],[80.1329,7.6351],[80.1222,7.6204]]]}},{"type":"Feature","properties":{"ds_code":"RA16","ds_division":"Pelmadulla","district":"Ratnapura","province":"Sabaragamuwa"},"geometry":{"type":"Polygon","coordinates":[[[80.4112,6.6137],[80.405,6.6164],[80.4028,6.6257],[80.4091,6.626],[80.4022,6.6477],[80.4056,6.6534],[80.4154,6.6528],[80.4074,6.671],[80.4591,6.6639],[80.4453,6.6832],[80.4541,6.7035],[80.4766,6.6928],[80.4895,6.6755],[80.517,6.6803],[80.5293,6.6664],[80.5822,6.6548],[80.5856,6.6472],[80.5756,6.6322],[80.582,6.6299],[80.5837,6.6137],[80.6078,6.5865],[80.5986,6.5799],[80.522,6.577],[80.5072,6.5863],[80.5257,6.5896],[80.5204,6.6095],[80.5028,6.6134],[80.4864,6.6282],[80.4663,6.6369],[80.4451,6.6268],[80.4333,6.6315],[80.4112,6.6137]]]}},{"type":"Feature","properties":{"ds_code":"KE7","ds_division":"Mawanella","district":"Kegalle","province":"Sabaragamuwa"},"geometry":{"type":"Polygon","coordinates":[[[80.5249,7.1475],[80.5203,7.1541],[80.5104,7.1483],[80.4976,7.1654],[80.4896,7.1642],[80.487,7.1791],[80.4661,7.1927],[80.4677,7.2026],[80.4823,7.2092],[80.48,7.2182],[80.4679,7.2219],[80.4644,7.2298],[80.4428,7.2234],[80.4431,7.2124],[80.4318,7.2105],[80.4263,7.231],[80.3919,7.2247],[80.3849,7.2531],[80.4187,7.2477],[80.4135,7.2875],[80.4283,7.2857],[80.4285,7.2947],[80.4498,7.2857],[80.4507,7.2955],[80.4637,7.3029],[80.4824,7.2837],[80.4788,7.2681],[80.5083,7.255],[80.5215,7.2353],[80.5208,7.2224],[80.512,7.2132],[80.5146,7.2067],[80.5439,7.1804],[80.5487,7.1679],[80.5321,7.1687],[80.5277,7.1614],[80.534,7.1536],[80.5249,7.1475]]]}},{"type":"Feature","properties":{"ds_code":"KE3","ds_division":"Dehiowita","district":"Kegalle","province":"Sabaragamuwa"},"geometry":{"type":"Polygon","coordinates":[[[80.2804,6.8714],[80.2678,6.8745],[80.2514,6.9011],[80.2421,6.9072],[80.2344,6.9034],[80.2257,6.9305],[80.2164,6.9164],[80.2105,6.9171],[80.2081,6.9375],[80.2206,6.9359],[80.2239,6.9416],[80.2181,6.9731],[80.2073,6.9787],[80.2088,6.9841],[80.2158,6.9999],[80.2242,7.0036],[80.2222,7.0117],[80.2502,7.0448],[80.2577,7.0191],[80.2718,7.0237],[80.2765,7.0099],[80.2933,7.0041],[80.2944,6.9958],[80.3009,6.9946],[80.2992,6.9889],[80.3266,6.9816],[80.3243,6.9938],[80.3453,6.999],[80.353,6.9854],[80.3481,6.9684],[80.3205,6.9604],[80.3215,6.9332],[80.3077,6.9362],[80.3255,6.8928],[80.3321,6.8846],[80.3441,6.8834],[80.3626,6.855],[80.3543,6.8514],[80.3495,6.8337],[80.3404,6.8299],[80.3298,6.8347],[80.3063,6.864],[80.2918,6.8543],[80.2822,6.8572],[80.2804,6.8714]]]}},{"type":"Feature","properties":{"ds_code":"KE2","ds_division":"Bulathkohipitiya","district":"Kegalle","province":"Sabaragamuwa"},"geometry":{"type":"Polygon","coordinates":[[[80.4655,7.0644],[80.4433,7.0698],[80.4394,7.0763],[80.4267,7.0748],[80.4282,7.0486],[80.4214,7.042],[80.4047,7.0461],[80.4097,7.0631],[80.4191,7.0691],[80.4124,7.0814],[80.3887,7.0722],[80.3745,7.0801],[80.363,7.0762],[80.3656,7.0693],[80.3582,7.0612],[80.3399,7.0699],[80.3184,7.0578],[80.3144,7.0659],[80.2944,7.0464],[80.2805,7.0668],[80.2731,7.0643],[80.2844,7.0746],[80.2834,7.0872],[80.2922,7.0924],[80.286,7.1181],[80.3026,7.1085],[80.3163,7.1167],[80.2963,7.1271],[80.3088,7.1318],[80.3059,7.139],[80.3182,7.1415],[80.3251,7.1556],[80.3343,7.151],[80.3443,7.1553],[80.3403,7.1688],[80.3452,7.1721],[80.364,7.1541],[80.3598,7.1542],[80.3649,7.1483],[80.3615,7.1345],[80.4038,7.116],[80.4049,7.1047],[80.4299,7.1036],[80.4355,7.0859],[80.4598,7.0909],[80.4655,7.0644]]]}},{"type":"Feature","properties":{"ds_code":"RA13","ds_division":"Kuruvita","district":"Ratnapura","province":"Sabaragamuwa"},"geometry":{"type":"Polygon","coordinates":[[[80.3673,6.7153],[80.3553,6.7157],[80.3512,6.7238],[80.35,6.716],[80.327,6.7478],[80.3168,6.744],[80.3044,6.7589],[80.2951,6.812],[80.283,6.811],[80.2677,6.8214],[80.2747,6.8276],[80.2738,6.8366],[80.287,6.8374],[80.2798,6.8428],[80.2872,6.8552],[80.3063,6.864],[80.3298,6.8347],[80.3404,6.8299],[80.3495,6.8337],[80.3576,6.8493],[80.3802,6.8546],[80.3881,6.8503],[80.4017,6.8599],[80.4233,6.839],[80.4323,6.847],[80.4493,6.8306],[80.4533,6.8161],[80.4393,6.817],[80.4215,6.8011],[80.4125,6.8015],[80.4087,6.793],[80.3899,6.7894],[80.4024,6.753],[80.378,6.7499],[80.3844,6.7356],[80.3817,6.7291],[80.3708,6.7281],[80.3673,6.7153]],[[80.2898,6.8445],[80.2886,6.8419],[80.29,6.8433],[80.2898,6.8445]]]}},{"type":"Feature","properties":{"ds_code":"KE1","ds_division":"Aranayake","district":"Kegalle","province":"Sabaragamuwa"},"geometry":{"type":"MultiPolygon","coordinates":[[[[80.3908,7.1736],[80.3891,7.161],[80.3756,7.1716],[80.384,7.1769],[80.3908,7.1736]]],[[[80.4458,7.1093],[80.4378,7.1123],[80.4329,7.1061],[80.4352,7.092],[80.4557,7.0954],[80.4598,7.0909],[80.4355,7.0859],[80.4299,7.1036],[80.4049,7.1047],[80.4122,7.1233],[80.4001,7.159],[80.4064,7.1668],[80.401,7.173],[80.4072,7.1767],[80.3897,7.1942],[80.3931,7.2039],[80.3885,7.2099],[80.4061,7.2305],[80.4263,7.231],[80.4309,7.2104],[80.4431,7.2124],[80.4428,7.2234],[80.4638,7.2298],[80.4679,7.2219],[80.4796,7.2186],[80.4818,7.2061],[80.4677,7.2026],[80.4661,7.1927],[80.4801,7.1863],[80.4896,7.1642],[80.4976,7.1654],[80.5105,7.1483],[80.5108,7.1391],[80.5014,7.1282],[80.4789,7.1278],[80.4447,7.115],[80.4458,7.1093]]]]}},{"type":"Feature","properties":{"ds_code":"RA10","ds_division":"Kalthota","district":"Ratnapura","province":"Sabaragamuwa"},"geometry":{"type":"Polygon","coordinates":[[[80.865,6.552],[80.835,6.5061],[80.8319,6.5367],[80.8076,6.5375],[80.8044,6.5423],[80.8216,6.6234],[80.8394,6.6195],[80.844,6.6287],[80.8444,6.6432],[80.8358,6.6454],[80.8403,6.6511],[80.8632,6.6656],[80.8856,6.664],[80.8923,6.6749],[80.9079,6.6777],[80.9184,6.6959],[80.9282,6.687],[80.9126,6.6725],[80.903,6.6374],[80.8939,6.6343],[80.8753,6.6108],[80.8763,6.5931],[80.8693,6.5929],[80.8724,6.5823],[80.866,6.5796],[80.8614,6.5623],[80.865,6.552]]]}},{"type":"Feature","properties":{"ds_code":"RA18","ds_division":"Weligepola","district":"Ratnapura","province":"Sabaragamuwa"},"geometry":{"type":"Polygon","coordinates":[[[80.7953,6.4881],[80.771,6.4807],[80.7495,6.4825],[80.7385,6.49],[80.7074,6.4902],[80.7046,6.5067],[80.6848,6.5248],[80.6473,6.529],[80.6441,6.5397],[80.6619,6.5552],[80.6598,6.5723],[80.6736,6.5694],[80.6784,6.5784],[80.6752,6.5865],[80.6395,6.6023],[80.6415,6.6067],[80.67,6.5984],[80.6866,6.6085],[80.697,6.6031],[80.7202,6.6051],[80.7322,6.5879],[80.7483,6.5824],[80.7726,6.5902],[80.8118,6.5914],[80.8134,6.5676],[80.8044,6.5423],[80.8089,6.5373],[80.8269,6.5394],[80.8341,6.5328],[80.8295,6.4899],[80.8336,6.4761],[80.7953,6.4881]]]}},{"type":"Feature","properties":{"ds_code":"RA14","ds_division":"Nivithigala","district":"Ratnapura","province":"Sabaragamuwa"},"geometry":{"type":"Polygon","coordinates":[[[80.4774,6.4752],[80.4392,6.5027],[80.446,6.5086],[80.4405,6.5122],[80.4482,6.5315],[80.4271,6.5436],[80.371,6.5948],[80.387,6.6177],[80.4008,6.6098],[80.4333,6.6315],[80.4451,6.6268],[80.4663,6.6369],[80.5081,6.6106],[80.5204,6.6095],[80.5257,6.5896],[80.5072,6.5863],[80.5265,6.5666],[80.511,6.5752],[80.4819,6.5371],[80.4921,6.5272],[80.5074,6.5256],[80.5118,6.5157],[80.5004,6.4885],[80.4802,6.4931],[80.4774,6.4752]]]}},{"type":"Feature","properties":{"ds_code":"KE5","ds_division":"Galigamuwa","district":"Kegalle","province":"Sabaragamuwa"},"geometry":{"type":"Polygon","coordinates":[[[80.2974,7.1096],[80.2826,7.1208],[80.2648,7.1973],[80.2813,7.2021],[80.2923,7.2218],[80.2692,7.2379],[80.2629,7.2517],[80.2841,7.2589],[80.2786,7.2954],[80.2891,7.2998],[80.2868,7.3153],[80.306,7.3192],[80.3267,7.3042],[80.318,7.2958],[80.3244,7.2912],[80.3563,7.2887],[80.3455,7.2772],[80.3302,7.2742],[80.334,7.2574],[80.3134,7.2516],[80.3171,7.2306],[80.3394,7.2224],[80.3349,7.2006],[80.3445,7.1791],[80.3403,7.1688],[80.3443,7.1553],[80.3343,7.151],[80.3251,7.1556],[80.3182,7.1415],[80.3059,7.139],[80.3088,7.1318],[80.2963,7.1271],[80.3165,7.1172],[80.2974,7.1096]]]}},{"type":"Feature","properties":{"ds_code":"RA2","ds_division":"Balangoda","district":"Ratnapura","province":"Sabaragamuwa"},"geometry":{"type":"Polygon","coordinates":[[[80.675,6.6055],[80.67,6.5984],[80.6518,6.605],[80.6633,6.6419],[80.6007,6.6605],[80.6135,6.6703],[80.616,6.6814],[80.6059,6.6912],[80.6061,6.712],[80.5927,6.7158],[80.595,6.7214],[80.5865,6.7245],[80.586,6.7359],[80.644,6.7113],[80.6509,6.7006],[80.6766,6.6882],[80.6827,6.6763],[80.7065,6.6659],[80.7207,6.6492],[80.74,6.6495],[80.7599,6.6416],[80.7587,6.6376],[80.7892,6.6327],[80.7966,6.6464],[80.7949,6.6807],[80.8131,6.6705],[80.8281,6.6771],[80.8299,6.6688],[80.848,6.6661],[80.8512,6.6603],[80.8359,6.6458],[80.8444,6.6432],[80.8394,6.6195],[80.8216,6.6234],[80.8166,6.5925],[80.7726,6.5902],[80.7483,6.5824],[80.7322,6.5879],[80.7202,6.6051],[80.697,6.6031],[80.6897,6.608],[80.675,6.6055]]]}},{"type":"Feature","properties":{"ds_code":"RA5","ds_division":"Embilipitiya","district":"Ratnapura","province":"Sabaragamuwa"},"geometry":{"type":"Polygon","coordinates":[[[80.9534,6.2375],[80.94,6.2288],[80.9324,6.2397],[80.9092,6.2386],[80.89,6.2507],[80.8817,6.2462],[80.8636,6.275],[80.8445,6.2666],[80.7925,6.2687],[80.7331,6.2961],[80.6891,6.3082],[80.7017,6.3217],[80.7431,6.3197],[80.74,6.331],[80.708,6.3468],[80.7379,6.3582],[80.7345,6.3719],[80.7563,6.3828],[80.753,6.3979],[80.7259,6.3992],[80.7265,6.4142],[80.7149,6.4218],[80.7214,6.4265],[80.7289,6.4166],[80.7482,6.4127],[80.7383,6.4359],[80.7536,6.4426],[80.7303,6.4566],[80.7225,6.4763],[80.7121,6.4757],[80.7056,6.4826],[80.7074,6.4902],[80.7385,6.49],[80.7495,6.4825],[80.771,6.4807],[80.7956,6.4881],[80.8336,6.4761],[80.8404,6.46],[80.8381,6.4227],[80.8443,6.4048],[80.8389,6.4021],[80.8456,6.3861],[80.8542,6.382],[80.8673,6.3554],[80.9032,6.3444],[80.902,6.3368],[80.9096,6.3326],[80.9066,6.3215],[80.9416,6.2686],[80.9534,6.2375]]]}},{"type":"Feature","properties":{"ds_code":"KE11","ds_division":"Yatiyantota","district":"Kegalle","province":"Sabaragamuwa"},"geometry":{"type":"MultiPolygon","coordinates":[[[[80.2922,7.0924],[80.2829,7.0848],[80.273,7.0883],[80.2743,7.1026],[80.286,7.1181],[80.2922,7.0924]]],[[[80.4367,6.955],[80.4093,6.9636],[80.4001,6.9875],[80.4062,6.9947],[80.3976,6.9984],[80.3447,6.999],[80.3243,6.9938],[80.326,6.9815],[80.2992,6.9889],[80.2933,7.0041],[80.2765,7.0099],[80.2718,7.0237],[80.2622,7.0229],[80.2714,7.0407],[80.27,7.0634],[80.2805,7.0668],[80.2944,7.0464],[80.3144,7.0659],[80.3184,7.0578],[80.3399,7.0699],[80.3582,7.0612],[80.3656,7.0693],[80.363,7.0762],[80.3745,7.0801],[80.3887,7.0722],[80.4124,7.0814],[80.4191,7.0691],[80.4096,7.063],[80.4099,7.0501],[80.4039,7.0502],[80.4166,7.0417],[80.4282,7.0486],[80.4267,7.0748],[80.4394,7.0763],[80.4635,7.0631],[80.4698,7.0667],[80.4572,7.0333],[80.4667,7.0172],[80.4306,6.9879],[80.4435,6.9742],[80.4367,6.955]]]]}},{"type":"Feature","properties":{"ds_code":"RA17","ds_division":"Ratnapura","district":"Ratnapura","province":"Sabaragamuwa"},"geometry":{"type":"Polygon","coordinates":[[[80.6155,6.6835],[80.6135,6.6703],[80.5748,6.6568],[80.5293,6.6664],[80.517,6.6803],[80.4895,6.6755],[80.4766,6.6928],[80.4537,6.7034],[80.4453,6.6832],[80.4591,6.6639],[80.4303,6.6646],[80.4102,6.6741],[80.4071,6.6671],[80.4154,6.6528],[80.4029,6.6507],[80.3922,6.659],[80.374,6.6966],[80.3586,6.6964],[80.3497,6.7214],[80.3673,6.7153],[80.3716,6.7298],[80.3817,6.7291],[80.3844,6.7356],[80.378,6.7499],[80.4024,6.753],[80.3899,6.7894],[80.4087,6.793],[80.4125,6.8015],[80.4215,6.8011],[80.4393,6.817],[80.4533,6.8161],[80.4491,6.83],[80.4567,6.8341],[80.4928,6.8324],[80.4906,6.8146],[80.5016,6.809],[80.4856,6.7959],[80.4999,6.7792],[80.5269,6.7683],[80.5423,6.7771],[80.5731,6.7645],[80.6133,6.7598],[80.5897,6.7462],[80.5852,6.7351],[80.5865,6.7245],[80.595,6.7214],[80.5927,6.7158],[80.6061,6.712],[80.6055,6.6935],[80.6155,6.6835]]]}},{"type":"Feature","properties":{"ds_code":"RA3","ds_division":"Eheliyagoda","district":"Ratnapura","province":"Sabaragamuwa"},"geometry":{"type":"MultiPolygon","coordinates":[[[[80.2886,6.8422],[80.2903,6.8446],[80.29,6.8433],[80.2886,6.8422]]],[[[80.2053,6.7527],[80.1941,6.7574],[80.193,6.7827],[80.1777,6.816],[80.1991,6.8143],[80.203,6.8303],[80.1948,6.8515],[80.1755,6.8599],[80.1897,6.8997],[80.2164,6.9164],[80.225,6.9309],[80.2346,6.9032],[80.2421,6.9072],[80.2512,6.9014],[80.2678,6.8745],[80.2804,6.8714],[80.2861,6.8476],[80.2803,6.8398],[80.287,6.8374],[80.274,6.8367],[80.274,6.8266],[80.2505,6.813],[80.2667,6.7676],[80.2464,6.761],[80.2364,6.7716],[80.2374,6.7651],[80.2053,6.7527]]]]}},{"type":"Feature","properties":{"ds_code":"RA11","ds_division":"Kiriella","district":"Ratnapura","province":"Sabaragamuwa"},"geometry":{"type":"Polygon","coordinates":[[[80.2564,6.7357],[80.2545,6.7296],[80.2393,6.7348],[80.2267,6.7288],[80.2053,6.7305],[80.1965,6.7531],[80.2293,6.759],[80.2374,6.7651],[80.2364,6.7716],[80.2464,6.761],[80.2667,6.7676],[80.2505,6.8122],[80.2593,6.8219],[80.2723,6.8208],[80.2879,6.8094],[80.295,6.8122],[80.3025,6.762],[80.3168,6.744],[80.3261,6.7483],[80.3371,6.7372],[80.3587,6.6988],[80.336,6.7114],[80.3356,6.7173],[80.3155,6.7249],[80.3095,6.7185],[80.2564,6.7357]]]}},{"type":"Feature","properties":{"ds_code":"KE4","ds_division":"Deraniyagala","district":"Kegalle","province":"Sabaragamuwa"},"geometry":{"type":"Polygon","coordinates":[[[80.4323,6.847],[80.4233,6.839],[80.4017,6.8599],[80.3881,6.8503],[80.3788,6.8545],[80.3552,6.8455],[80.3626,6.8588],[80.3561,6.858],[80.3441,6.8834],[80.3321,6.8846],[80.3255,6.8928],[80.3078,6.9367],[80.3215,6.9332],[80.3205,6.9604],[80.3514,6.9716],[80.3493,6.9952],[80.3863,6.999],[80.4062,6.9947],[80.4001,6.9875],[80.4076,6.9652],[80.437,6.955],[80.4311,6.9122],[80.4598,6.8993],[80.4802,6.8988],[80.5001,6.885],[80.4942,6.8728],[80.4992,6.8577],[80.5111,6.849],[80.5065,6.8401],[80.4959,6.8317],[80.4493,6.8306],[80.4323,6.847]]]}},{"type":"Feature","properties":{"ds_code":"RA12","ds_division":"Kolonna","district":"Ratnapura","province":"Sabaragamuwa"},"geometry":{"type":"Polygon","coordinates":[[[80.6891,6.3082],[80.6707,6.3055],[80.6755,6.3225],[80.6582,6.3371],[80.6653,6.3393],[80.6624,6.3543],[80.612,6.3458],[80.6064,6.3616],[80.6186,6.3699],[80.621,6.3946],[80.631,6.3962],[80.6295,6.41],[80.6155,6.4125],[80.6188,6.417],[80.6107,6.423],[80.614,6.4403],[80.6093,6.4452],[80.6227,6.4564],[80.6417,6.461],[80.6947,6.4422],[80.7031,6.4591],[80.7384,6.436],[80.7485,6.4129],[80.7289,6.4166],[80.7214,6.4265],[80.7149,6.4218],[80.7265,6.4142],[80.7259,6.3992],[80.753,6.3979],[80.7563,6.3828],[80.7345,6.3719],[80.7379,6.3582],[80.708,6.3464],[80.74,6.331],[80.7431,6.3197],[80.7017,6.3217],[80.6891,6.3082]]]}},{"type":"Feature","properties":{"ds_code":"RA8","ds_division":"Kahawattha","district":"Ratnapura","province":"Sabaragamuwa"},"geometry":{"type":"Polygon","coordinates":[[[80.5828,6.4628],[80.5164,6.4898],[80.5004,6.4885],[80.512,6.5184],[80.4819,6.5371],[80.511,6.5752],[80.5265,6.5666],[80.5158,6.5788],[80.5418,6.5744],[80.5696,6.5824],[80.5827,6.5787],[80.5802,6.5569],[80.5873,6.5485],[80.5952,6.5511],[80.6006,6.539],[80.5932,6.5346],[80.5958,6.5296],[80.5901,6.5309],[80.5785,6.5065],[80.5881,6.4993],[80.58,6.496],[80.5828,6.4628]]]}},{"type":"Feature","properties":{"ds_code":"RA9","ds_division":"Kalawana","district":"Ratnapura","province":"Sabaragamuwa"},"geometry":{"type":"Polygon","coordinates":[[[80.6188,6.417],[80.6155,6.4125],[80.6295,6.41],[80.6278,6.3925],[80.5938,6.3978],[80.5546,6.3899],[80.5493,6.3961],[80.5444,6.389],[80.5343,6.3893],[80.5336,6.3743],[80.5032,6.3681],[80.4953,6.3684],[80.4911,6.3803],[80.4723,6.3787],[80.4414,6.3946],[80.4213,6.391],[80.379,6.4286],[80.3804,6.4349],[80.3057,6.5382],[80.2953,6.5641],[80.3144,6.5707],[80.329,6.5492],[80.3301,6.5758],[80.3482,6.5784],[80.3646,6.5496],[80.3836,6.5569],[80.3763,6.5701],[80.3858,6.5812],[80.4482,6.5315],[80.4405,6.5122],[80.446,6.5086],[80.4392,6.5027],[80.472,6.4784],[80.4779,6.4754],[80.4802,6.4931],[80.527,6.4865],[80.5346,6.4784],[80.5771,6.4663],[80.571,6.4624],[80.5818,6.4521],[80.5812,6.4445],[80.6059,6.4477],[80.614,6.4403],[80.6113,6.4294],[80.6188,6.417]]]}},{"type":"Feature","properties":{"ds_code":"KE9","ds_division":"Ruwanwella","district":"Kegalle","province":"Sabaragamuwa"},"geometry":{"type":"Polygon","coordinates":[[[80.2639,7.0202],[80.2581,7.0189],[80.2497,7.0444],[80.2222,7.0117],[80.2242,7.0036],[80.2158,6.9999],[80.2073,6.9787],[80.1793,6.9776],[80.1824,6.9938],[80.1643,7.0586],[80.1864,7.0949],[80.1859,7.1032],[80.195,7.1004],[80.1989,7.1166],[80.2125,7.1305],[80.2003,7.1433],[80.2133,7.1592],[80.2353,7.1416],[80.2444,7.1178],[80.2548,7.1177],[80.2731,7.0881],[80.2802,7.0898],[80.2842,7.0824],[80.2837,7.0733],[80.27,7.0634],[80.2639,7.0202]]]}},{"type":"Feature","properties":{"ds_code":"RA7","ds_division":"Imbulpe","district":"Ratnapura","province":"Sabaragamuwa"},"geometry":{"type":"Polygon","coordinates":[[[80.7966,6.6464],[80.7892,6.6327],[80.7593,6.6374],[80.74,6.6495],[80.7207,6.6492],[80.7065,6.6659],[80.6827,6.6763],[80.6766,6.6882],[80.6509,6.7006],[80.644,6.7113],[80.586,6.7359],[80.5897,6.7462],[80.6133,6.7598],[80.6524,6.7517],[80.6609,6.7623],[80.7047,6.7544],[80.7342,6.7622],[80.7466,6.7573],[80.7754,6.7791],[80.792,6.7735],[80.8086,6.7917],[80.8141,6.7545],[80.8278,6.7596],[80.8367,6.7439],[80.8559,6.7452],[80.8585,6.7375],[80.8504,6.731],[80.8525,6.7189],[80.8142,6.704],[80.8156,6.6958],[80.8258,6.69],[80.8274,6.677],[80.8131,6.6705],[80.7949,6.6807],[80.7966,6.6464]]]}},{"type":"Feature","properties":{"ds_code":"RA1","ds_division":"Ayagama","district":"Ratnapura","province":"Sabaragamuwa"},"geometry":{"type":"Polygon","coordinates":[[[80.3823,6.5867],[80.3763,6.5701],[80.385,6.5594],[80.3835,6.5567],[80.3646,6.5496],[80.3482,6.5784],[80.3385,6.5788],[80.3301,6.5758],[80.3274,6.5504],[80.304,6.5956],[80.2819,6.6183],[80.255,6.6271],[80.2495,6.6585],[80.2161,6.6914],[80.1989,6.7311],[80.2267,6.7288],[80.2393,6.7348],[80.2545,6.7296],[80.2564,6.7357],[80.2688,6.7312],[80.2722,6.7351],[80.2933,6.7252],[80.3256,6.6498],[80.3823,6.5867]]]}},{"type":"Feature","properties":{"ds_code":"RA6","ds_division":"Godakawela","district":"Ratnapura","province":"Sabaragamuwa"},"geometry":{"type":"Polygon","coordinates":[[[80.6093,6.4451],[80.5958,6.4502],[80.5832,6.4439],[80.5721,6.4593],[80.5733,6.4647],[80.5844,6.4645],[80.58,6.496],[80.5881,6.4993],[80.5785,6.5065],[80.5901,6.5309],[80.5958,6.5296],[80.5932,6.5346],[80.6006,6.539],[80.5952,6.5511],[80.5873,6.5485],[80.5802,6.5569],[80.5814,6.5808],[80.6022,6.5817],[80.6099,6.57],[80.6504,6.5496],[80.644,6.5387],[80.6477,6.5288],[80.6848,6.5248],[80.7003,6.5131],[80.7056,6.4826],[80.7121,6.4757],[80.7225,6.4763],[80.7303,6.4566],[80.754,6.4403],[80.7383,6.4359],[80.7031,6.4591],[80.6947,6.4422],[80.6383,6.4604],[80.6093,6.4451]]]}},{"type":"Feature","properties":{"ds_code":"RA4","ds_division":"Elapatha","district":"Ratnapura","province":"Sabaragamuwa"},"geometry":{"type":"Polygon","coordinates":[[[80.3698,6.5984],[80.3465,6.6216],[80.3245,6.6517],[80.2933,6.7252],[80.3095,6.7185],[80.3167,6.7247],[80.3356,6.7173],[80.336,6.7114],[80.3435,6.7116],[80.3604,6.6941],[80.3651,6.7003],[80.374,6.6966],[80.4074,6.6391],[80.4091,6.6253],[80.4027,6.6257],[80.4069,6.6118],[80.387,6.6177],[80.3698,6.5984]]]}},{"type":"Feature","properties":{"ds_code":"KE10","ds_division":"Warakapola","district":"Kegalle","province":"Sabaragamuwa"},"geometry":{"type":"MultiPolygon","coordinates":[[[[80.1671,7.2001],[80.159,7.1994],[80.1606,7.2026],[80.1671,7.2001]]],[[[80.1633,7.1251],[80.154,7.1503],[80.1539,7.1832],[80.1464,7.1893],[80.153,7.1927],[80.1588,7.1844],[80.163,7.1942],[80.1824,7.1938],[80.1867,7.2352],[80.2007,7.2457],[80.196,7.2582],[80.2039,7.2592],[80.2141,7.2747],[80.2545,7.3044],[80.279,7.3181],[80.2868,7.3153],[80.2891,7.2998],[80.2786,7.2954],[80.2841,7.2589],[80.263,7.2522],[80.2692,7.2379],[80.2923,7.2218],[80.2813,7.2021],[80.2648,7.1973],[80.2836,7.1248],[80.2736,7.0942],[80.2612,7.1029],[80.2548,7.1177],[80.2444,7.1178],[80.2353,7.1416],[80.2182,7.1592],[80.2008,7.1453],[80.2008,7.1354],[80.1732,7.1351],[80.1633,7.1251]]]]}},{"type":"Feature","properties":{"ds_code":"KE6","ds_division":"Kegalle","district":"Kegalle","province":"Sabaragamuwa"},"geometry":{"type":"Polygon","coordinates":[[[80.4115,7.1174],[80.4065,7.1135],[80.3615,7.1345],[80.3619,7.1585],[80.3421,7.1713],[80.3416,7.1917],[80.3349,7.2006],[80.3394,7.2224],[80.3171,7.2306],[80.3137,7.2527],[80.334,7.2574],[80.3302,7.2742],[80.3455,7.2772],[80.3555,7.2877],[80.3553,7.2801],[80.3666,7.2794],[80.403,7.2888],[80.399,7.2767],[80.4077,7.2665],[80.3909,7.2751],[80.3795,7.2648],[80.3919,7.2247],[80.3978,7.2257],[80.3887,7.2111],[80.3931,7.2039],[80.3897,7.1942],[80.4072,7.1767],[80.401,7.173],[80.4064,7.1668],[80.4001,7.16],[80.4115,7.1174]],[[80.3832,7.1695],[80.3891,7.161],[80.3908,7.1737],[80.3754,7.1736],[80.3832,7.1695]]]}},{"type":"Feature","properties":{"ds_code":"RA15","ds_division":"Opanayake","district":"Ratnapura","province":"Sabaragamuwa"},"geometry":{"type":"Polygon","coordinates":[[[80.6619,6.5552],[80.6503,6.5496],[80.6099,6.57],[80.6017,6.5808],[80.6078,6.5865],[80.6049,6.5949],[80.5837,6.6137],[80.582,6.6299],[80.5756,6.6322],[80.5856,6.6472],[80.5792,6.6568],[80.5825,6.6635],[80.6633,6.6419],[80.6564,6.6316],[80.662,6.626],[80.6547,6.6198],[80.6573,6.6107],[80.6395,6.6023],[80.6773,6.5847],[80.6784,6.5724],[80.6598,6.5723],[80.6619,6.5552]]]}},{"type":"Feature","properties":{"ds_code":"KE8","ds_division":"Rambukkana","district":"Kegalle","province":"Sabaragamuwa"},"geometry":{"type":"Polygon","coordinates":[[[80.4496,7.2857],[80.4285,7.2947],[80.4283,7.2857],[80.4135,7.2875],[80.4187,7.2477],[80.3996,7.2491],[80.3823,7.2531],[80.3795,7.2648],[80.3909,7.2751],[80.4077,7.2665],[80.399,7.2767],[80.403,7.2888],[80.3854,7.2878],[80.384,7.2801],[80.3801,7.2853],[80.3565,7.2796],[80.3528,7.2917],[80.3386,7.2891],[80.318,7.2958],[80.3267,7.3042],[80.306,7.3192],[80.3169,7.3212],[80.3208,7.3287],[80.3384,7.3212],[80.3486,7.3345],[80.3425,7.3514],[80.3558,7.3578],[80.3466,7.3868],[80.3922,7.3966],[80.4113,7.3838],[80.4138,7.357],[80.4217,7.3555],[80.427,7.33],[80.4637,7.3029],[80.4507,7.2955],[80.4496,7.2857]]]}},{"type":"Feature","properties":{"ds_code":"HA4","ds_division":"Hambantota","district":"Hambantota","province":"Southern"},"geometry":{"type":"Polygon","coordinates":[[[81.1318,6.1332],[81.1269,6.1272],[81.1307,6.1214],[81.0968,6.1148],[81.1041,6.1128],[81.0158,6.1039],[81.0341,6.1109],[81.0233,6.1383],[81.0383,6.1372],[81.0248,6.152],[81.024,6.1634],[81.0144,6.1675],[81.033,6.1895],[81.0301,6.1936],[81.0399,6.2082],[81.0743,6.2306],[81.0634,6.265],[81.071,6.2676],[81.0475,6.321],[81.0616,6.3387],[81.0853,6.3363],[81.0989,6.3121],[81.0964,6.2952],[81.1163,6.2976],[81.1219,6.2749],[81.1425,6.2909],[81.1674,6.2813],[81.1832,6.284],[81.1871,6.2614],[81.1678,6.241],[81.1709,6.2229],[81.1833,6.2172],[81.189,6.1959],[81.1996,6.1925],[81.2245,6.2018],[81.2264,6.2143],[81.2451,6.2179],[81.2515,6.2256],[81.2631,6.2257],[81.2728,6.2142],[81.2974,6.2145],[81.2922,6.2059],[81.3008,6.2007],[81.2922,6.1933],[81.2361,6.1794],[81.2262,6.1642],[81.1832,6.1576],[81.1646,6.1443],[81.1318,6.1332]]]}},{"type":"Feature","properties":{"ds_code":"HA3","ds_division":"Beliatta","district":"Hambantota","province":"Southern"},"geometry":{"type":"Polygon","coordinates":[[[80.6895,5.9921],[80.6873,6.0075],[80.7002,6.0175],[80.6946,6.0255],[80.6673,6.0238],[80.6551,6.0413],[80.6785,6.0623],[80.6909,6.0636],[80.6922,6.0774],[80.6816,6.0948],[80.7224,6.0972],[80.7395,6.1163],[80.7563,6.1154],[80.7526,6.1045],[80.7698,6.0955],[80.7589,6.086],[80.7573,6.0657],[80.7519,6.0654],[80.7501,6.0558],[80.7739,6.0477],[80.7739,6.0278],[80.7598,6.0255],[80.7436,6.0061],[80.7101,5.99],[80.6895,5.9921]]]}},{"type":"Feature","properties":{"ds_code":"MT4","ds_division":"Dikwella","district":"Matara","province":"Southern"},"geometry":{"type":"Polygon","coordinates":[[[80.633,5.9453],[80.6315,5.9698],[80.6393,5.9721],[80.6392,5.9784],[80.6495,5.9778],[80.6399,6.0144],[80.6555,6.0151],[80.6659,6.0247],[80.6946,6.0255],[80.7002,6.0175],[80.6873,6.0075],[80.6895,5.9921],[80.703,5.994],[80.7181,5.9854],[80.7238,5.9789],[80.7175,5.965],[80.722,5.96],[80.6718,5.9592],[80.633,5.9453]]]}},{"type":"Feature","properties":{"ds_code":"MT5","ds_division":"Hakmana","district":"Matara","province":"Southern"},"geometry":{"type":"Polygon","coordinates":[[[80.6919,6.0708],[80.6723,6.0745],[80.672,6.0635],[80.653,6.0694],[80.6376,6.0648],[80.6156,6.0748],[80.6166,6.0824],[80.6005,6.0868],[80.5935,6.0978],[80.6061,6.1076],[80.6204,6.1033],[80.6519,6.1331],[80.6628,6.1187],[80.6928,6.1243],[80.695,6.1142],[80.679,6.1016],[80.6919,6.0708]]]}},{"type":"Feature","properties":{"ds_code":"MT7","ds_division":"Kirinda Puhulwella","district":"Matara","province":"Southern"},"geometry":{"type":"Polygon","coordinates":[[[80.6555,6.0151],[80.6415,6.0161],[80.6424,6.0033],[80.6327,6.0068],[80.6255,6.0147],[80.6307,6.0216],[80.6105,6.0269],[80.6107,6.0423],[80.5895,6.0493],[80.5867,6.0548],[80.5986,6.0613],[80.5917,6.0669],[80.6055,6.0701],[80.6096,6.0773],[80.6379,6.0647],[80.653,6.0694],[80.672,6.0635],[80.6723,6.0745],[80.6919,6.0708],[80.6893,6.0609],[80.6785,6.0623],[80.6735,6.0532],[80.6581,6.0474],[80.655,6.0407],[80.6662,6.0312],[80.6555,6.0151]]]}},{"type":"Feature","properties":{"ds_code":"MT10","ds_division":"Matara Four Gravets","district":"Matara","province":"Southern"},"geometry":{"type":"Polygon","coordinates":[[[80.5813,5.9417],[80.5827,5.9309],[80.5474,5.9431],[80.5263,5.9359],[80.5056,5.9372],[80.5026,5.9568],[80.5101,5.9667],[80.5082,5.9792],[80.5269,5.9753],[80.5358,5.9796],[80.548,5.9664],[80.5501,5.9731],[80.5699,5.9816],[80.5736,5.9938],[80.5979,5.9971],[80.5963,5.984],[80.63,5.9848],[80.622,5.973],[80.6264,5.9674],[80.6159,5.9633],[80.6193,5.9573],[80.6054,5.9668],[80.5993,5.9441],[80.5813,5.9417]]]}},{"type":"Feature","properties":{"ds_code":"HA8","ds_division":"Sooriyawewa","district":"Hambantota","province":"Southern"},"geometry":{"type":"Polygon","coordinates":[[[81.0742,6.2302],[81.0399,6.2082],[81.0285,6.1934],[81.0148,6.1962],[81.0155,6.2177],[81.0087,6.2193],[81.0102,6.2294],[80.9969,6.2428],[80.9768,6.252],[80.9525,6.2404],[80.9411,6.2705],[80.9334,6.2741],[80.9368,6.3042],[80.9431,6.3034],[80.968,6.3266],[81.007,6.3389],[81.0195,6.3516],[81.0077,6.3694],[81.014,6.3952],[81.0452,6.4005],[81.0658,6.3613],[81.0786,6.361],[81.082,6.3377],[81.0616,6.3387],[81.0475,6.321],[81.071,6.2676],[81.0634,6.265],[81.0742,6.2302]]]}},{"type":"Feature","properties":{"ds_code":"GA11","ds_division":"Hikkaduwa","district":"Galle","province":"Southern"},"geometry":{"type":"MultiPolygon","coordinates":[[[[80.0977,6.1368],[80.0987,6.1396],[80.098,6.1371],[80.0977,6.1368]]],[[[80.1306,6.0965],[80.1236,6.101],[80.1229,6.1115],[80.0996,6.1313],[80.0995,6.14],[80.0964,6.1429],[80.1028,6.1517],[80.1157,6.1486],[80.1197,6.135],[80.1268,6.1392],[80.139,6.1314],[80.1439,6.1381],[80.1507,6.135],[80.1396,6.1311],[80.1411,6.1231],[80.131,6.1166],[80.1306,6.0965]]]]}},{"type":"Feature","properties":{"ds_code":"GA9","ds_division":"Gonapinuwala","district":"Galle","province":"Southern"},"geometry":{"type":"Polygon","coordinates":[[[80.1502,6.1353],[80.1192,6.1352],[80.116,6.1695],[80.1021,6.1831],[80.1215,6.1877],[80.1248,6.2044],[80.1372,6.2021],[80.1408,6.1771],[80.1514,6.1695],[80.1502,6.1353]]]}},{"type":"Feature","properties":{"ds_code":"GA3","ds_division":"Baddegama","district":"Galle","province":"Southern"},"geometry":{"type":"Polygon","coordinates":[[[80.2379,6.1181],[80.2343,6.1155],[80.2449,6.1109],[80.2396,6.1094],[80.2431,6.1053],[80.2132,6.116],[80.2083,6.0983],[80.1843,6.0937],[80.185,6.0891],[80.1836,6.0873],[80.1752,6.1178],[80.1502,6.1353],[80.1538,6.1601],[80.1408,6.1788],[80.1535,6.182],[80.1623,6.1739],[80.1743,6.1791],[80.1775,6.175],[80.2016,6.1921],[80.2211,6.183],[80.2373,6.1701],[80.2354,6.1614],[80.23,6.1572],[80.2148,6.1652],[80.2036,6.1576],[80.2292,6.1376],[80.2234,6.133],[80.2379,6.1181]]]}},{"type":"Feature","properties":{"ds_code":"MT2","ds_division":"Athuraliya","district":"Matara","province":"Southern"},"geometry":{"type":"Polygon","coordinates":[[[80.5183,6.0588],[80.5074,6.0565],[80.5088,6.0611],[80.4941,6.0692],[80.4917,6.0821],[80.477,6.0905],[80.4801,6.1211],[80.4892,6.1282],[80.4824,6.1429],[80.4846,6.1619],[80.4947,6.1617],[80.4976,6.1761],[80.5123,6.175],[80.5289,6.1644],[80.5353,6.1133],[80.545,6.1069],[80.5444,6.0983],[80.5372,6.1008],[80.5383,6.0941],[80.5338,6.0939],[80.5311,6.092],[80.5375,6.0935],[80.5406,6.0867],[80.5213,6.0711],[80.5183,6.0588]]]}},{"type":"Feature","properties":{"ds_code":"GA20","ds_division":"Wanduramba","district":"Galle","province":"Southern"},"geometry":{"type":"Polygon","coordinates":[[[80.2795,6.0839],[80.2727,6.0859],[80.2432,6.1057],[80.2396,6.1094],[80.2449,6.1109],[80.2343,6.1155],[80.2379,6.1181],[80.2233,6.1331],[80.2292,6.1376],[80.2036,6.1574],[80.2072,6.1626],[80.2148,6.1652],[80.23,6.1572],[80.2348,6.1613],[80.2502,6.1538],[80.2543,6.1437],[80.2712,6.1421],[80.2808,6.1334],[80.2948,6.1513],[80.3066,6.146],[80.2975,6.1405],[80.3062,6.1257],[80.2926,6.1078],[80.2946,6.0997],[80.281,6.0918],[80.2795,6.0839]]]}},{"type":"Feature","properties":{"ds_code":"MT12","ds_division":"Pasgoda","district":"Matara","province":"Southern"},"geometry":{"type":"Polygon","coordinates":[[[80.6115,6.1902],[80.6052,6.1865],[80.5696,6.1952],[80.5626,6.2071],[80.5512,6.2004],[80.5526,6.2212],[80.5421,6.2303],[80.5517,6.245],[80.5652,6.2476],[80.5767,6.2586],[80.5793,6.2829],[80.5631,6.3151],[80.5544,6.3206],[80.5585,6.3295],[80.5813,6.3287],[80.5887,6.3384],[80.6161,6.3478],[80.6624,6.3543],[80.6653,6.3393],[80.6582,6.3371],[80.6755,6.3216],[80.6702,6.3178],[80.6706,6.3043],[80.657,6.3025],[80.6633,6.2884],[80.6517,6.2726],[80.662,6.26],[80.6372,6.2507],[80.6103,6.2041],[80.6115,6.1902]]]}},{"type":"Feature","properties":{"ds_code":"GA17","ds_division":"Niyagama","district":"Galle","province":"Southern"},"geometry":{"type":"Polygon","coordinates":[[[80.2486,6.2044],[80.2415,6.2184],[80.2457,6.2487],[80.2344,6.2547],[80.2332,6.2656],[80.2136,6.2702],[80.2029,6.2865],[80.2127,6.2933],[80.2121,6.3037],[80.2277,6.3077],[80.2311,6.3252],[80.2429,6.3286],[80.2403,6.3398],[80.2222,6.3408],[80.2065,6.3597],[80.2064,6.3724],[80.2122,6.3715],[80.2179,6.3803],[80.2421,6.3755],[80.3015,6.3212],[80.3033,6.2856],[80.2819,6.2866],[80.2672,6.2787],[80.2654,6.2599],[80.2777,6.2328],[80.2697,6.2251],[80.2722,6.2163],[80.2641,6.2201],[80.2486,6.2044]]]}},{"type":"Feature","properties":{"ds_code":"HA12","ds_division":"Weeraketiya","district":"Hambantota","province":"Southern"},"geometry":{"type":"Polygon","coordinates":[[[80.8034,6.1745],[80.7871,6.1909],[80.7789,6.1823],[80.7846,6.1455],[80.7907,6.1451],[80.7842,6.1334],[80.8053,6.1231],[80.8065,6.11],[80.7854,6.0972],[80.7698,6.0955],[80.7526,6.1045],[80.7563,6.1154],[80.7318,6.1178],[80.726,6.1299],[80.7313,6.1415],[80.7197,6.148],[80.7209,6.1706],[80.7335,6.1777],[80.738,6.1954],[80.7484,6.2017],[80.7401,6.2104],[80.7514,6.2176],[80.7482,6.2374],[80.7553,6.2487],[80.8023,6.2311],[80.8113,6.2234],[80.8104,6.2167],[80.832,6.2173],[80.8427,6.2064],[80.8366,6.191],[80.828,6.1916],[80.8209,6.1827],[80.8126,6.1862],[80.8034,6.1745]]]}},{"type":"Feature","properties":{"ds_code":"HA2","ds_division":"Angunakolapelessa","district":"Hambantota","province":"Southern"},"geometry":{"type":"Polygon","coordinates":[[[80.7932,6.1246],[80.7842,6.1334],[80.7907,6.1451],[80.7846,6.1455],[80.7789,6.1825],[80.7871,6.1909],[80.8034,6.1745],[80.8133,6.1873],[80.8213,6.1828],[80.843,6.198],[80.832,6.2173],[80.8104,6.2167],[80.8113,6.2234],[80.7955,6.23],[80.8066,6.2672],[80.8445,6.2666],[80.8673,6.2737],[80.8817,6.2462],[80.8917,6.2501],[80.9137,6.2312],[80.9172,6.207],[80.9071,6.1922],[80.9124,6.1633],[80.8967,6.1526],[80.8944,6.1373],[80.8702,6.1371],[80.8704,6.1283],[80.8298,6.1265],[80.823,6.1202],[80.7932,6.1246]]]}},{"type":"Feature","properties":{"ds_code":"GA22","ds_division":"Yakkalamulla","district":"Galle","province":"Southern"},"geometry":{"type":"Polygon","coordinates":[[[80.2953,6.0784],[80.2811,6.0852],[80.3062,6.1257],[80.2978,6.1411],[80.3083,6.1471],[80.33,6.1431],[80.3502,6.1561],[80.3618,6.1533],[80.3769,6.1664],[80.3828,6.1621],[80.3874,6.1343],[80.4015,6.1268],[80.406,6.113],[80.4215,6.1098],[80.4377,6.0923],[80.413,6.0732],[80.4013,6.0531],[80.3932,6.0584],[80.3812,6.0534],[80.3696,6.0728],[80.3615,6.0681],[80.3536,6.0787],[80.3473,6.0774],[80.3449,6.0905],[80.3142,6.0904],[80.3103,6.0827],[80.2953,6.0784]]]}},{"type":"Feature","properties":{"ds_code":"GA16","ds_division":"Neluwa","district":"Galle","province":"Southern"},"geometry":{"type":"Polygon","coordinates":[[[80.386,6.3325],[80.3719,6.3192],[80.3164,6.3995],[80.3757,6.4291],[80.4213,6.391],[80.4414,6.3946],[80.4723,6.3787],[80.4942,6.3781],[80.4924,6.365],[80.478,6.3655],[80.4601,6.3508],[80.4959,6.3],[80.4856,6.2842],[80.4729,6.28],[80.4596,6.2904],[80.4537,6.2876],[80.4296,6.3176],[80.4033,6.3346],[80.386,6.3325]]]}},{"type":"Feature","properties":{"ds_code":"HA7","ds_division":"Okewela","district":"Hambantota","province":"Southern"},"geometry":{"type":"MultiPolygon","coordinates":[[[[80.6947,6.092],[80.6816,6.0948],[80.679,6.1016],[80.695,6.1142],[80.6951,6.1223],[80.7037,6.1239],[80.6963,6.1452],[80.7085,6.1531],[80.7309,6.1421],[80.726,6.1299],[80.7318,6.1178],[80.7405,6.1163],[80.7224,6.0972],[80.695,6.0994],[80.6947,6.092]]],[[[80.6628,6.1187],[80.6456,6.1384],[80.6597,6.1619],[80.6869,6.1657],[80.6957,6.1453],[80.692,6.1246],[80.6628,6.1187]]]]}},{"type":"Feature","properties":{"ds_code":"GA4","ds_division":"Balapitiya","district":"Galle","province":"Southern"},"geometry":{"type":"Polygon","coordinates":[[[80.0447,6.245],[80.033,6.2687],[80.0378,6.2934],[80.0157,6.3568],[80.0393,6.3548],[80.0416,6.3675],[80.0588,6.3711],[80.0747,6.3513],[80.0812,6.3247],[80.0671,6.313],[80.0704,6.3022],[80.0626,6.2969],[80.0662,6.2813],[80.0606,6.2733],[80.0663,6.2572],[80.0546,6.2436],[80.0447,6.245]]]}},{"type":"Feature","properties":{"ds_code":"MT9","ds_division":"Malimbada","district":"Matara","province":"Southern"},"geometry":{"type":"Polygon","coordinates":[[[80.5101,5.9667],[80.4981,5.9686],[80.4863,5.9777],[80.4884,5.9902],[80.476,5.9966],[80.4806,6.002],[80.4719,6.01],[80.4901,6.0167],[80.4766,6.0267],[80.4789,6.0312],[80.4698,6.0306],[80.4746,6.063],[80.4975,6.0622],[80.5007,6.0537],[80.507,6.0588],[80.5368,6.0084],[80.5282,6.0051],[80.5275,5.9943],[80.5069,5.9944],[80.5101,5.9667]]]}},{"type":"Feature","properties":{"ds_code":"MT14","ds_division":"Thihagoda","district":"Matara","province":"Southern"},"geometry":{"type":"Polygon","coordinates":[[[80.5107,5.9805],[80.5061,5.9884],[80.5074,5.9946],[80.5275,5.9943],[80.5282,6.0051],[80.537,6.0075],[80.5199,6.0311],[80.5228,6.0347],[80.5418,6.0397],[80.5668,6.0258],[80.5895,6.0493],[80.6107,6.0423],[80.6114,6.0263],[80.5951,6.0198],[80.5972,6.016],[80.591,6.0177],[80.596,6.009],[80.6043,6.0132],[80.6072,6.0096],[80.5965,6.0065],[80.5928,5.9966],[80.5726,5.9933],[80.57,5.9817],[80.5501,5.9731],[80.5506,5.9669],[80.5358,5.9796],[80.5107,5.9805]]]}},{"type":"Feature","properties":{"ds_code":"GA5","ds_division":"Bentota","district":"Galle","province":"Southern"},"geometry":{"type":"Polygon","coordinates":[[[80.0211,6.3543],[80.0103,6.3676],[80.0045,6.3991],[79.9855,6.4436],[79.9979,6.4264],[80.0129,6.4366],[80.0281,6.4207],[80.0616,6.4079],[80.0691,6.3982],[80.0853,6.402],[80.1084,6.389],[80.1334,6.365],[80.1332,6.3487],[80.1405,6.3364],[80.1234,6.3335],[80.1056,6.3626],[80.096,6.363],[80.0812,6.3794],[80.0745,6.3771],[80.0686,6.3623],[80.0604,6.3706],[80.048,6.3708],[80.0383,6.3563],[80.0211,6.3543]]]}},{"type":"Feature","properties":{"ds_code":"MT16","ds_division":"Welipitiya","district":"Matara","province":"Southern"},"geometry":{"type":"Polygon","coordinates":[[[80.4863,5.9777],[80.4695,5.98],[80.4752,5.9704],[80.4615,5.9635],[80.4591,5.9709],[80.4522,5.9708],[80.456,5.9749],[80.4354,5.9816],[80.4234,5.9935],[80.408,5.9906],[80.3898,6.0004],[80.3912,6.0113],[80.4241,6.02],[80.413,6.0332],[80.3893,6.0362],[80.3876,6.055],[80.4025,6.0535],[80.4123,6.0712],[80.4343,6.06],[80.4431,6.0432],[80.4684,6.0477],[80.4698,6.0306],[80.4789,6.0312],[80.4836,6.0194],[80.4898,6.0205],[80.4719,6.01],[80.4896,5.9825],[80.4863,5.9777]]]}},{"type":"Feature","properties":{"ds_code":"MT1","ds_division":"Akuressa","district":"Matara","province":"Southern"},"geometry":{"type":"Polygon","coordinates":[[[80.5087,6.0592],[80.5007,6.0537],[80.4975,6.0622],[80.4818,6.0651],[80.4739,6.0621],[80.4749,6.0469],[80.4496,6.0432],[80.4393,6.0455],[80.4343,6.06],[80.4145,6.0676],[80.413,6.0732],[80.4376,6.0933],[80.4215,6.1098],[80.406,6.113],[80.4015,6.1268],[80.3848,6.1384],[80.3834,6.1647],[80.3958,6.1711],[80.3872,6.1862],[80.4027,6.192],[80.3862,6.2199],[80.4218,6.2133],[80.4382,6.2272],[80.4485,6.2208],[80.4525,6.1775],[80.4711,6.1831],[80.4875,6.1581],[80.4823,6.1433],[80.4892,6.1282],[80.4801,6.1211],[80.477,6.0905],[80.4917,6.0821],[80.4935,6.0714],[80.5087,6.0592]]]}},{"type":"Feature","properties":{"ds_code":"GA12","ds_division":"Imaduwa","district":"Galle","province":"Southern"},"geometry":{"type":"Polygon","coordinates":[[[80.3783,5.9988],[80.3656,6.0017],[80.3577,5.9914],[80.3548,6.0073],[80.3505,6.0049],[80.336,6.0172],[80.3246,6.0142],[80.3212,6.0221],[80.3029,6.0291],[80.3045,6.0463],[80.299,6.0498],[80.3025,6.0555],[80.3275,6.0495],[80.3526,6.0586],[80.3546,6.0721],[80.3624,6.068],[80.3679,6.0737],[80.3785,6.0641],[80.3759,6.0581],[80.3876,6.0533],[80.3893,6.0362],[80.413,6.0332],[80.4241,6.0202],[80.41,6.0125],[80.3988,6.0143],[80.3783,5.9988]]]}},{"type":"Feature","properties":{"ds_code":"MT3","ds_division":"Devinuwara","district":"Matara","province":"Southern"},"geometry":{"type":"MultiPolygon","coordinates":[[[[80.6117,5.9274],[80.611,5.9279],[80.6121,5.9284],[80.6117,5.9274]]],[[[80.5831,5.921],[80.5813,5.9417],[80.5993,5.9441],[80.6054,5.9668],[80.6193,5.9573],[80.6159,5.9633],[80.6264,5.9674],[80.622,5.973],[80.6302,5.9823],[80.6121,5.9884],[80.6073,5.9829],[80.596,5.9842],[80.5987,5.9949],[80.5926,5.9993],[80.6072,6.0096],[80.596,6.009],[80.5908,6.017],[80.6214,6.0262],[80.6307,6.0216],[80.6255,6.0147],[80.6456,5.9984],[80.6493,5.9761],[80.6392,5.9784],[80.6393,5.9721],[80.6315,5.9698],[80.6335,5.9464],[80.6213,5.9441],[80.6201,5.9326],[80.5831,5.921]]]]}},{"type":"Feature","properties":{"ds_code":"GA8","ds_division":"Galle4gravets","district":"Galle","province":"Southern"},"geometry":{"type":"Polygon","coordinates":[[[80.2292,6.0305],[80.2318,6.0346],[80.2246,6.0366],[80.2175,6.0237],[80.2089,6.036],[80.18,6.0519],[80.1724,6.0845],[80.185,6.0909],[80.1954,6.0578],[80.2338,6.0707],[80.2276,6.0516],[80.2376,6.0517],[80.2373,6.0383],[80.2468,6.0302],[80.2292,6.0305]]]}},{"type":"Feature","properties":{"ds_code":"HA1","ds_division":"Ambalantota","district":"Hambantota","province":"Southern"},"geometry":{"type":"Polygon","coordinates":[[[80.8988,6.1003],[80.8921,6.1216],[80.8967,6.1526],[80.9094,6.1591],[80.9137,6.1691],[80.9073,6.1951],[80.9179,6.2122],[80.9092,6.2386],[80.9324,6.2397],[80.94,6.2288],[80.9768,6.252],[81.0102,6.2294],[81.0157,6.195],[81.0334,6.193],[81.0144,6.1675],[81.024,6.1634],[81.0248,6.152],[81.0374,6.1405],[81.0233,6.1383],[81.0341,6.1109],[80.9953,6.0994],[80.9771,6.0871],[80.942,6.0835],[80.9363,6.0752],[80.8988,6.1003]]]}},{"type":"Feature","properties":{"ds_code":"GA18","ds_division":"Rathgama","district":"Galle","province":"Southern"},"geometry":{"type":"Polygon","coordinates":[[[80.1736,6.0621],[80.1307,6.0963],[80.131,6.1166],[80.1411,6.1231],[80.1414,6.1322],[80.1483,6.1299],[80.1509,6.135],[80.1753,6.1178],[80.1771,6.0961],[80.1841,6.0891],[80.1721,6.0841],[80.1736,6.0621]]]}},{"type":"Feature","properties":{"ds_code":"GA2","ds_division":"Ambalangoda","district":"Galle","province":"Southern"},"geometry":{"type":"Polygon","coordinates":[[[80.1079,6.175],[80.0926,6.171],[80.0901,6.1974],[80.081,6.205],[80.0893,6.2075],[80.0854,6.2201],[80.0727,6.2264],[80.0674,6.238],[80.0651,6.2266],[80.053,6.2283],[80.0461,6.2462],[80.0556,6.2436],[80.0634,6.2559],[80.0723,6.2495],[80.0772,6.2585],[80.0865,6.2465],[80.1011,6.2434],[80.1091,6.2515],[80.1364,6.2485],[80.1458,6.234],[80.1395,6.2096],[80.1248,6.2044],[80.1215,6.1877],[80.1024,6.1824],[80.1079,6.175]]]}},{"type":"Feature","properties":{"ds_code":"GA10","ds_division":"Habaraduwa","district":"Galle","province":"Southern"},"geometry":{"type":"Polygon","coordinates":[[[80.2646,5.9993],[80.2496,6.0096],[80.2432,6.0056],[80.2348,6.0177],[80.2422,6.0284],[80.2527,6.0226],[80.2563,6.0058],[80.2764,6.006],[80.2695,6.0187],[80.2881,6.0272],[80.2848,6.0378],[80.3212,6.0221],[80.3246,6.0142],[80.336,6.0172],[80.3505,6.0049],[80.3548,6.0073],[80.3577,5.9914],[80.3656,6.0017],[80.3783,5.9988],[80.3815,6.0053],[80.3886,6.0038],[80.3817,5.9648],[80.306,5.9928],[80.2646,5.9993]]]}},{"type":"Feature","properties":{"ds_code":"MT15","ds_division":"Weligama","district":"Matara","province":"Southern"},"geometry":{"type":"MultiPolygon","coordinates":[[[[80.4175,5.9547],[80.3819,5.965],[80.3884,6.0019],[80.408,5.9906],[80.4234,5.9935],[80.4354,5.9816],[80.456,5.9749],[80.4522,5.9708],[80.4591,5.9709],[80.4615,5.9635],[80.4752,5.9704],[80.4695,5.98],[80.4963,5.9751],[80.5068,5.9636],[80.5026,5.953],[80.5077,5.944],[80.5056,5.9372],[80.4743,5.9373],[80.4582,5.9449],[80.4538,5.9412],[80.4443,5.9465],[80.453,5.9503],[80.4494,5.9677],[80.4368,5.9727],[80.427,5.9711],[80.4175,5.9547]]],[[[80.4256,5.9677],[80.4256,5.9682],[80.4261,5.968],[80.4256,5.9677]]]]}},{"type":"Feature","properties":{"ds_code":"HA10","ds_division":"Thissamaharama","district":"Hambantota","province":"Southern"},"geometry":{"type":"Polygon","coordinates":[[[81.2931,6.1948],[81.3008,6.2007],[81.2922,6.2059],[81.2972,6.2148],[81.2728,6.2142],[81.2621,6.2261],[81.2217,6.2093],[81.2102,6.2119],[81.2276,6.2342],[81.2259,6.2657],[81.2333,6.2878],[81.2225,6.3006],[81.2218,6.3116],[81.2437,6.3417],[81.2541,6.3387],[81.2822,6.2987],[81.2901,6.2972],[81.2907,6.3105],[81.285,6.3152],[81.2906,6.3328],[81.2998,6.34],[81.2841,6.3452],[81.2785,6.3657],[81.3819,6.3971],[81.3944,6.417],[81.4011,6.4151],[81.4022,6.4069],[81.42,6.4087],[81.4274,6.4186],[81.4379,6.4204],[81.4755,6.4086],[81.4805,6.4191],[81.4761,6.4493],[81.4867,6.4633],[81.4795,6.4722],[81.4812,6.4955],[81.5241,6.5198],[81.5335,6.5363],[81.5473,6.5367],[81.5658,6.5543],[81.5819,6.5508],[81.5896,6.5606],[81.6,6.5606],[81.6085,6.5801],[81.6209,6.5716],[81.6386,6.5422],[81.6625,6.5407],[81.6746,6.521],[81.707,6.5107],[81.6931,6.4865],[81.661,6.4637],[81.6492,6.4458],[81.6184,6.431],[81.6144,6.4228],[81.6185,6.4166],[81.5664,6.3811],[81.5665,6.3726],[81.5022,6.349],[81.5008,6.3374],[81.4837,6.3226],[81.4813,6.3107],[81.4395,6.2944],[81.4015,6.2504],[81.3413,6.2236],[81.3397,6.2144],[81.319,6.1984],[81.2931,6.1948]]]}},{"type":"Feature","properties":{"ds_code":"MT13","ds_division":"Pitabaddara","district":"Matara","province":"Southern"},"geometry":{"type":"Polygon","coordinates":[[[80.497,6.1758],[80.4947,6.1617],[80.4844,6.1592],[80.4711,6.1831],[80.4525,6.1775],[80.4518,6.216],[80.435,6.2361],[80.4399,6.2403],[80.4346,6.2488],[80.4412,6.2562],[80.4209,6.2728],[80.4112,6.2941],[80.3848,6.3114],[80.3765,6.3232],[80.3822,6.3301],[80.4088,6.334],[80.4453,6.3022],[80.4537,6.2876],[80.4788,6.2827],[80.4849,6.2704],[80.4976,6.2731],[80.5014,6.2496],[80.5152,6.2369],[80.5159,6.2271],[80.5272,6.2355],[80.547,6.2361],[80.542,6.2289],[80.5523,6.2218],[80.5522,6.2035],[80.5353,6.1864],[80.5359,6.1779],[80.5308,6.1783],[80.5266,6.1668],[80.497,6.1758]]]}},{"type":"Feature","properties":{"ds_code":"GA19","ds_division":"Thawalama","district":"Galle","province":"Southern"},"geometry":{"type":"Polygon","coordinates":[[[80.4412,6.2562],[80.4346,6.2488],[80.4408,6.227],[80.4249,6.2136],[80.3862,6.2198],[80.374,6.2359],[80.3626,6.2284],[80.3476,6.2376],[80.3308,6.2366],[80.3274,6.2438],[80.3122,6.2435],[80.3101,6.2665],[80.3001,6.2721],[80.304,6.3045],[80.2903,6.3704],[80.2915,6.3942],[80.3164,6.3995],[80.3219,6.3944],[80.3719,6.3192],[80.3776,6.3218],[80.3903,6.3059],[80.4112,6.2941],[80.4303,6.262],[80.4412,6.2562]]]}},{"type":"Feature","properties":{"ds_code":"HA6","ds_division":"Lunugamwehera","district":"Hambantota","province":"Southern"},"geometry":{"type":"MultiPolygon","coordinates":[[[[81.0964,6.2952],[81.0989,6.3121],[81.0816,6.3368],[81.0786,6.361],[81.0658,6.3613],[81.0461,6.3982],[81.0503,6.4206],[81.0626,6.4101],[81.0732,6.4227],[81.1029,6.4173],[81.138,6.4234],[81.1452,6.3976],[81.1518,6.3994],[81.1578,6.3927],[81.1848,6.4065],[81.2244,6.3585],[81.2251,6.3439],[81.2432,6.3402],[81.2206,6.3069],[81.2333,6.2878],[81.2259,6.2657],[81.2276,6.2342],[81.2095,6.2156],[81.225,6.2021],[81.1996,6.1925],[81.189,6.1959],[81.1833,6.2172],[81.1709,6.2229],[81.1688,6.2435],[81.1871,6.2614],[81.1832,6.284],[81.1674,6.2813],[81.1425,6.2909],[81.1219,6.2749],[81.1189,6.2939],[81.0964,6.2952]]],[[[81.2901,6.2972],[81.2822,6.2987],[81.2511,6.3402],[81.2703,6.3539],[81.2765,6.3664],[81.2841,6.3452],[81.2998,6.34],[81.2906,6.3328],[81.2901,6.2972]]]]}},{"type":"Feature","properties":{"ds_code":"HA9","ds_division":"Tangalle","district":"Hambantota","province":"Southern"},"geometry":{"type":"Polygon","coordinates":[[[80.7503,5.9892],[80.7386,5.9859],[80.7372,5.9718],[80.7128,5.9888],[80.7436,6.0061],[80.7598,6.0255],[80.7739,6.0278],[80.7739,6.0477],[80.7501,6.0558],[80.7652,6.0937],[80.7854,6.0972],[80.8065,6.11],[80.8059,6.123],[80.823,6.1202],[80.8298,6.1265],[80.8704,6.1283],[80.8702,6.1371],[80.8944,6.1373],[80.8921,6.1216],[80.8987,6.1004],[80.9326,6.0756],[80.872,6.0587],[80.8609,6.0423],[80.8474,6.0455],[80.8062,6.037],[80.7984,6.0286],[80.7998,6.0205],[80.79,6.0184],[80.7813,6.0064],[80.7527,6.0005],[80.745,5.9919],[80.7503,5.9892]]]}},{"type":"Feature","properties":{"ds_code":"MT11","ds_division":"Mulatiyana","district":"Matara","province":"Southern"},"geometry":{"type":"Polygon","coordinates":[[[80.6197,6.1032],[80.6061,6.1076],[80.5928,6.0973],[80.5747,6.1039],[80.5702,6.0884],[80.5587,6.1001],[80.5463,6.094],[80.5347,6.0961],[80.5372,6.1008],[80.5444,6.0983],[80.545,6.1069],[80.5353,6.1133],[80.5349,6.1412],[80.5266,6.1668],[80.5308,6.1783],[80.5359,6.1779],[80.5353,6.1864],[80.5621,6.2072],[80.5696,6.1952],[80.5928,6.1866],[80.6115,6.1902],[80.6353,6.1765],[80.6355,6.1706],[80.6601,6.1733],[80.6617,6.1637],[80.6456,6.1384],[80.6519,6.1331],[80.6197,6.1032]]]}},{"type":"Feature","properties":{"ds_code":"HA5","ds_division":"Katuwana","district":"Hambantota","province":"Southern"},"geometry":{"type":"Polygon","coordinates":[[[80.7955,6.23],[80.7553,6.2487],[80.7479,6.2373],[80.7212,6.2434],[80.7149,6.2305],[80.7088,6.2337],[80.6726,6.2136],[80.6674,6.2151],[80.6751,6.2291],[80.6734,6.2396],[80.6558,6.2271],[80.6455,6.2401],[80.6489,6.2566],[80.662,6.26],[80.6517,6.2726],[80.6633,6.2884],[80.6572,6.3034],[80.6903,6.3084],[80.8057,6.2681],[80.7955,6.23]]]}},{"type":"Feature","properties":{"ds_code":"MT6","ds_division":"Kaburupitiya","district":"Matara","province":"Southern"},"geometry":{"type":"Polygon","coordinates":[[[80.509,6.0558],[80.5183,6.0588],[80.5217,6.0722],[80.5406,6.0867],[80.5338,6.0939],[80.5587,6.1001],[80.5702,6.0884],[80.5729,6.1023],[80.5833,6.1039],[80.6005,6.0868],[80.6166,6.0824],[80.6156,6.0748],[80.5943,6.0702],[80.5969,6.0569],[80.5867,6.0548],[80.5886,6.0475],[80.5668,6.0258],[80.5418,6.0397],[80.5216,6.0333],[80.509,6.0558]]]}},{"type":"Feature","properties":{"ds_code":"GA7","ds_division":"Elpitiya","district":"Galle","province":"Southern"},"geometry":{"type":"Polygon","coordinates":[[[80.23,6.2082],[80.2203,6.2086],[80.221,6.203],[80.2016,6.205],[80.1722,6.2299],[80.1753,6.236],[80.1646,6.2409],[80.1555,6.2599],[80.1301,6.2848],[80.134,6.3049],[80.1277,6.3076],[80.133,6.3095],[80.1267,6.324],[80.1394,6.3285],[80.1359,6.3354],[80.1405,6.3364],[80.1322,6.368],[80.1545,6.3678],[80.1898,6.3546],[80.2065,6.3597],[80.2222,6.3408],[80.2406,6.3393],[80.2429,6.3286],[80.2311,6.3252],[80.2277,6.3077],[80.2121,6.3037],[80.2127,6.2933],[80.2029,6.2865],[80.2136,6.2702],[80.2332,6.2656],[80.2344,6.2547],[80.2457,6.2487],[80.2427,6.2218],[80.23,6.2082]]]}},{"type":"Feature","properties":{"ds_code":"GA14","ds_division":"Madampagama","district":"Galle","province":"Southern"},"geometry":{"type":"Polygon","coordinates":[[[80.0983,6.1471],[80.0885,6.1672],[80.0619,6.1935],[80.0637,6.2027],[80.053,6.2283],[80.0651,6.2266],[80.0672,6.238],[80.0887,6.2143],[80.089,6.2069],[80.081,6.205],[80.0901,6.1974],[80.092,6.1718],[80.1079,6.175],[80.116,6.1695],[80.1183,6.1501],[80.0983,6.1471]]]}},{"type":"Feature","properties":{"ds_code":"GA15","ds_division":"Nagoda","district":"Galle","province":"Southern"},"geometry":{"type":"Polygon","coordinates":[[[80.2929,6.1428],[80.2764,6.1345],[80.2712,6.1421],[80.2543,6.1437],[80.2337,6.1676],[80.2402,6.1716],[80.246,6.2019],[80.2641,6.2201],[80.2722,6.2163],[80.2697,6.2251],[80.2777,6.2328],[80.2656,6.2592],[80.266,6.2724],[80.2672,6.2787],[80.2858,6.287],[80.3034,6.2856],[80.3001,6.2721],[80.3101,6.2665],[80.3122,6.2435],[80.3274,6.2438],[80.3308,6.2366],[80.3476,6.2376],[80.3626,6.2284],[80.374,6.2359],[80.4027,6.192],[80.3872,6.1862],[80.3941,6.1681],[80.3828,6.1621],[80.3762,6.1663],[80.3618,6.1533],[80.3502,6.1561],[80.3298,6.143],[80.2922,6.1486],[80.2929,6.1428]]]}},{"type":"Feature","properties":{"ds_code":"GA13","ds_division":"Karandeniya","district":"Galle","province":"Southern"},"geometry":{"type":"Polygon","coordinates":[[[80.1469,6.252],[80.132,6.2454],[80.1091,6.2515],[80.1011,6.2434],[80.0865,6.2465],[80.0783,6.2582],[80.0723,6.2495],[80.0634,6.2559],[80.0626,6.2969],[80.0704,6.3022],[80.0687,6.3153],[80.081,6.3228],[80.0747,6.3513],[80.0644,6.358],[80.0748,6.3774],[80.0812,6.3794],[80.096,6.363],[80.1056,6.3626],[80.1234,6.3335],[80.1359,6.3356],[80.1393,6.3308],[80.127,6.3248],[80.1269,6.319],[80.133,6.3095],[80.1277,6.3075],[80.134,6.3049],[80.1301,6.2848],[80.1515,6.2539],[80.1429,6.2561],[80.1469,6.252]]]}},{"type":"Feature","properties":{"ds_code":"HA11","ds_division":"Walasmulla","district":"Hambantota","province":"Southern"},"geometry":{"type":"Polygon","coordinates":[[[80.6869,6.1657],[80.6606,6.1617],[80.6601,6.1733],[80.6355,6.1706],[80.6279,6.1819],[80.6112,6.1878],[80.6117,6.2077],[80.6434,6.2557],[80.6495,6.2562],[80.6455,6.24],[80.6549,6.2274],[80.6637,6.2298],[80.6672,6.2385],[80.6751,6.2377],[80.6674,6.2151],[80.6722,6.2137],[80.7088,6.2337],[80.7149,6.2305],[80.7212,6.2434],[80.749,6.2359],[80.7514,6.2176],[80.7401,6.2104],[80.7484,6.2017],[80.738,6.1954],[80.7302,6.174],[80.7214,6.172],[80.7198,6.149],[80.7073,6.153],[80.6963,6.1452],[80.7037,6.1239],[80.6931,6.1188],[80.6948,6.1451],[80.6869,6.1657]]]}},{"type":"Feature","properties":{"ds_code":"MT8","ds_division":"Kotapola","district":"Matara","province":"Southern"},"geometry":{"type":"Polygon","coordinates":[[[80.5471,6.236],[80.5272,6.2355],[80.5159,6.2271],[80.5152,6.2369],[80.5014,6.2496],[80.4978,6.2729],[80.4849,6.2704],[80.4781,6.283],[80.4858,6.2843],[80.4959,6.3],[80.4602,6.3513],[80.4785,6.3657],[80.5336,6.3743],[80.5343,6.3893],[80.5444,6.389],[80.5452,6.3951],[80.5533,6.3959],[80.5546,6.3899],[80.6192,6.3969],[80.6186,6.3699],[80.6064,6.3616],[80.612,6.3458],[80.5887,6.3384],[80.5813,6.3287],[80.5585,6.3295],[80.5544,6.3206],[80.5631,6.3151],[80.5793,6.2829],[80.5767,6.2586],[80.5471,6.236]]]}},{"type":"Feature","properties":{"ds_code":"GA21","ds_division":"Welivitiya-divitura","district":"Galle","province":"Southern"},"geometry":{"type":"Polygon","coordinates":[[[80.2379,6.1701],[80.2016,6.1921],[80.1775,6.175],[80.1743,6.1791],[80.1623,6.1739],[80.1535,6.182],[80.1408,6.1788],[80.1355,6.204],[80.1458,6.234],[80.1358,6.249],[80.1469,6.252],[80.1429,6.2561],[80.1515,6.2539],[80.1483,6.263],[80.1552,6.2602],[80.1646,6.2409],[80.1765,6.2344],[80.1722,6.2299],[80.2038,6.204],[80.221,6.203],[80.2203,6.2086],[80.23,6.2081],[80.2417,6.2183],[80.2486,6.2044],[80.2379,6.1701]]]}},{"type":"Feature","properties":{"ds_code":"GA6","ds_division":"Bope-poddala","district":"Galle","province":"Southern"},"geometry":{"type":"Polygon","coordinates":[[[80.2478,6.0572],[80.236,6.0599],[80.2338,6.0707],[80.1954,6.0578],[80.1843,6.0936],[80.207,6.0971],[80.2132,6.116],[80.2336,6.111],[80.2429,6.0954],[80.2322,6.0857],[80.2477,6.0743],[80.2478,6.0572]]]}},{"type":"Feature","properties":{"ds_code":"GA1","ds_division":"Akmeemana","district":"Galle","province":"Southern"},"geometry":{"type":"Polygon","coordinates":[[[80.2276,6.0519],[80.2341,6.0626],[80.2478,6.0572],[80.2517,6.0621],[80.2477,6.0743],[80.2322,6.0857],[80.241,6.0907],[80.2432,6.1057],[80.2582,6.0922],[80.2953,6.0784],[80.3111,6.0797],[80.3123,6.0899],[80.3449,6.0905],[80.3472,6.0775],[80.3536,6.0787],[80.3555,6.0725],[80.3526,6.0586],[80.3275,6.0495],[80.3023,6.0555],[80.2999,6.0322],[80.2832,6.037],[80.2881,6.0272],[80.2695,6.0187],[80.2764,6.0061],[80.2623,6.0028],[80.2442,6.0362],[80.2373,6.0383],[80.235,6.0517],[80.2276,6.0519]]]}},{"type":"Feature","properties":{"ds_code":"KT1","ds_division":"Agalawatta","district":"Kalutara","province":"Western"},"geometry":{"type":"Polygon","coordinates":[[[80.1535,6.4685],[80.1606,6.4898],[80.1543,6.5057],[80.1356,6.5171],[80.1373,6.5261],[80.1236,6.5472],[80.1139,6.5436],[80.114,6.5649],[80.1232,6.5731],[80.1353,6.566],[80.151,6.581],[80.1758,6.5729],[80.1872,6.5817],[80.1964,6.5667],[80.2015,6.5545],[80.196,6.5434],[80.18,6.5424],[80.1686,6.5211],[80.1736,6.514],[80.1867,6.5189],[80.1986,6.4981],[80.2054,6.5006],[80.2141,6.4884],[80.2301,6.4823],[80.235,6.4712],[80.2241,6.462],[80.2235,6.4447],[80.2162,6.4445],[80.2213,6.4369],[80.2162,6.4355],[80.2071,6.4361],[80.2052,6.4473],[80.1874,6.4574],[80.1822,6.4721],[80.1535,6.4685]]]}},{"type":"Feature","properties":{"ds_code":"CO3","ds_division":"Homagama","district":"Colombo","province":"Western"},"geometry":{"type":"Polygon","coordinates":[[[79.9757,6.758],[79.9507,6.7617],[79.9665,6.7828],[79.9528,6.802],[79.9513,6.818],[79.9616,6.8283],[79.9678,6.8262],[79.9649,6.8305],[79.971,6.8346],[79.9893,6.8388],[79.9896,6.8586],[80.0051,6.8631],[80.0076,6.8812],[80.0179,6.8946],[80.0224,6.8809],[80.0405,6.8816],[80.0345,6.8917],[80.0369,6.913],[80.0649,6.9086],[80.0801,6.8652],[80.0793,6.8442],[80.0707,6.8443],[80.0586,6.8302],[80.0528,6.835],[80.0409,6.829],[80.0442,6.8196],[80.0395,6.8138],[80.0449,6.8064],[80.036,6.8062],[80.0029,6.7709],[79.9757,6.758]]]}},{"type":"Feature","properties":{"ds_code":"KT4","ds_division":"Bulathsinhala","district":"Kalutara","province":"Western"},"geometry":{"type":"Polygon","coordinates":[[[80.1419,6.5721],[80.14,6.5759],[80.1353,6.566],[80.1232,6.5731],[80.114,6.5648],[80.1126,6.596],[80.1325,6.5938],[80.13,6.5986],[80.1382,6.6049],[80.1085,6.6553],[80.1028,6.6501],[80.0946,6.6528],[80.0878,6.6687],[80.0937,6.6761],[80.0909,6.6824],[80.1082,6.7043],[80.1251,6.7006],[80.145,6.7239],[80.2009,6.7267],[80.2161,6.6914],[80.2495,6.6585],[80.2499,6.6357],[80.2607,6.6224],[80.2496,6.6169],[80.2539,6.6094],[80.2482,6.6025],[80.2403,6.6041],[80.2285,6.5916],[80.2131,6.5931],[80.2128,6.5814],[80.1986,6.5835],[80.1996,6.5773],[80.1922,6.5833],[80.1758,6.5729],[80.1535,6.5814],[80.1419,6.5721]]]}},{"type":"Feature","properties":{"ds_code":"CO6","ds_division":"Kolonnawa","district":"Colombo","province":"Western"},"geometry":{"type":"Polygon","coordinates":[[[79.9236,6.9235],[79.8995,6.9142],[79.9006,6.9236],[79.8839,6.9259],[79.8838,6.9387],[79.8748,6.9522],[79.8792,6.9584],[79.8996,6.956],[79.8997,6.9474],[79.9344,6.9503],[79.9436,6.9385],[79.9503,6.9403],[79.9466,6.9371],[79.9589,6.9174],[79.945,6.9153],[79.9236,6.9235]]]}},{"type":"Feature","properties":{"ds_code":"GP10","ds_division":"Minuwangoda","district":"Gampaha","province":"Western"},"geometry":{"type":"Polygon","coordinates":[[[79.9716,7.0926],[79.9211,7.1155],[79.9244,7.1224],[79.9175,7.128],[79.9174,7.143],[79.9294,7.1422],[79.9327,7.1498],[79.9223,7.1596],[79.9131,7.1587],[79.9165,7.1648],[79.9118,7.166],[79.921,7.1904],[79.942,7.1976],[79.9469,7.2057],[79.9614,7.2003],[79.9703,7.189],[79.9973,7.2018],[80.0073,7.1987],[80.001,7.2063],[80.0174,7.2177],[80.0349,7.2098],[80.0333,7.2013],[80.0474,7.1991],[80.0503,7.1917],[80.0401,7.1874],[80.0382,7.1555],[80.0287,7.154],[80.0344,7.1489],[80.0312,7.1383],[80.0217,7.1244],[80.02,7.1295],[80.0162,7.1255],[80.0069,7.1049],[79.9716,7.0926]]]}},{"type":"Feature","properties":{"ds_code":"CO5","ds_division":"Kesbewa","district":"Colombo","province":"Western"},"geometry":{"type":"Polygon","coordinates":[[[79.9456,6.7496],[79.9274,6.7475],[79.9054,6.7682],[79.909,6.7758],[79.9029,6.8107],[79.8855,6.8445],[79.885,6.8597],[79.8904,6.8622],[79.8986,6.852],[79.9106,6.8514],[79.9132,6.8362],[79.9228,6.8268],[79.9514,6.8466],[79.9638,6.8388],[79.9693,6.8286],[79.9616,6.8283],[79.9501,6.8098],[79.9665,6.7828],[79.9456,6.7496]]]}},{"type":"Feature","properties":{"ds_code":"CO2","ds_division":"Dehiwala","district":"Colombo","province":"Western"},"geometry":{"type":"Polygon","coordinates":[[[79.8828,6.8396],[79.8624,6.849],[79.8595,6.8624],[79.8663,6.8716],[79.8921,6.8707],[79.8827,6.8573],[79.8828,6.8396]]]}},{"type":"Feature","properties":{"ds_code":"GP11","ds_division":"Mirigama","district":"Gampaha","province":"Western"},"geometry":{"type":"Polygon","coordinates":[[[80.0485,7.1644],[80.0376,7.1752],[80.0401,7.1874],[80.0491,7.1897],[80.0501,7.196],[80.0333,7.2013],[80.0335,7.2108],[80.0457,7.2063],[80.0493,7.2209],[80.0436,7.2304],[80.0624,7.2294],[80.0601,7.2364],[80.0731,7.2319],[80.0788,7.2388],[80.0965,7.2294],[80.0993,7.2404],[80.1112,7.2344],[80.1191,7.246],[80.1137,7.2569],[80.1192,7.2636],[80.1112,7.2781],[80.1006,7.2805],[80.1048,7.3037],[80.0948,7.3076],[80.1088,7.3219],[80.1299,7.3285],[80.1486,7.313],[80.1429,7.3057],[80.147,7.2999],[80.1677,7.2865],[80.1845,7.2614],[80.1905,7.2636],[80.2005,7.2511],[80.2006,7.2451],[80.1867,7.2352],[80.1824,7.1938],[80.163,7.1942],[80.1588,7.1844],[80.153,7.1927],[80.1462,7.189],[80.1539,7.1832],[80.1589,7.1364],[80.1345,7.1419],[80.1239,7.1655],[80.1087,7.1666],[80.1101,7.162],[80.1017,7.1598],[80.0872,7.1675],[80.0742,7.1577],[80.069,7.1649],[80.0485,7.1644]],[[80.1609,7.1983],[80.1672,7.2011],[80.1626,7.2032],[80.1609,7.1983]]]}},{"type":"Feature","properties":{"ds_code":"GP1","ds_division":"Attanagalla","district":"Gampaha","province":"Western"},"geometry":{"type":"Polygon","coordinates":[[[80.0129,7.104],[80.0055,7.1108],[80.0267,7.1309],[80.0344,7.1489],[80.0287,7.154],[80.0377,7.1549],[80.0422,7.1704],[80.0485,7.1644],[80.069,7.1649],[80.0742,7.1577],[80.0872,7.1675],[80.1017,7.1598],[80.1101,7.162],[80.1087,7.1666],[80.124,7.1655],[80.1345,7.1419],[80.1589,7.1364],[80.1633,7.1251],[80.1747,7.1362],[80.2127,7.1322],[80.1989,7.1166],[80.195,7.1004],[80.1859,7.1032],[80.1684,7.0618],[80.1569,7.0591],[80.1283,7.0695],[80.1014,7.0571],[80.0896,7.0808],[80.0745,7.0878],[80.0511,7.0782],[80.047,7.0708],[80.0417,7.0884],[80.054,7.0886],[80.0567,7.0961],[80.051,7.0989],[80.0614,7.1069],[80.0558,7.1192],[80.0441,7.1124],[80.0441,7.1187],[80.0129,7.104]],[[80.0458,7.0757],[80.0457,7.0757],[80.0461,7.0755],[80.0458,7.0757]]]}},{"type":"Feature","properties":{"ds_code":"KT6","ds_division":"Horana","district":"Kalutara","province":"Western"},"geometry":{"type":"Polygon","coordinates":[[[79.9935,6.7393],[79.9788,6.7437],[79.9719,6.7587],[80.0029,6.7709],[80.0362,6.8064],[80.0629,6.7909],[80.0793,6.8168],[80.0897,6.8153],[80.0978,6.8043],[80.1135,6.7608],[80.1066,6.7486],[80.1086,6.721],[80.0908,6.7236],[80.0845,6.7085],[80.0768,6.7085],[80.0592,6.6921],[80.0477,6.7183],[80.0292,6.7118],[80.0219,6.7352],[80.0122,6.7342],[80.0104,6.7443],[79.9935,6.7393]]]}},{"type":"Feature","properties":{"ds_code":"KT13","ds_division":"Panadura","district":"Kalutara","province":"Western"},"geometry":{"type":"Polygon","coordinates":[[[79.9446,6.7142],[79.9286,6.7196],[79.9174,6.7128],[79.9297,6.7135],[79.9321,6.6938],[79.955,6.6888],[79.9566,6.6828],[79.9514,6.6731],[79.9401,6.6691],[79.9428,6.655],[79.9518,6.6552],[79.9483,6.6484],[79.9318,6.6498],[79.9007,6.7138],[79.9029,6.7265],[79.8875,6.7749],[79.8947,6.7771],[79.9126,6.765],[79.9202,6.7492],[79.9499,6.7417],[79.9446,6.7142]]]}},{"type":"Feature","properties":{"ds_code":"CO7","ds_division":"Maharagama","district":"Colombo","province":"Western"},"geometry":{"type":"Polygon","coordinates":[[[79.9677,6.8299],[79.9514,6.8466],[79.9228,6.8268],[79.9132,6.8362],[79.9106,6.8514],[79.8986,6.852],[79.8895,6.864],[79.8925,6.8672],[79.9087,6.8568],[79.9142,6.86],[79.9004,6.8794],[79.9098,6.8846],[79.9207,6.8852],[79.9342,6.8751],[79.9469,6.8819],[79.9458,6.8739],[79.9572,6.8742],[79.9602,6.8663],[79.9778,6.8662],[79.9896,6.8586],[79.9889,6.8394],[79.9677,6.8299]]]}},{"type":"Feature","properties":{"ds_code":"KT8","ds_division":"Kalutara","district":"Kalutara","province":"Western"},"geometry":{"type":"Polygon","coordinates":[[[79.9652,6.5536],[79.9318,6.6498],[79.9483,6.6484],[79.9518,6.6552],[79.9428,6.655],[79.9403,6.67],[79.9514,6.6731],[79.955,6.6888],[79.9687,6.6912],[79.972,6.6986],[79.9939,6.645],[80.01,6.6355],[80.0048,6.6282],[79.9901,6.6274],[79.9768,6.61],[79.9941,6.5992],[80.0006,6.6056],[80.0042,6.5961],[79.9952,6.586],[80.001,6.5764],[79.9942,6.5722],[80.006,6.564],[80.002,6.5524],[79.9897,6.5547],[79.9737,6.5449],[79.9652,6.5536]]]}},{"type":"Feature","properties":{"ds_code":"GP7","ds_division":"Katana","district":"Gampaha","province":"Western"},"geometry":{"type":"Polygon","coordinates":[[[79.9127,7.1246],[79.9053,7.1271],[79.898,7.1233],[79.8933,7.1078],[79.8531,7.1065],[79.8622,7.1254],[79.8504,7.1794],[79.8684,7.1837],[79.8519,7.2227],[79.8652,7.2253],[79.867,7.2331],[79.8588,7.2345],[79.8549,7.2537],[79.8738,7.2826],[79.8853,7.2737],[79.8975,7.2748],[79.899,7.2813],[79.9035,7.2744],[79.909,7.2795],[79.9051,7.2677],[79.9126,7.2678],[79.9164,7.2568],[79.9037,7.2495],[79.9088,7.2307],[79.9222,7.2003],[79.9397,7.1991],[79.921,7.1904],[79.9118,7.166],[79.9165,7.1648],[79.9132,7.162],[79.9131,7.1587],[79.9223,7.1596],[79.9327,7.1498],[79.9294,7.1422],[79.9177,7.144],[79.9173,7.1285],[79.9243,7.1221],[79.9132,7.1169],[79.9127,7.1246]]]}},{"type":"Feature","properties":{"ds_code":"CO9","ds_division":"Padukka","district":"Colombo","province":"Western"},"geometry":{"type":"Polygon","coordinates":[[[80.1801,6.8144],[80.1747,6.8216],[80.1668,6.8166],[80.1471,6.8259],[80.1159,6.8047],[80.1262,6.7822],[80.1249,6.7721],[80.1162,6.7699],[80.1059,6.7759],[80.0897,6.8153],[80.0761,6.8158],[80.0617,6.7904],[80.0433,6.7981],[80.0452,6.8084],[80.0395,6.8142],[80.0445,6.8318],[80.0528,6.835],[80.0586,6.8302],[80.0707,6.8443],[80.0793,6.8442],[80.0798,6.8631],[80.0986,6.8615],[80.1011,6.8734],[80.1124,6.8706],[80.1141,6.8822],[80.1246,6.8885],[80.1483,6.8693],[80.1636,6.8728],[80.1707,6.8646],[80.1793,6.8657],[80.1756,6.8578],[80.1948,6.8515],[80.2019,6.8172],[80.1801,6.8144]]]}},{"type":"Feature","properties":{"ds_code":"GP13","ds_division":"Wattala","district":"Gampaha","province":"Western"},"geometry":{"type":"Polygon","coordinates":[[[79.869,6.978],[79.8423,7.112],[79.8788,7.0957],[79.8769,7.0647],[79.8875,7.0356],[79.9082,7.036],[79.9163,7.019],[79.9343,7.021],[79.9391,7.0096],[79.9303,7.0013],[79.9003,7.0103],[79.9052,6.9975],[79.8972,6.9926],[79.8938,6.9707],[79.8747,6.9807],[79.869,6.978]]]}},{"type":"Feature","properties":{"ds_code":"GP8","ds_division":"Kelaniya","district":"Gampaha","province":"Western"},"geometry":{"type":"Polygon","coordinates":[[[79.8827,6.9546],[79.8785,6.9631],[79.885,6.9747],[79.8938,6.9707],[79.8972,6.9926],[79.9051,6.9976],[79.9209,6.9858],[79.9293,6.9931],[79.939,6.9911],[79.9383,6.9778],[79.9265,6.9701],[79.9294,6.9499],[79.8997,6.9474],[79.9003,6.9553],[79.8827,6.9546]]]}},{"type":"Feature","properties":{"ds_code":"GP6","ds_division":"Ja Ela","district":"Gampaha","province":"Western"},"geometry":{"type":"Polygon","coordinates":[[[79.8875,7.0356],[79.8813,7.0494],[79.8788,7.0957],[79.8596,7.1058],[79.8933,7.1078],[79.898,7.1233],[79.9069,7.1271],[79.9127,7.1169],[79.9276,7.1141],[79.923,7.1089],[79.9271,7.0993],[79.9434,7.0909],[79.9344,7.0767],[79.9229,7.0713],[79.926,7.0616],[79.9422,7.0638],[79.9517,7.0574],[79.9445,7.0387],[79.9371,7.0349],[79.9406,7.024],[79.9356,7.0212],[79.9163,7.019],[79.9122,7.0333],[79.8875,7.0356]]]}},{"type":"Feature","properties":{"ds_code":"KT2","ds_division":"Bandaragama","district":"Kalutara","province":"Western"},"geometry":{"type":"Polygon","coordinates":[[[79.9317,6.6944],[79.9297,6.7135],[79.9269,6.7103],[79.9174,6.7128],[79.9266,6.7194],[79.9478,6.7164],[79.9499,6.7417],[79.9387,6.748],[79.946,6.7499],[79.9501,6.7632],[79.9721,6.7591],[79.9788,6.7437],[79.9935,6.7393],[80.0051,6.7476],[80.0122,6.7342],[80.0222,6.7349],[80.0236,6.7222],[80.012,6.7085],[80.0091,6.6869],[80.0042,6.6914],[79.9827,6.6824],[79.972,6.6986],[79.968,6.6909],[79.9429,6.6891],[79.9317,6.6944]]]}},{"type":"Feature","properties":{"ds_code":"GP2","ds_division":"Biyagama","district":"Gampaha","province":"Western"},"geometry":{"type":"Polygon","coordinates":[[[79.9439,6.9384],[79.9271,6.9513],[79.9272,6.972],[79.9377,6.9769],[79.9377,6.9884],[79.9479,7.0007],[79.9602,7.0074],[79.9763,6.9927],[79.9878,6.9945],[79.9928,6.9887],[79.9979,6.994],[80.0053,6.9914],[80.005,6.9959],[80.0089,6.9869],[80.0201,6.9916],[80.0212,6.9992],[80.0298,6.997],[80.0293,6.9771],[80.0216,6.9681],[80.0286,6.9649],[80.0229,6.9648],[80.0288,6.9582],[80.0243,6.9484],[79.9939,6.9442],[79.9861,6.9354],[79.9531,6.9427],[79.9439,6.9384]]]}},{"type":"Feature","properties":{"ds_code":"GP3","ds_division":"Divulapitiya","district":"Gampaha","province":"Western"},"geometry":{"type":"Polygon","coordinates":[[[80.0457,7.2063],[80.0174,7.2177],[80.001,7.2063],[80.0073,7.1987],[79.9973,7.2018],[79.9703,7.189],[79.9551,7.2044],[79.9469,7.2057],[79.9417,7.1975],[79.9222,7.2003],[79.9037,7.2495],[79.9164,7.2568],[79.9149,7.2769],[79.9282,7.2729],[79.9238,7.2845],[79.9459,7.2739],[79.956,7.2824],[79.951,7.2901],[79.9768,7.2924],[80.0078,7.3218],[80.0153,7.3143],[80.0273,7.3173],[80.031,7.3023],[80.0471,7.2994],[80.0554,7.2839],[80.0818,7.2978],[80.084,7.3048],[80.1028,7.3059],[80.1006,7.2805],[80.1112,7.2781],[80.1192,7.2636],[80.1139,7.2592],[80.1191,7.2463],[80.1143,7.2386],[80.1105,7.2344],[80.0991,7.2403],[80.0969,7.2294],[80.0788,7.2388],[80.0731,7.2319],[80.0601,7.2364],[80.0628,7.2296],[80.0484,7.2328],[80.0457,7.2063]]]}},{"type":"Feature","properties":{"ds_code":"GP5","ds_division":"Gampaha","district":"Gampaha","province":"Western"},"geometry":{"type":"Polygon","coordinates":[[[79.9756,7.0258],[79.9596,7.0383],[79.9586,7.0596],[79.9261,7.0614],[79.9229,7.0713],[79.9344,7.0767],[79.9434,7.0909],[79.9271,7.0993],[79.9235,7.11],[79.9277,7.1141],[79.9447,7.1091],[79.9518,7.0996],[79.9718,7.0926],[79.9793,7.0998],[79.9864,7.095],[80.0016,7.1056],[80.0194,7.1056],[80.0224,7.115],[80.0348,7.1125],[80.0441,7.1187],[80.0441,7.1124],[80.0557,7.1193],[80.0614,7.1069],[80.051,7.0989],[80.0567,7.0961],[80.054,7.0886],[80.0437,7.0918],[80.04,7.0727],[80.0236,7.069],[80.0291,7.0598],[80.0225,7.052],[80.0397,7.0365],[80.0269,7.0273],[80.0279,7.0169],[80.0083,7.011],[80.0031,7.0137],[80.0062,7.0238],[80.0012,7.0307],[79.9819,7.0322],[79.9756,7.0258]]]}},{"type":"Feature","properties":{"ds_code":"KT3","ds_division":"Beruwala","district":"Kalutara","province":"Western"},"geometry":{"type":"MultiPolygon","coordinates":[[[[79.9791,6.4414],[79.979,6.4415],[79.9791,6.4417],[79.9791,6.4414]]],[[[79.979,6.45],[79.9794,6.4493],[79.9796,6.4479],[79.979,6.45]]],[[[79.9709,6.4709],[79.9704,6.4706],[79.97,6.4717],[79.9709,6.4709]]],[[[79.9714,6.4692],[79.9715,6.4698],[79.9721,6.4694],[79.9714,6.4692]]],[[[79.9705,6.4625],[79.9694,6.4614],[79.9675,6.4628],[79.9705,6.4625]]],[[[80.0285,6.4284],[80.009,6.4372],[79.9983,6.4263],[79.979,6.45],[79.9772,6.4524],[79.9733,6.4705],[79.983,6.4838],[79.976,6.5058],[79.9815,6.5105],[79.9695,6.5435],[79.9882,6.5542],[80.0025,6.5541],[80.0068,6.5437],[80.0203,6.5494],[80.0151,6.5445],[80.017,6.534],[80.0391,6.4787],[80.0263,6.4712],[80.0385,6.4669],[80.0414,6.4544],[80.0285,6.4284]]]]}},{"type":"Feature","properties":{"ds_code":"KT5","ds_division":"Dodangoda","district":"Kalutara","province":"Western"},"geometry":{"type":"Polygon","coordinates":[[[80.0431,6.4833],[80.0324,6.4856],[80.034,6.502],[80.017,6.534],[80.0151,6.5445],[80.0203,6.5494],[80.0068,6.5437],[80.0014,6.559],[80.006,6.564],[79.9943,6.572],[80.001,6.5764],[79.9952,6.586],[80.0042,6.5961],[80.0006,6.6056],[79.9941,6.5992],[79.9768,6.61],[79.9906,6.6277],[80.0048,6.6282],[80.0097,6.6348],[80.024,6.6264],[80.0286,6.6018],[80.0485,6.5882],[80.0623,6.6177],[80.0802,6.6326],[80.0884,6.6267],[80.0911,6.5981],[80.0974,6.5994],[80.1091,6.5769],[80.0951,6.5669],[80.0919,6.5546],[80.0775,6.5522],[80.0794,6.5412],[80.0682,6.5415],[80.0557,6.5286],[80.0595,6.5154],[80.0564,6.5119],[80.0535,6.5183],[80.0559,6.5086],[80.0524,6.5157],[80.0494,6.5171],[80.0504,6.5054],[80.0557,6.5061],[80.0431,6.4833]]]}},{"type":"Feature","properties":{"ds_code":"KT14","ds_division":"Walallawita","district":"Kalutara","province":"Western"},"geometry":{"type":"Polygon","coordinates":[[[80.0703,6.3978],[80.0596,6.4085],[80.0867,6.4394],[80.083,6.4444],[80.0962,6.4524],[80.1074,6.4458],[80.1313,6.4609],[80.1506,6.4563],[80.1535,6.4685],[80.1822,6.4721],[80.1863,6.4588],[80.2052,6.4474],[80.2092,6.4353],[80.2213,6.4369],[80.2173,6.4455],[80.2369,6.4421],[80.2489,6.4296],[80.273,6.437],[80.3013,6.3999],[80.2893,6.3896],[80.2992,6.3261],[80.239,6.377],[80.2179,6.3803],[80.2122,6.3715],[80.2064,6.3724],[80.2076,6.3599],[80.1898,6.3546],[80.1545,6.3678],[80.1308,6.3657],[80.1121,6.3864],[80.084,6.4021],[80.0703,6.3978]]]}},{"type":"Feature","properties":{"ds_code":"KT9","ds_division":"Madurawala","district":"Kalutara","province":"Western"},"geometry":{"type":"Polygon","coordinates":[[[80.1382,6.6049],[80.13,6.5986],[80.1325,6.5938],[80.1128,6.5962],[80.1142,6.5825],[80.1087,6.5799],[80.0974,6.5994],[80.0911,6.5981],[80.0883,6.6268],[80.0802,6.6326],[80.0735,6.6246],[80.0669,6.6454],[80.0535,6.6495],[80.0482,6.6454],[80.0559,6.6523],[80.0551,6.6659],[80.0642,6.6716],[80.0551,6.6936],[80.0619,6.6926],[80.0768,6.7085],[80.0845,6.7085],[80.0885,6.7218],[80.0981,6.7262],[80.109,6.7205],[80.1112,6.7055],[80.0909,6.6824],[80.0937,6.6761],[80.0878,6.6687],[80.0946,6.6528],[80.1028,6.6501],[80.1081,6.6557],[80.1382,6.6049]]]}},{"type":"Feature","properties":{"ds_code":"CO8","ds_division":"Moratuwa","district":"Colombo","province":"Western"},"geometry":{"type":"Polygon","coordinates":[[[79.9054,6.7682],[79.8934,6.7774],[79.8863,6.7726],[79.9017,6.7316],[79.9011,6.7153],[79.8694,6.8057],[79.8991,6.8188],[79.9082,6.78],[79.9054,6.7682]]]}},{"type":"Feature","properties":{"ds_code":"CO10","ds_division":"Ratmalana","district":"Colombo","province":"Western"},"geometry":{"type":"Polygon","coordinates":[[[79.8694,6.8057],[79.8628,6.825],[79.8619,6.8489],[79.8771,6.8407],[79.8887,6.8433],[79.8967,6.8248],[79.8985,6.8184],[79.8694,6.8057]]]}},{"type":"Feature","properties":{"ds_code":"KT12","ds_division":"Palindanuwara","district":"Kalutara","province":"Western"},"geometry":{"type":"Polygon","coordinates":[[[80.3038,6.396],[80.273,6.437],[80.2489,6.4296],[80.2369,6.4421],[80.2235,6.4447],[80.2241,6.462],[80.235,6.4712],[80.2314,6.4808],[80.2141,6.4884],[80.2054,6.5006],[80.1986,6.4981],[80.1867,6.5189],[80.1736,6.514],[80.1686,6.5211],[80.18,6.5424],[80.1952,6.5427],[80.2014,6.5541],[80.1883,6.5809],[80.2128,6.5814],[80.2131,6.5931],[80.2285,6.5916],[80.2403,6.6041],[80.2482,6.6025],[80.2539,6.6094],[80.2496,6.6169],[80.2599,6.6225],[80.2854,6.6152],[80.3041,6.5955],[80.3144,6.5707],[80.2953,6.5641],[80.3057,6.5382],[80.3804,6.4349],[80.3792,6.425],[80.3756,6.4292],[80.3038,6.396]]]}},{"type":"Feature","properties":{"ds_code":"CO1","ds_division":"Colombo","district":"Colombo","province":"Western"},"geometry":{"type":"Polygon","coordinates":[[[79.867,6.9188],[79.8557,6.9129],[79.8463,6.9175],[79.8424,6.9286],[79.8352,6.9223],[79.8242,6.9244],[79.8225,6.957],[79.8311,6.9659],[79.8233,6.9572],[79.8238,6.9446],[79.8391,6.9453],[79.8398,6.9518],[79.8421,6.9458],[79.8401,6.9607],[79.8473,6.938],[79.8575,6.9565],[79.8533,6.9611],[79.8676,6.9683],[79.8701,6.9796],[79.8802,6.981],[79.885,6.9749],[79.8748,6.952],[79.878,6.9304],[79.8655,6.9233],[79.867,6.9188]]]}},{"type":"Feature","properties":{"ds_code":"GP4","ds_division":"Dompe","district":"Gampaha","province":"Western"},"geometry":{"type":"Polygon","coordinates":[[[80.0648,6.913],[80.055,6.9075],[80.0528,6.9133],[80.02,6.9248],[80.0142,6.9462],[80.0243,6.9484],[80.0287,6.9569],[80.0229,6.9648],[80.0286,6.9649],[80.0216,6.9678],[80.0289,6.9856],[80.0525,6.9962],[80.0391,7.0003],[80.0543,7.0187],[80.0781,7.0136],[80.0847,7.0248],[80.0803,7.0337],[80.0896,7.0344],[80.0923,7.0414],[80.0826,7.0552],[80.092,7.0697],[80.1047,7.0563],[80.1247,7.0693],[80.1648,7.0601],[80.1813,6.9796],[80.1692,6.9794],[80.1669,6.9709],[80.1241,6.9745],[80.1216,6.9655],[80.0987,6.9516],[80.0935,6.9128],[80.0648,6.913]]]}},{"type":"Feature","properties":{"ds_code":"GP9","ds_division":"Mahara","district":"Gampaha","province":"Western"},"geometry":{"type":"MultiPolygon","coordinates":[[[[80.0457,7.0757],[80.0465,7.0761],[80.0466,7.0759],[80.0457,7.0757]]],[[[80.0526,6.9964],[80.0304,6.9884],[80.0298,6.997],[80.0213,6.9992],[80.0201,6.9916],[80.0089,6.9869],[80.005,6.9959],[80.0053,6.9914],[79.9979,6.994],[79.9928,6.9887],[79.9878,6.9945],[79.9763,6.9927],[79.9602,7.0074],[79.9403,6.9911],[79.9293,6.9931],[79.9209,6.9858],[79.9091,6.9898],[79.8988,7.0061],[79.9003,7.0103],[79.9346,7.0039],[79.9391,7.0096],[79.9335,7.0213],[79.9406,7.024],[79.9371,7.0349],[79.9578,7.0596],[79.9596,7.0383],[79.9703,7.0289],[79.9756,7.0258],[79.9843,7.0345],[80.0009,7.0308],[80.0062,7.0238],[80.0031,7.0137],[80.0226,7.0147],[80.0284,7.0176],[80.0293,7.0305],[80.0397,7.0357],[80.0225,7.052],[80.0289,7.0577],[80.0255,7.0722],[80.0431,7.0777],[80.049,7.0709],[80.0511,7.0782],[80.0742,7.0878],[80.0896,7.0808],[80.0933,7.0702],[80.0826,7.0552],[80.0923,7.0414],[80.0896,7.0344],[80.0803,7.0337],[80.084,7.0223],[80.0779,7.0135],[80.0543,7.0187],[80.0434,7.0097],[80.0458,7.0028],[80.0398,7.0061],[80.0526,6.9964]]]]}},{"type":"Feature","properties":{"ds_code":"CO4","ds_division":"Kaduwela","district":"Colombo","province":"Western"},"geometry":{"type":"Polygon","coordinates":[[[80.0405,6.8816],[80.0224,6.8809],[80.0179,6.8946],[80.0076,6.8812],[80.005,6.863],[79.9867,6.8578],[79.9778,6.8662],[79.962,6.8658],[79.9572,6.8742],[79.9458,6.8739],[79.9469,6.8819],[79.9269,6.8769],[79.9012,6.9135],[79.9238,6.9235],[79.9445,6.9116],[79.9473,6.918],[79.9517,6.9136],[79.9589,6.9174],[79.9465,6.9372],[79.9533,6.9429],[79.9861,6.9354],[79.9939,6.9442],[80.0133,6.947],[80.02,6.9248],[80.045,6.9148],[80.0341,6.9067],[80.0405,6.8816]]]}},{"type":"Feature","properties":{"ds_code":"CO11","ds_division":"Seethawaka","district":"Colombo","province":"Western"},"geometry":{"type":"Polygon","coordinates":[[[80.0986,6.8615],[80.08,6.8626],[80.0626,6.9083],[80.0644,6.913],[80.0739,6.9082],[80.0933,6.9124],[80.0938,6.94],[80.11,6.9629],[80.1216,6.9655],[80.1245,6.9747],[80.1669,6.9709],[80.1703,6.9797],[80.217,6.9753],[80.2239,6.9416],[80.2206,6.9359],[80.2083,6.9377],[80.2111,6.9168],[80.1888,6.8985],[80.1796,6.8658],[80.1707,6.8646],[80.1611,6.8734],[80.1483,6.8693],[80.1246,6.8885],[80.1141,6.8822],[80.1124,6.8706],[80.1019,6.8733],[80.0986,6.8615]]]}},{"type":"Feature","properties":{"ds_code":"KT7","ds_division":"Ingiriya","district":"Kalutara","province":"Western"},"geometry":{"type":"Polygon","coordinates":[[[80.145,6.7239],[80.1251,6.7006],[80.1087,6.7044],[80.1099,6.7703],[80.126,6.7742],[80.1159,6.8047],[80.1471,6.8259],[80.1668,6.8166],[80.1755,6.821],[80.193,6.7827],[80.1925,6.7609],[80.2061,6.7322],[80.1878,6.7252],[80.145,6.7239]]]}},{"type":"Feature","properties":{"ds_code":"CO13","ds_division":"Thimbirigasyaya","district":"Colombo","province":"Western"},"geometry":{"type":"Polygon","coordinates":[[[79.8595,6.8626],[79.8463,6.9175],[79.8557,6.9129],[79.867,6.9188],[79.8665,6.9261],[79.878,6.9304],[79.8788,6.9435],[79.89,6.9149],[79.8826,6.9001],[79.8881,6.8734],[79.8655,6.8702],[79.8595,6.8626]]]}},{"type":"Feature","properties":{"ds_code":"KT10","ds_division":"Matugama","district":"Kalutara","province":"Western"},"geometry":{"type":"Polygon","coordinates":[[[80.0263,6.4232],[80.0414,6.4544],[80.0383,6.4672],[80.0263,6.4712],[80.0522,6.4897],[80.0557,6.5061],[80.0504,6.5054],[80.0494,6.5171],[80.0559,6.5086],[80.0529,6.5167],[80.0564,6.5119],[80.0595,6.5154],[80.0557,6.5286],[80.0613,6.5361],[80.0794,6.5412],[80.0775,6.5522],[80.0919,6.5546],[80.0951,6.5669],[80.1023,6.5674],[80.1142,6.5825],[80.1139,6.5436],[80.1232,6.5474],[80.1253,6.5373],[80.1294,6.5406],[80.1356,6.5171],[80.1536,6.5068],[80.1606,6.4898],[80.1513,6.4574],[80.1308,6.4608],[80.1051,6.4454],[80.0961,6.4524],[80.083,6.4444],[80.0867,6.4394],[80.0596,6.4088],[80.0263,6.4232]]]}},{"type":"Feature","properties":{"ds_code":"KT11","ds_division":"Millaniya","district":"Kalutara","province":"Western"},"geometry":{"type":"Polygon","coordinates":[[[80.05,6.5883],[80.0329,6.5974],[80.0258,6.6248],[80.0091,6.6391],[79.9969,6.6405],[79.9867,6.6614],[79.9827,6.6824],[80.0042,6.6914],[80.0095,6.6872],[80.012,6.7085],[80.0235,6.7222],[80.0292,6.7118],[80.0477,6.7183],[80.0553,6.6911],[80.0626,6.6846],[80.0642,6.6716],[80.0551,6.6659],[80.0559,6.6523],[80.0482,6.6454],[80.0535,6.6495],[80.0669,6.6454],[80.0735,6.6246],[80.0617,6.6169],[80.05,6.5883]]]}},{"type":"Feature","properties":{"ds_code":"GP12","ds_division":"Negombo","district":"Gampaha","province":"Western"},"geometry":{"type":"Polygon","coordinates":[[[79.8169,7.2035],[79.8363,7.2158],[79.841,7.2729],[79.8541,7.277],[79.8629,7.2628],[79.8549,7.2537],[79.861,7.2403],[79.8573,7.2375],[79.867,7.2331],[79.8652,7.2253],[79.8519,7.2227],[79.8684,7.1837],[79.8504,7.1794],[79.8622,7.1254],[79.8596,7.1123],[79.8531,7.1065],[79.8426,7.1121],[79.8169,7.2035]]]}},{"type":"Feature","properties":{"ds_code":"CO12","ds_division":"Sri Jayawardanapura Kotte","district":"Colombo","province":"Western"},"geometry":{"type":"Polygon","coordinates":[[[79.8852,6.873],[79.8826,6.9001],[79.8901,6.9147],[79.8862,6.9241],[79.9006,6.9236],[79.8995,6.9142],[79.9218,6.886],[79.9004,6.8801],[79.9132,6.8643],[79.9115,6.8586],[79.8852,6.873]]]}}]}